"customer_id","days_since_last_order","order_count","revenue","recency_score","frequency_score","revenue_score","total_score","customer_label"
28076,37,2,5997,5,5,5,"555",Champion
13118,38,3,5670,5,5,5,"555",Champion
13644,38,3,6864,5,5,5,"555",Champion
13960,38,3,6872,5,5,5,"555",Champion
28030,71,2,5971,5,5,5,"555",Champion
22904,38,2,4760,5,5,5,"555",Champion
16053,38,3,3752,5,5,5,"555",Champion
16559,38,2,4705,5,5,5,"555",Champion
12657,38,4,7384,5,5,5,"555",Champion
12291,71,4,8068,5,5,5,"555",Champion
13784,38,3,7138,5,5,5,"555",Champion
13636,62,3,6832,5,5,5,"555",Champion
16350,38,2,5903,5,5,5,"555",Champion
30118,62,8,278569,5,5,5,"555",Champion
11993,38,3,8131,5,5,5,"555",Champion
16308,38,2,4552,5,5,5,"555",Champion
12330,37,4,7933,5,5,5,"555",Champion
16566,63,3,5806,5,5,5,"555",Champion
16348,38,2,5918,5,5,5,"555",Champion
13971,37,3,6772,5,5,5,"555",Champion
16624,38,2,5938,5,5,5,"555",Champion
13543,37,2,5923,5,5,5,"555",Champion
28246,38,2,5976,5,5,5,"555",Champion
11261,38,3,6651,5,5,5,"555",Champion
14719,38,3,5512,5,5,5,"555",Champion
21974,71,2,4925,5,5,5,"555",Champion
15917,37,2,4679,5,5,5,"555",Champion
28159,37,2,5979,5,5,5,"555",Champion
15621,37,2,5978,5,5,5,"555",Champion
11429,37,6,10468,5,5,5,"555",Champion
12745,37,3,5200,5,5,5,"555",Champion
16560,37,2,4634,5,5,5,"555",Champion
17093,63,3,6918,5,5,5,"555",Champion
29494,62,9,16225,5,5,5,"555",Champion
29642,62,9,122361,5,5,5,"555",Champion
29498,62,8,5179,5,5,5,"555",Champion
29781,62,8,29528,5,5,5,"555",Champion
29815,62,8,86178,5,5,5,"555",Champion
29929,62,8,349342,5,5,5,"555",Champion
30113,62,8,273186,5,5,5,"555",Champion
27667,63,2,5997,5,5,5,"555",Champion
30029,62,8,60762,5,5,5,"555",Champion
29568,62,8,14176,5,5,5,"555",Champion
27542,63,2,4533,5,5,5,"555",Champion
29535,62,8,14042,5,5,5,"555",Champion
29576,62,8,7778,5,5,5,"555",Champion
29740,62,8,64700,5,5,5,"555",Champion
29915,62,9,172228,5,5,5,"555",Champion
13618,63,3,6763,5,5,5,"555",Champion
29809,62,8,94535,5,5,5,"555",Champion
29856,62,8,54634,5,5,5,"555",Champion
29812,62,8,7558,5,5,5,"555",Champion
29622,62,10,231594,5,5,5,"555",Champion
29822,62,8,250219,5,5,5,"555",Champion
29891,62,8,248369,5,5,5,"555",Champion
21957,63,2,4919,5,5,5,"555",Champion
14673,63,3,5118,5,5,5,"555",Champion
30037,62,8,45503,5,5,5,"555",Champion
29975,62,8,45288,5,5,5,"555",Champion
29528,62,8,144110,5,5,5,"555",Champion
29499,62,8,234957,5,5,5,"555",Champion
19311,63,3,4640,5,5,5,"555",Champion
29701,62,8,746318,5,5,5,"555",Champion
29957,62,8,636226,5,5,5,"555",Champion
30050,62,8,559621,5,5,5,"555",Champion
30049,62,8,409288,5,5,5,"555",Champion
29546,62,8,474402,5,5,5,"555",Champion
29873,62,8,40148,5,5,5,"555",Champion
30019,62,8,22155,5,5,5,"555",Champion
29770,62,8,443862,5,5,5,"555",Champion
29559,62,8,443316,5,5,5,"555",Champion
26005,63,2,4624,5,5,5,"555",Champion
29709,62,8,39171,5,5,5,"555",Champion
30053,62,3,5641,5,5,5,"555",Champion
29707,62,8,416703,5,5,5,"555",Champion
29962,62,8,10599,5,5,5,"555",Champion
29956,62,8,293829,5,5,5,"555",Champion
30007,62,8,26778,5,5,5,"555",Champion
29903,62,7,14379,5,5,5,"555",Champion
11420,62,7,11201,5,5,5,"555",Champion
29864,62,7,8400,5,5,5,"555",Champion
29927,62,7,4457,5,5,5,"555",Champion
29676,62,7,12650,5,5,5,"555",Champion
29584,62,7,5777,5,5,5,"555",Champion
29644,62,7,7184,5,5,5,"555",Champion
29951,62,7,99969,5,5,5,"555",Champion
29711,62,6,13428,5,5,5,"555",Champion
29971,62,6,8477,5,5,5,"555",Champion
21969,64,2,4759,5,5,5,"555",Champion
19073,64,2,4760,5,5,5,"555",Champion
29730,62,6,11038,5,5,5,"555",Champion
29492,62,6,140131,5,5,5,"555",Champion
29965,62,3,6678,5,5,5,"555",Champion
30064,62,6,4204,5,5,5,"555",Champion
30008,62,5,11143,5,5,5,"555",Champion
29750,62,5,18031,5,5,5,"555",Champion
29518,62,5,12344,5,5,5,"555",Champion
18019,64,3,5706,5,5,5,"555",Champion
29854,62,4,6408,5,5,5,"555",Champion
30102,62,4,6278,5,5,5,"555",Champion
13122,64,3,6871,5,5,5,"555",Champion
29629,62,4,343350,5,5,5,"555",Champion
22881,73,2,5997,5,5,5,"555",Champion
29736,62,4,321753,5,5,5,"555",Champion
28062,64,2,5962,5,5,5,"555",Champion
29687,62,4,26427,5,5,5,"555",Champion
30034,62,4,24684,5,5,5,"555",Champion
29801,62,4,24342,5,5,5,"555",Champion
27617,64,2,5976,5,5,5,"555",Champion
29796,62,4,282701,5,5,5,"555",Champion
30027,62,4,22523,5,5,5,"555",Champion
30020,62,4,66126,5,5,5,"555",Champion
14847,72,3,6726,5,5,5,"555",Champion
29916,62,4,239853,5,5,5,"555",Champion
15657,64,3,5251,5,5,5,"555",Champion
29488,62,4,221170,5,5,5,"555",Champion
29917,62,4,220497,5,5,5,"555",Champion
29550,62,4,216654,5,5,5,"555",Champion
29843,62,4,215978,5,5,5,"555",Champion
29695,62,4,208803,5,5,5,"555",Champion
29553,62,4,21245,5,5,5,"555",Champion
29508,62,10,9078,5,5,5,"555",Champion
29932,62,4,201889,5,5,5,"555",Champion
29557,62,4,197801,5,5,5,"555",Champion
29738,62,4,185860,5,5,5,"555",Champion
29804,62,4,18055,5,5,5,"555",Champion
29563,62,4,184837,5,5,5,"555",Champion
29660,62,4,182025,5,5,5,"555",Champion
29527,62,4,18002,5,5,5,"555",Champion
30069,62,4,4636,5,5,5,"555",Champion
29625,62,4,169212,5,5,5,"555",Champion
14843,65,3,6691,5,5,5,"555",Champion
30071,62,4,161109,5,5,5,"555",Champion
29972,62,4,61620,5,5,5,"555",Champion
29572,62,4,17433,5,5,5,"555",Champion
29720,62,4,147888,5,5,5,"555",Champion
21950,65,2,4901,5,5,5,"555",Champion
29645,62,4,147422,5,5,5,"555",Champion
29628,62,4,145380,5,5,5,"555",Champion
29964,62,4,141942,5,5,5,"555",Champion
29842,62,10,138868,5,5,5,"555",Champion
29552,62,4,132144,5,5,5,"555",Champion
14941,65,3,6866,5,5,5,"555",Champion
29514,62,4,7301,5,5,5,"555",Champion
22194,65,2,4634,5,5,5,"555",Champion
29652,62,4,10749,5,5,5,"555",Champion
29551,62,4,126693,5,5,5,"555",Champion
13139,70,3,6854,5,5,5,"555",Champion
30031,62,4,10355,5,5,5,"555",Champion
29939,62,4,10044,5,5,5,"555",Champion
13380,73,2,4820,5,5,5,"555",Champion
21966,65,2,4660,5,5,5,"555",Champion
29922,62,4,117491,5,5,5,"555",Champion
30082,62,4,117328,5,5,5,"555",Champion
29806,62,4,9530,5,5,5,"555",Champion
29931,62,4,115533,5,5,5,"555",Champion
29529,62,4,9413,5,5,5,"555",Champion
30092,62,4,115086,5,5,5,"555",Champion
29485,62,4,112889,5,5,5,"555",Champion
29534,62,4,112652,5,5,5,"555",Champion
29841,62,4,112448,5,5,5,"555",Champion
29501,62,4,8799,5,5,5,"555",Champion
29982,62,11,31752,5,5,5,"555",Champion
29887,62,4,8583,5,5,5,"555",Champion
17651,66,3,4180,5,5,5,"555",Champion
29487,62,11,67941,5,5,5,"555",Champion
17103,66,3,6935,5,5,5,"555",Champion
11912,69,3,8095,5,5,5,"555",Champion
11918,66,3,8205,5,5,5,"555",Champion
21949,66,2,4660,5,5,5,"555",Champion
29960,62,4,4258,5,5,5,"555",Champion
29762,62,4,29519,5,5,5,"555",Champion
29878,62,4,29218,5,5,5,"555",Champion
30097,62,4,106761,5,5,5,"555",Champion
29823,62,4,105590,5,5,5,"555",Champion
29531,62,11,100495,5,5,5,"555",Champion
13769,69,3,5086,5,5,5,"555",Champion
29821,62,4,105521,5,5,5,"555",Champion
13104,66,3,6894,5,5,5,"555",Champion
30087,62,4,102230,5,5,5,"555",Champion
29877,62,4,58775,5,5,5,"555",Champion
22889,66,2,5971,5,5,5,"555",Champion
29496,62,4,95228,5,5,5,"555",Champion
16551,66,2,5033,5,5,5,"555",Champion
29653,62,4,54332,5,5,5,"555",Champion
13226,66,2,4564,5,5,5,"555",Champion
30033,62,4,4481,5,5,5,"555",Champion
22976,66,2,5971,5,5,5,"555",Champion
13619,69,3,6808,5,5,5,"555",Champion
29669,62,11,37289,5,5,5,"555",Champion
29799,62,4,43699,5,5,5,"555",Champion
30089,62,4,5227,5,5,5,"555",Champion
29512,62,4,7338,5,5,5,"555",Champion
29651,62,12,392785,5,5,5,"555",Champion
29760,62,3,4631,5,5,5,"555",Champion
29948,62,3,9969,5,5,5,"555",Champion
15083,62,2,5888,5,5,5,"555",Champion
29950,62,12,397553,5,5,5,"555",Champion
18126,69,3,6946,5,5,5,"555",Champion
29592,62,12,107592,5,5,5,"555",Champion
11237,66,4,10566,5,5,5,"555",Champion
13729,61,2,4884,5,5,5,"555",Champion
22198,61,2,4662,5,5,5,"555",Champion
16287,61,2,4539,5,5,5,"555",Champion
16046,61,3,3963,5,5,5,"555",Champion
15051,61,3,6651,5,5,5,"555",Champion
29639,62,12,787773,5,5,5,"555",Champion
22906,61,2,4625,5,5,5,"555",Champion
19364,60,3,4313,5,5,5,"555",Champion
28066,67,2,5997,5,5,5,"555",Champion
13119,67,3,6829,5,5,5,"555",Champion
15876,60,2,4789,5,5,5,"555",Champion
13974,60,3,5238,5,5,5,"555",Champion
16352,60,2,5948,5,5,5,"555",Champion
12133,60,4,5831,5,5,5,"555",Champion
14346,60,3,3583,5,5,5,"555",Champion
15056,60,3,6749,5,5,5,"555",Champion
11368,60,3,5106,5,5,5,"555",Champion
15048,60,3,6691,5,5,5,"555",Champion
13246,69,2,4813,5,5,5,"555",Champion
29810,62,12,109764,5,5,5,"555",Champion
28665,67,2,4853,5,5,5,"555",Champion
17766,67,3,4120,5,5,5,"555",Champion
28191,59,2,5997,5,5,5,"555",Champion
18127,72,3,6982,5,5,5,"555",Champion
18005,72,3,5805,5,5,5,"555",Champion
19439,59,3,4350,5,5,5,"555",Champion
19438,59,3,4338,5,5,5,"555",Champion
18463,59,2,4726,5,5,5,"555",Champion
22851,59,2,4633,5,5,5,"555",Champion
21958,69,2,4696,5,5,5,"555",Champion
13643,59,3,6799,5,5,5,"555",Champion
12834,59,2,5898,5,5,5,"555",Champion
13630,59,3,6825,5,5,5,"555",Champion
16286,59,3,6921,5,5,5,"555",Champion
13255,59,4,7393,5,5,5,"555",Champion
16540,69,2,4696,5,5,5,"555",Champion
12804,68,2,5948,5,5,5,"555",Champion
29897,62,12,38782,5,5,5,"555",Champion
29678,62,8,25243,5,5,5,"555",Champion
28038,70,2,5985,5,5,5,"555",Champion
11609,68,3,6872,5,5,5,"555",Champion
29577,62,12,65140,5,5,5,"555",Champion
18158,58,3,6870,5,5,5,"555",Champion
13103,68,3,6843,5,5,5,"555",Champion
15661,58,3,5208,5,5,5,"555",Champion
15129,58,3,5178,5,5,5,"555",Champion
17811,58,3,6990,5,5,5,"555",Champion
22195,58,2,4910,5,5,5,"555",Champion
16351,58,2,5873,5,5,5,"555",Champion
13514,58,2,5973,5,5,5,"555",Champion
29959,62,8,6288,5,5,5,"555",Champion
13542,58,2,5943,5,5,5,"555",Champion
13126,68,3,6815,5,5,5,"555",Champion
13357,68,2,4544,5,5,5,"555",Champion
13114,68,3,6807,5,5,5,"555",Champion
11224,58,3,6686,5,5,5,"555",Champion
13131,68,3,6737,5,5,5,"555",Champion
22929,58,2,4674,5,5,5,"555",Champion
13958,58,3,6839,5,5,5,"555",Champion
16620,58,2,5895,5,5,5,"555",Champion
13564,57,2,5932,5,5,5,"555",Champion
21955,69,2,4901,5,5,5,"555",Champion
29690,62,12,415311,5,5,5,"555",Champion
11359,57,3,4960,5,5,5,"555",Champion
14163,57,3,6567,5,5,5,"555",Champion
17207,69,3,6980,5,5,5,"555",Champion
12128,57,4,8681,5,5,5,"555",Champion
17926,69,2,4716,5,5,5,"555",Champion
29574,62,8,18401,5,5,5,"555",Champion
21968,69,2,4723,5,5,5,"555",Champion
22197,57,2,4741,5,5,5,"555",Champion
18332,69,2,4753,5,5,5,"555",Champion
29637,62,12,361999,5,5,5,"555",Champion
17218,69,3,6908,5,5,5,"555",Champion
29714,62,12,384394,5,5,5,"555",Champion
15058,57,3,6640,5,5,5,"555",Champion
20034,69,2,5770,5,5,5,"555",Champion
28155,57,2,5962,5,5,5,"555",Champion
11242,57,7,11068,5,5,5,"555",Champion
15905,57,2,4899,5,5,5,"555",Champion
13538,57,2,5908,5,5,5,"555",Champion
22196,57,2,4633,5,5,5,"555",Champion
14949,57,3,6796,5,5,5,"555",Champion
22203,57,2,4625,5,5,5,"555",Champion
29834,62,12,424513,5,5,5,"555",Champion
15127,57,3,5183,5,5,5,"555",Champion
14713,57,3,6462,5,5,5,"555",Champion
13513,57,2,5918,5,5,5,"555",Champion
16616,56,2,5916,5,5,5,"555",Champion
28257,56,2,5976,5,5,5,"555",Champion
24309,56,2,4793,5,5,5,"555",Champion
15916,56,2,4793,5,5,5,"555",Champion
13462,56,2,4558,5,5,5,"555",Champion
13733,56,2,4554,5,5,5,"555",Champion
16000,56,2,4814,5,5,5,"555",Champion
24332,56,2,4816,5,5,5,"555",Champion
13401,70,2,4798,5,5,5,"555",Champion
13110,56,3,5584,5,5,5,"555",Champion
14039,56,3,6808,5,5,5,"555",Champion
13693,56,3,7172,5,5,5,"555",Champion
13666,56,2,5901,5,5,5,"555",Champion
18136,70,3,6905,5,5,5,"555",Champion
13646,56,3,6844,5,5,5,"555",Champion
18173,56,3,7189,5,5,5,"555",Champion
16630,56,2,5973,5,5,5,"555",Champion
22913,56,2,4684,5,5,5,"555",Champion
12308,72,5,13269,5,5,5,"555",Champion
14164,56,3,6485,5,5,5,"555",Champion
11612,73,3,6795,5,5,5,"555",Champion
22908,55,2,4662,5,5,5,"555",Champion
28297,55,2,5971,5,5,5,"555",Champion
13111,55,3,5707,5,5,5,"555",Champion
15130,55,3,5215,5,5,5,"555",Champion
22857,55,2,4887,5,5,5,"555",Champion
11050,72,3,5007,5,5,5,"555",Champion
19420,55,3,4315,5,5,5,"555",Champion
16657,55,2,5901,5,5,5,"555",Champion
13257,55,4,8941,5,5,5,"555",Champion
14012,55,3,5250,5,5,5,"555",Champion
29685,62,12,120347,5,5,5,"555",Champion
11047,72,3,6582,5,5,5,"555",Champion
15567,54,2,4720,5,5,5,"555",Champion
18461,54,2,4748,5,5,5,"555",Champion
18457,54,2,4826,5,5,5,"555",Champion
15566,54,2,4912,5,5,5,"555",Champion
14774,54,3,6435,5,5,5,"555",Champion
29702,62,12,395867,5,5,5,"555",Champion
16607,54,2,5898,5,5,5,"555",Champion
15620,54,2,5960,5,5,5,"555",Champion
28154,54,2,5971,5,5,5,"555",Champion
13107,70,3,5651,5,5,5,"555",Champion
28156,54,2,5997,5,5,5,"555",Champion
14262,54,3,5653,5,5,5,"555",Champion
12222,54,3,6909,5,5,5,"555",Champion
17778,53,3,4176,5,5,5,"555",Champion
15889,53,2,4848,5,5,5,"555",Champion
19340,53,3,4314,5,5,5,"555",Champion
12321,70,5,13216,5,5,5,"555",Champion
13629,72,3,6889,5,5,5,"555",Champion
13638,53,3,6832,5,5,5,"555",Champion
14048,53,3,5124,5,5,5,"555",Champion
13134,53,3,5649,5,5,5,"555",Champion
16623,53,2,5973,5,5,5,"555",Champion
13129,72,3,6823,5,5,5,"555",Champion
11090,70,3,6704,5,5,5,"555",Champion
17780,52,3,4113,5,5,5,"555",Champion
13607,52,3,6465,5,5,5,"555",Champion
28070,52,2,5997,5,5,5,"555",Champion
13572,52,2,5945,5,5,5,"555",Champion
16661,52,2,5908,5,5,5,"555",Champion
13973,52,3,5186,5,5,5,"555",Champion
14716,52,3,5300,5,5,5,"555",Champion
14991,52,3,6707,5,5,5,"555",Champion
22199,52,2,4694,5,5,5,"555",Champion
16637,52,2,5901,5,5,5,"555",Champion
17834,52,3,4159,5,5,5,"555",Champion
15095,52,3,7256,5,5,5,"555",Champion
18177,52,3,7044,5,5,5,"555",Champion
16659,52,2,5873,5,5,5,"555",Champion
19476,52,3,4346,5,5,5,"555",Champion
22201,52,2,5012,5,5,5,"555",Champion
13109,52,3,5683,5,5,5,"555",Champion
20716,51,3,3911,5,5,5,"555",Champion
13959,51,3,6858,5,5,5,"555",Champion
29803,62,12,94372,5,5,5,"555",Champion
13970,51,3,6843,5,5,5,"555",Champion
14020,51,3,6832,5,5,5,"555",Champion
14031,51,3,6964,5,5,5,"555",Champion
16629,51,2,5933,5,5,5,"555",Champion
16636,51,2,5933,5,5,5,"555",Champion
28071,51,2,5971,5,5,5,"555",Champion
11263,51,3,6754,5,5,5,"555",Champion
11995,51,3,8249,5,5,5,"555",Champion
19855,70,2,5710,5,5,5,"555",Champion
14030,51,3,6905,5,5,5,"555",Champion
11001,51,3,6384,5,5,5,"555",Champion
23114,51,2,5996,5,5,5,"555",Champion
21994,70,2,4660,5,5,5,"555",Champion
19031,50,3,7226,5,5,5,"555",Champion
13633,50,3,6803,5,5,5,"555",Champion
24342,50,2,4828,5,5,5,"555",Champion
15850,50,2,4813,5,5,5,"555",Champion
11992,50,3,8123,5,5,5,"555",Champion
15662,50,3,5253,5,5,5,"555",Champion
18166,50,3,7200,5,5,5,"555",Champion
12298,50,4,8053,5,5,5,"555",Champion
11245,50,4,10580,5,5,5,"555",Champion
11920,50,3,8156,5,5,5,"555",Champion
14263,50,3,5648,5,5,5,"555",Champion
28264,50,2,5997,5,5,5,"555",Champion
13546,49,2,5918,5,5,5,"555",Champion
17986,70,3,5791,5,5,5,"555",Champion
13545,49,2,5908,5,5,5,"555",Champion
16660,49,2,5898,5,5,5,"555",Champion
15089,49,2,5895,5,5,5,"555",Champion
28296,49,2,5997,5,5,5,"555",Champion
13794,49,3,7212,5,5,5,"555",Champion
13112,49,3,5718,5,5,5,"555",Champion
11549,49,3,7024,5,5,5,"555",Champion
18462,49,2,4753,5,5,5,"555",Champion
15923,49,3,6593,5,5,5,"555",Champion
14171,49,3,6616,5,5,5,"555",Champion
29722,62,12,841909,5,5,5,"555",Champion
16262,48,3,6950,5,5,5,"555",Champion
18458,48,2,4734,5,5,5,"555",Champion
18160,48,3,6915,5,5,5,"555",Champion
19032,48,3,6939,5,5,5,"555",Champion
15121,48,3,5203,5,5,5,"555",Champion
11943,48,3,4734,5,5,5,"555",Champion
27621,71,2,5971,5,5,5,"555",Champion
15653,73,3,5204,5,5,5,"555",Champion
13767,48,2,5910,5,5,5,"555",Champion
17825,48,3,7016,5,5,5,"555",Champion
29938,62,12,372147,5,5,5,"555",Champion
11372,47,3,4966,5,5,5,"555",Champion
15122,47,3,5194,5,5,5,"555",Champion
15453,47,3,6651,5,5,5,"555",Champion
19453,47,3,4268,5,5,5,"555",Champion
29966,62,12,537528,5,5,5,"555",Champion
11257,47,3,6677,5,5,5,"555",Champion
27646,71,2,5997,5,5,5,"555",Champion
16638,47,2,5974,5,5,5,"555",Champion
16658,47,2,5873,5,5,5,"555",Champion
13108,47,3,5719,5,5,5,"555",Champion
28268,47,2,5997,5,5,5,"555",Champion
12866,47,2,5883,5,5,5,"555",Champion
13258,47,4,8887,5,5,5,"555",Champion
13955,46,3,6888,5,5,5,"555",Champion
13160,71,3,6839,5,5,5,"555",Champion
22200,46,2,4660,5,5,5,"555",Champion
13730,46,2,4571,5,5,5,"555",Champion
12011,46,3,4736,5,5,5,"555",Champion
11417,46,7,11248,5,5,5,"555",Champion
28247,46,2,5962,5,5,5,"555",Champion
14033,46,3,6810,5,5,5,"555",Champion
17767,46,3,4102,5,5,5,"555",Champion
13649,46,3,6812,5,5,5,"555",Champion
15669,46,2,5898,5,5,5,"555",Champion
15846,46,2,4943,5,5,5,"555",Champion
13645,45,3,6817,5,5,5,"555",Champion
16494,45,2,5961,5,5,5,"555",Champion
11930,45,3,5036,5,5,5,"555",Champion
18141,45,3,6973,5,5,5,"555",Champion
26093,71,2,4658,5,5,5,"555",Champion
13552,45,2,5923,5,5,5,"555",Champion
16572,45,2,4887,5,5,5,"555",Champion
12301,71,5,13295,5,5,5,"555",Champion
28666,44,2,4822,5,5,5,"555",Champion
14345,44,3,3640,5,5,5,"555",Champion
12239,44,3,6901,5,5,5,"555",Champion
12214,44,3,6804,5,5,5,"555",Champion
13964,44,3,6806,5,5,5,"555",Champion
18464,44,2,4699,5,5,5,"555",Champion
14038,44,3,6819,5,5,5,"555",Champion
15046,44,2,5943,5,5,5,"555",Champion
13570,33,2,5948,5,5,5,"555",Champion
29721,62,12,40221,5,5,5,"555",Champion
13765,33,3,7152,5,5,5,"555",Champion
13632,44,3,6838,5,5,5,"555",Champion
12123,71,4,5838,5,5,5,"555",Champion
29715,62,12,853849,5,5,5,"555",Champion
14055,33,3,5177,5,5,5,"555",Champion
12216,44,3,6955,5,5,5,"555",Champion
13967,33,3,5722,5,5,5,"555",Champion
18766,44,2,4753,5,5,5,"555",Champion
22202,33,2,4672,5,5,5,"555",Champion
14984,33,3,6700,5,5,5,"555",Champion
20051,33,3,4464,5,5,5,"555",Champion
14950,44,3,6710,5,5,5,"555",Champion
11929,44,3,4966,5,5,5,"555",Champion
15619,43,2,5908,5,5,5,"555",Champion
16045,43,3,3802,5,5,5,"555",Champion
28196,43,2,5985,5,5,5,"555",Champion
11363,43,3,5036,5,5,5,"555",Champion
29486,62,12,519411,5,5,5,"555",Champion
12314,33,4,7998,5,5,5,"555",Champion
13650,33,3,6768,5,5,5,"555",Champion
13504,43,2,5923,5,5,5,"555",Champion
22850,43,2,4658,5,5,5,"555",Champion
12841,43,2,5933,5,5,5,"555",Champion
13580,34,4,7286,5,5,5,"555",Champion
29696,62,8,86197,5,5,5,"555",Champion
13975,43,3,5139,5,5,5,"555",Champion
15134,62,3,5152,5,5,5,"555",Champion
11947,34,3,4747,5,5,5,"555",Champion
11252,43,3,6686,5,5,5,"555",Champion
22207,34,2,4922,5,5,5,"555",Champion
16656,43,2,5930,5,5,5,"555",Champion
22930,34,2,4901,5,5,5,"555",Champion
18168,43,3,6908,5,5,5,"555",Champion
24310,34,2,4829,5,5,5,"555",Champion
12263,34,3,6829,5,5,5,"555",Champion
16054,43,3,3759,5,5,5,"555",Champion
28285,43,2,5997,5,5,5,"555",Champion
13515,34,2,5948,5,5,5,"555",Champion
16349,43,2,5898,5,5,5,"555",Champion
14032,43,3,6859,5,5,5,"555",Champion
22854,43,2,4660,5,5,5,"555",Champion
15088,34,2,5896,5,5,5,"555",Champion
18465,43,2,4753,5,5,5,"555",Champion
12762,34,2,5933,5,5,5,"555",Champion
16612,34,2,5898,5,5,5,"555",Champion
13777,34,3,7147,5,5,5,"555",Champion
13548,34,2,5908,5,5,5,"555",Champion
13606,34,4,7196,5,5,5,"555",Champion
12830,34,2,5916,5,5,5,"555",Champion
15087,34,2,5917,5,5,5,"555",Champion
15997,42,2,4746,5,5,5,"555",Champion
12808,34,3,5111,5,5,5,"555",Champion
16548,71,2,4625,5,5,5,"555",Champion
14714,34,3,5386,5,5,5,"555",Champion
16033,34,3,3743,5,5,5,"555",Champion
30043,62,8,320222,5,5,5,"555",Champion
16639,42,2,5908,5,5,5,"555",Champion
14162,42,3,6474,5,5,5,"555",Champion
15047,42,3,6670,5,5,5,"555",Champion
15077,42,3,6674,5,5,5,"555",Champion
11942,42,3,4792,5,5,5,"555",Champion
13953,42,3,6841,5,5,5,"555",Champion
12302,35,4,8092,5,5,5,"555",Champion
18147,42,3,6931,5,5,5,"555",Champion
17779,42,3,4250,5,5,5,"555",Champion
11991,42,3,8128,5,5,5,"555",Champion
13728,35,2,4880,5,5,5,"555",Champion
15062,41,3,6685,5,5,5,"555",Champion
11246,41,4,10575,5,5,5,"555",Champion
13130,72,3,6797,5,5,5,"555",Champion
11259,41,3,6771,5,5,5,"555",Champion
30105,62,8,173228,5,5,5,"555",Champion
11944,41,3,4776,5,5,5,"555",Champion
15059,41,3,6794,5,5,5,"555",Champion
22845,35,2,4634,5,5,5,"555",Champion
13384,71,2,4574,5,5,5,"555",Champion
15687,35,3,6974,5,5,5,"555",Champion
13965,41,3,6872,5,5,5,"555",Champion
13725,41,2,4533,5,5,5,"555",Champion
14049,41,3,5291,5,5,5,"555",Champion
15081,41,2,5901,5,5,5,"555",Champion
16940,35,2,5007,5,5,5,"555",Champion
11364,35,3,4922,5,5,5,"555",Champion
19454,35,3,4364,5,5,5,"555",Champion
13651,41,3,6812,5,5,5,"555",Champion
30046,62,8,418437,5,5,5,"555",Champion
13713,41,2,4828,5,5,5,"555",Champion
11425,40,6,10529,5,5,5,"555",Champion
13966,35,3,6842,5,5,5,"555",Champion
13631,40,3,6817,5,5,5,"555",Champion
13647,40,3,6793,5,5,5,"555",Champion
13957,40,3,5645,5,5,5,"555",Champion
15906,35,2,4761,5,5,5,"555",Champion
19365,40,3,4322,5,5,5,"555",Champion
29579,62,8,284306,5,5,5,"555",Champion
12129,36,4,8557,5,5,5,"555",Champion
13565,40,2,4776,5,5,5,"555",Champion
12423,73,2,5908,5,5,5,"555",Champion
12215,40,3,6891,5,5,5,"555",Champion
28234,40,2,5976,5,5,5,"555",Champion
13536,40,2,5973,5,5,5,"555",Champion
11919,40,3,8172,5,5,5,"555",Champion
28273,39,2,5962,5,5,5,"555",Champion
16631,39,2,5901,5,5,5,"555",Champion
11365,39,3,5025,5,5,5,"555",Champion
29635,62,8,23811,5,5,5,"555",Champion
22860,36,2,4664,5,5,5,"555",Champion
22912,36,2,4660,5,5,5,"555",Champion
29775,62,8,7861,5,5,5,"555",Champion
22905,36,2,4625,5,5,5,"555",Champion
13997,36,2,4586,5,5,5,"555",Champion
13648,39,3,6765,5,5,5,"555",Champion
13537,39,2,5910,5,5,5,"555",Champion
11432,36,6,9330,5,5,5,"555",Champion
13637,39,3,6777,5,5,5,"555",Champion
13968,39,3,5182,5,5,5,"555",Champion
16496,36,2,5960,5,5,5,"555",Champion
28083,36,2,5962,5,5,5,"555",Champion
13792,39,3,7216,5,5,5,"555",Champion
12849,39,2,5888,5,5,5,"555",Champion
15668,39,2,5913,5,5,5,"555",Champion
15133,36,3,5238,5,5,5,"555",Champion
11946,39,3,4697,5,5,5,"555",Champion
11048,36,3,6498,5,5,5,"555",Champion
15078,36,3,6676,5,5,5,"555",Champion
15440,36,3,6737,5,5,5,"555",Champion
16347,39,2,5919,5,5,5,"555",Champion
14045,36,3,6804,5,5,5,"555",Champion
15660,36,3,5169,5,5,5,"555",Champion
13256,36,4,7495,5,5,5,"555",Champion
22921,37,2,4648,5,5,5,"555",Champion
11360,39,3,5026,5,5,5,"555",Champion
28158,37,2,5997,5,5,5,"555",Champion
13567,39,2,5936,5,5,5,"555",Champion
27472,61,2,1346,5,5,4,"554",Loyal
15409,71,2,1567,5,5,4,"554",Loyal
15502,34,2,1587,5,5,4,"554",Loyal
15529,61,2,1587,5,5,4,"554",Loyal
29741,62,3,1424,5,5,4,"554",Loyal
19322,52,2,1565,5,5,4,"554",Loyal
26761,70,2,1938,5,5,4,"554",Loyal
15410,64,2,1620,5,5,4,"554",Loyal
26923,45,2,1323,5,5,4,"554",Loyal
19308,48,2,1549,5,5,4,"554",Loyal
29840,62,3,1692,5,5,4,"554",Loyal
15343,66,2,1552,5,5,4,"554",Loyal
29612,62,3,2158,5,5,4,"554",Loyal
29838,62,7,3555,5,5,4,"554",Loyal
30006,62,3,2166,5,5,4,"554",Loyal
25941,66,2,1255,5,5,4,"554",Loyal
29839,62,4,3192,5,5,4,"554",Loyal
26160,71,2,1938,5,5,4,"554",Loyal
29537,62,3,3010,5,5,4,"554",Loyal
26588,50,2,1938,5,5,4,"554",Loyal
15532,44,2,1590,5,5,4,"554",Loyal
27490,46,2,1332,5,5,4,"554",Loyal
19290,64,2,1605,5,5,4,"554",Loyal
21055,53,2,1567,5,5,4,"554",Loyal
15422,54,2,1634,5,5,4,"554",Loyal
29847,62,6,2804,5,5,4,"554",Loyal
27485,62,2,1355,5,5,4,"554",Loyal
29638,62,4,2677,5,5,4,"554",Loyal
27487,46,2,1323,5,5,4,"554",Loyal
29700,62,4,2850,5,5,4,"554",Loyal
15537,40,2,1631,5,5,4,"554",Loyal
26754,71,2,1938,5,5,4,"554",Loyal
21006,72,2,1938,5,5,4,"554",Loyal
15341,64,2,1622,5,5,4,"554",Loyal
27493,50,2,1353,5,5,4,"554",Loyal
26917,39,2,1339,5,5,4,"554",Loyal
19474,54,2,1590,5,5,4,"554",Loyal
30066,62,4,1847,5,5,4,"554",Loyal
26919,48,2,1351,5,5,4,"554",Loyal
26445,66,2,1938,5,5,4,"554",Loyal
11185,4,27,1616,5,5,4,"554",Loyal
15547,36,2,1587,5,5,4,"554",Loyal
30038,62,4,2983,5,5,4,"554",Loyal
15288,64,2,1574,5,5,4,"554",Loyal
27488,46,2,1323,5,5,4,"554",Loyal
19442,65,2,1602,5,5,4,"554",Loyal
15525,52,2,1560,5,5,4,"554",Loyal
25715,65,2,1274,5,5,4,"554",Loyal
15467,34,2,1631,5,5,4,"554",Loyal
26587,41,2,1920,5,5,4,"554",Loyal
27489,37,2,1383,5,5,4,"554",Loyal
15466,55,2,1587,5,5,4,"554",Loyal
25708,65,2,1253,5,5,4,"554",Loyal
25711,64,2,1274,5,5,4,"554",Loyal
27484,50,2,1323,5,5,4,"554",Loyal
25714,64,2,1308,5,5,4,"554",Loyal
15497,37,2,1622,5,5,4,"554",Loyal
26569,49,2,1938,5,5,4,"554",Loyal
29881,62,4,2225,5,5,4,"554",Loyal
26585,43,2,1903,5,5,4,"554",Loyal
29603,62,4,2612,5,5,4,"554",Loyal
29943,62,3,2931,5,5,4,"554",Loyal
29735,62,4,1718,5,5,4,"554",Loyal
21065,49,2,1549,5,5,4,"554",Loyal
19446,49,2,1560,5,5,4,"554",Loyal
15427,49,2,1574,5,5,4,"554",Loyal
14025,56,2,1586,5,5,4,"554",Loyal
25936,65,2,1248,5,5,4,"554",Loyal
19305,49,2,1622,5,5,4,"554",Loyal
15428,52,2,1631,5,5,4,"554",Loyal
27471,35,2,1386,5,5,4,"554",Loyal
15474,49,2,1676,5,5,4,"554",Loyal
11331,6,27,1329,5,5,4,"554",Loyal
25705,65,2,1274,5,5,4,"554",Loyal
27486,54,2,1372,5,5,4,"554",Loyal
15489,58,2,1685,5,5,4,"554",Loyal
26547,58,2,1408,5,5,4,"554",Loyal
26921,52,2,1337,5,5,4,"554",Loyal
26916,33,2,1323,5,5,4,"554",Loyal
26920,43,2,1337,5,5,4,"554",Loyal
26924,40,2,1351,5,5,4,"554",Loyal
19337,46,2,1575,5,5,4,"554",Loyal
14888,55,2,1898,5,5,4,"554",Loyal
26549,56,2,1361,5,5,4,"554",Loyal
26922,58,2,1323,5,5,4,"554",Loyal
11277,14,27,1435,5,5,4,"554",Loyal
25710,63,2,1239,5,5,4,"554",Loyal
25935,63,2,1256,5,5,4,"554",Loyal
15531,42,2,1622,5,5,4,"554",Loyal
26918,52,2,1400,5,5,4,"554",Loyal
15527,44,2,1622,5,5,4,"554",Loyal
11200,10,27,1463,5,5,4,"554",Loyal
19452,41,2,1611,5,5,4,"554",Loyal
27483,46,2,1382,5,5,4,"554",Loyal
15520,45,2,1612,5,5,4,"554",Loyal
27470,46,2,1372,5,5,4,"554",Loyal
15506,56,2,1552,5,5,4,"554",Loyal
27469,37,2,1332,5,5,4,"554",Loyal
15538,42,2,1595,5,5,4,"554",Loyal
26561,46,2,1337,5,5,4,"554",Loyal
14023,41,2,1575,5,5,4,"554",Loyal
15503,53,2,1622,5,5,4,"554",Loyal
25919,63,2,1248,5,5,4,"554",Loyal
15523,35,2,1631,5,5,4,"554",Loyal
25712,63,2,1262,5,5,4,"554",Loyal
11176,3,28,1320,5,5,4,"554",Loyal
15471,59,2,1622,5,5,4,"554",Loyal
11300,30,27,1501,5,5,4,"554",Loyal
19447,59,2,1587,5,5,4,"554",Loyal
25709,70,2,1308,5,5,4,"554",Loyal
26652,45,2,1938,5,5,4,"554",Loyal
14026,52,2,1590,5,5,4,"554",Loyal
26548,42,2,1323,5,5,4,"554",Loyal
26560,60,2,1396,5,5,4,"554",Loyal
15337,67,2,1622,5,5,4,"554",Loyal
26653,60,2,1938,5,5,4,"554",Loyal
15472,45,2,1560,5,5,4,"554",Loyal
15433,60,2,1622,5,5,4,"554",Loyal
26571,55,2,1938,5,5,4,"554",Loyal
17949,63,3,2606,5,5,4,"554",Loyal
26447,35,2,1938,5,5,4,"554",Loyal
19301,45,2,1590,5,5,4,"554",Loyal
27492,60,2,1345,5,5,4,"554",Loyal
21037,57,3,2438,5,5,4,"554",Loyal
15528,61,2,1676,5,5,4,"554",Loyal
19302,52,2,1577,5,5,4,"554",Loyal
15432,57,2,1587,5,5,4,"554",Loyal
20930,67,3,2364,5,5,4,"554",Loyal
27473,33,2,1398,5,5,4,"554",Loyal
15473,61,2,1552,5,5,4,"554",Loyal
15475,34,2,1587,5,5,4,"554",Loyal
25940,69,2,1278,5,5,4,"554",Loyal
15847,10,3,240,5,5,3,"553",Loyal
12530,53,4,338,5,5,3,"553",Loyal
14079,4,4,224,5,5,3,"553",Loyal
11498,21,16,562,5,5,3,"553",Loyal
13624,22,3,119,5,5,3,"553",Loyal
11868,44,5,247,5,5,3,"553",Loyal
12352,72,3,274,5,5,3,"553",Loyal
12054,44,5,403,5,5,3,"553",Loyal
13175,3,4,287,5,5,3,"553",Loyal
11091,22,28,1189,5,5,3,"553",Loyal
12532,37,4,236,5,5,3,"553",Loyal
11330,8,27,1136,5,5,3,"553",Loyal
12431,22,4,225,5,5,3,"553",Loyal
14504,8,3,162,5,5,3,"553",Loyal
13096,22,4,231,5,5,3,"553",Loyal
11262,8,27,1127,5,5,3,"553",Loyal
14725,52,3,319,5,5,3,"553",Loyal
11211,23,17,794,5,5,3,"553",Loyal
14632,23,3,157,5,5,3,"553",Loyal
14626,38,3,197,5,5,3,"553",Loyal
15856,23,3,153,5,5,3,"553",Loyal
11566,23,25,1007,5,5,3,"553",Loyal
11505,37,16,847,5,5,3,"553",Loyal
13634,37,3,235,5,5,3,"553",Loyal
11827,52,5,512,5,5,3,"553",Loyal
14096,10,5,234,5,5,3,"553",Loyal
11102,52,3,103,5,5,3,"553",Loyal
13350,2,3,132,5,5,3,"553",Loyal
15157,63,3,214,5,5,3,"553",Loyal
11711,4,27,1104,5,5,3,"553",Loyal
11510,35,5,258,5,5,3,"553",Loyal
13267,24,4,125,5,5,3,"553",Loyal
11845,52,4,197,5,5,3,"553",Loyal
11642,6,5,482,5,5,3,"553",Loyal
11659,24,5,235,5,5,3,"553",Loyal
11212,13,17,827,5,5,3,"553",Loyal
13623,43,3,99,5,5,3,"553",Loyal
12159,15,4,259,5,5,3,"553",Loyal
11223,24,27,1205,5,5,3,"553",Loyal
19217,63,3,185,5,5,3,"553",Loyal
16497,51,4,133,5,5,3,"553",Loyal
12679,63,3,188,5,5,3,"553",Loyal
15974,71,3,208,5,5,3,"553",Loyal
11506,8,16,749,5,5,3,"553",Loyal
18322,41,3,149,5,5,3,"553",Loyal
11507,10,16,653,5,5,3,"553",Loyal
13944,24,4,160,5,5,3,"553",Loyal
13751,34,3,225,5,5,3,"553",Loyal
16721,8,3,181,5,5,3,"553",Loyal
11501,8,16,872,5,5,3,"553",Loyal
13762,25,4,229,5,5,3,"553",Loyal
15760,12,4,147,5,5,3,"553",Loyal
11833,63,5,240,5,5,3,"553",Loyal
17371,51,3,152,5,5,3,"553",Loyal
29933,62,3,560,5,5,3,"553",Loyal
11118,4,3,124,5,5,3,"553",Loyal
13701,12,4,170,5,5,3,"553",Loyal
12203,25,4,200,5,5,3,"553",Loyal
11203,50,17,802,5,5,3,"553",Loyal
16948,25,3,248,5,5,3,"553",Loyal
14244,41,3,155,5,5,3,"553",Loyal
14265,25,5,215,5,5,3,"553",Loyal
14056,12,3,128,5,5,3,"553",Loyal
13155,35,3,227,5,5,3,"553",Loyal
15251,2,4,200,5,5,3,"553",Loyal
13669,12,3,130,5,5,3,"553",Loyal
18759,2,3,302,5,5,3,"553",Loyal
30072,62,3,340,5,5,3,"553",Loyal
12690,9,3,198,5,5,3,"553",Loyal
11698,16,5,256,5,5,3,"553",Loyal
15868,2,3,167,5,5,3,"553",Loyal
13120,35,3,205,5,5,3,"553",Loyal
12077,12,4,175,5,5,3,"553",Loyal
14760,49,3,167,5,5,3,"553",Loyal
14371,26,3,120,5,5,3,"553",Loyal
16071,26,3,104,5,5,3,"553",Loyal
14574,65,3,178,5,5,3,"553",Loyal
11114,35,3,123,5,5,3,"553",Loyal
16133,26,3,165,5,5,3,"553",Loyal
13760,27,4,198,5,5,3,"553",Loyal
11740,12,5,384,5,5,3,"553",Loyal
13095,39,4,329,5,5,3,"553",Loyal
12351,3,3,186,5,5,3,"553",Loyal
11632,27,16,1002,5,5,3,"553",Loyal
14054,6,3,281,5,5,3,"553",Loyal
11760,72,3,275,5,5,3,"553",Loyal
12158,49,4,202,5,5,3,"553",Loyal
12692,27,3,315,5,5,3,"553",Loyal
15761,4,4,196,5,5,3,"553",Loyal
13707,7,4,189,5,5,3,"553",Loyal
11723,27,5,193,5,5,3,"553",Loyal
12056,27,4,254,5,5,3,"553",Loyal
11115,28,3,114,5,5,3,"553",Loyal
13005,7,3,387,5,5,3,"553",Loyal
15866,72,3,146,5,5,3,"553",Loyal
13125,41,3,139,5,5,3,"553",Loyal
11652,43,5,311,5,5,3,"553",Loyal
11287,2,27,1167,5,5,3,"553",Loyal
12795,28,4,229,5,5,3,"553",Loyal
19642,66,3,134,5,5,3,"553",Loyal
13141,66,3,240,5,5,3,"553",Loyal
12682,66,3,228,5,5,3,"553",Loyal
13179,48,4,190,5,5,3,"553",Loyal
11520,11,16,823,5,5,3,"553",Loyal
12892,62,4,419,5,5,3,"553",Loyal
12691,48,3,247,5,5,3,"553",Loyal
18749,2,3,205,5,5,3,"553",Loyal
14313,70,3,222,5,5,3,"553",Loyal
12371,66,3,214,5,5,3,"553",Loyal
19646,41,3,197,5,5,3,"553",Loyal
15748,66,3,297,5,5,3,"553",Loyal
14586,41,3,234,5,5,3,"553",Loyal
15826,9,4,185,5,5,3,"553",Loyal
11631,36,16,708,5,5,3,"553",Loyal
13116,72,3,230,5,5,3,"553",Loyal
11677,61,5,298,5,5,3,"553",Loyal
16331,9,3,119,5,5,3,"553",Loyal
11802,60,5,215,5,5,3,"553",Loyal
11738,34,5,332,5,5,3,"553",Loyal
15511,10,3,144,5,5,3,"553",Loyal
14904,60,3,468,5,5,3,"553",Loyal
15377,9,3,168,5,5,3,"553",Loyal
11071,60,3,110,5,5,3,"553",Loyal
11823,7,5,262,5,5,3,"553",Loyal
11131,7,5,166,5,5,3,"553",Loyal
11965,60,3,119,5,5,3,"553",Loyal
14582,67,3,112,5,5,3,"553",Loyal
11619,59,16,635,5,5,3,"553",Loyal
11724,47,5,210,5,5,3,"553",Loyal
14341,8,4,244,5,5,3,"553",Loyal
13670,59,3,178,5,5,3,"553",Loyal
11661,47,5,288,5,5,3,"553",Loyal
12895,59,4,337,5,5,3,"553",Loyal
16370,3,3,133,5,5,3,"553",Loyal
13071,30,4,144,5,5,3,"553",Loyal
14906,16,3,190,5,5,3,"553",Loyal
17360,46,3,122,5,5,3,"553",Loyal
13860,11,4,123,5,5,3,"553",Loyal
15872,46,3,236,5,5,3,"553",Loyal
12097,11,4,238,5,5,3,"553",Loyal
13159,46,3,208,5,5,3,"553",Loyal
11148,58,3,126,5,5,3,"553",Loyal
12696,14,3,232,5,5,3,"553",Loyal
11215,46,17,1156,5,5,3,"553",Loyal
11253,58,16,697,5,5,3,"553",Loyal
15815,36,3,142,5,5,3,"553",Loyal
15340,58,3,156,5,5,3,"553",Loyal
18320,31,3,223,5,5,3,"553",Loyal
13627,71,3,214,5,5,3,"553",Loyal
16479,69,3,159,5,5,3,"553",Loyal
11861,39,5,286,5,5,3,"553",Loyal
11530,31,16,574,5,5,3,"553",Loyal
11276,8,27,988,5,5,3,"553",Loyal
14446,69,3,147,5,5,3,"553",Loyal
11581,69,5,237,5,5,3,"553",Loyal
15494,69,3,275,5,5,3,"553",Loyal
13466,45,3,133,5,5,3,"553",Loyal
16106,17,3,158,5,5,3,"553",Loyal
11142,17,17,981,5,5,3,"553",Loyal
12196,17,4,160,5,5,3,"553",Loyal
16506,7,3,102,5,5,3,"553",Loyal
19647,45,3,282,5,5,3,"553",Loyal
14274,32,3,122,5,5,3,"553",Loyal
11078,2,17,913,5,5,3,"553",Loyal
19640,5,3,252,5,5,3,"553",Loyal
13002,71,3,295,5,5,3,"553",Loyal
13140,10,3,325,5,5,3,"553",Loyal
11640,32,5,409,5,5,3,"553",Loyal
12136,7,4,182,5,5,3,"553",Loyal
13491,17,3,176,5,5,3,"553",Loyal
17442,40,3,320,5,5,3,"553",Loyal
13617,10,3,142,5,5,3,"553",Loyal
11019,18,17,883,5,5,3,"553",Loyal
11869,14,5,269,5,5,3,"553",Loyal
12959,32,4,204,5,5,3,"553",Loyal
12606,5,3,333,5,5,3,"553",Loyal
12055,14,4,104,5,5,3,"553",Loyal
11502,3,16,1026,5,5,3,"553",Loyal
15536,32,3,250,5,5,3,"553",Loyal
16876,56,3,152,5,5,3,"553",Loyal
11784,44,5,273,5,5,3,"553",Loyal
13239,40,4,186,5,5,3,"553",Loyal
13423,3,3,173,5,5,3,"553",Loyal
13941,42,4,287,5,5,3,"553",Loyal
11752,55,3,138,5,5,3,"553",Loyal
11519,19,16,757,5,5,3,"553",Loyal
11820,55,5,233,5,5,3,"553",Loyal
15197,13,3,192,5,5,3,"553",Loyal
12945,5,4,321,5,5,3,"553",Loyal
12357,19,3,118,5,5,3,"553",Loyal
11123,5,3,150,5,5,3,"553",Loyal
11094,19,3,236,5,5,3,"553",Loyal
14567,55,3,161,5,5,3,"553",Loyal
13009,40,3,169,5,5,3,"553",Loyal
14724,19,3,120,5,5,3,"553",Loyal
11875,3,5,293,5,5,3,"553",Loyal
14100,55,3,226,5,5,3,"553",Loyal
12430,20,4,289,5,5,3,"553",Loyal
11500,20,16,654,5,5,3,"553",Loyal
12916,54,4,261,5,5,3,"553",Loyal
13758,44,4,284,5,5,3,"553",Loyal
13635,35,3,216,5,5,3,"553",Loyal
13708,20,4,161,5,5,3,"553",Loyal
12444,5,4,293,5,5,3,"553",Loyal
15162,71,3,155,5,5,3,"553",Loyal
11824,21,5,240,5,5,3,"553",Loyal
12489,21,4,158,5,5,3,"553",Loyal
14282,21,5,195,5,5,3,"553",Loyal
14765,21,3,120,5,5,3,"553",Loyal
16772,21,3,159,5,5,3,"553",Loyal
13668,54,3,114,5,5,3,"553",Loyal
13008,44,3,126,5,5,3,"553",Loyal
12939,3,4,238,5,5,3,"553",Loyal
19000,14,2,54,5,5,2,"552",Loyal
14859,18,2,40,5,5,2,"552",Loyal
11902,32,3,63,5,5,2,"552",Loyal
14999,24,2,58,5,5,2,"552",Loyal
18604,44,2,59,5,5,2,"552",Loyal
11503,53,2,62,5,5,2,"552",Loyal
11877,33,2,43,5,5,2,"552",Loyal
11655,59,2,50,5,5,2,"552",Loyal
11458,12,3,97,5,5,2,"552",Loyal
11923,21,2,43,5,5,2,"552",Loyal
12369,47,3,94,5,5,2,"552",Loyal
16571,47,2,53,5,5,2,"552",Loyal
16264,67,2,62,5,5,2,"552",Loyal
11758,67,3,58,5,5,2,"552",Loyal
15020,72,2,40,5,5,2,"552",Loyal
15634,59,2,62,5,5,2,"552",Loyal
15791,59,2,42,5,5,2,"552",Loyal
11143,42,2,49,5,5,2,"552",Loyal
19953,24,2,48,5,5,2,"552",Loyal
12040,24,2,51,5,5,2,"552",Loyal
19223,30,3,85,5,5,2,"552",Loyal
12038,4,3,92,5,5,2,"552",Loyal
11749,30,3,48,5,5,2,"552",Loyal
11921,68,3,63,5,5,2,"552",Loyal
12345,18,3,69,5,5,2,"552",Loyal
16460,68,2,47,5,5,2,"552",Loyal
13157,24,2,60,5,5,2,"552",Loyal
16667,9,4,66,5,5,2,"552",Loyal
15584,35,2,62,5,5,2,"552",Loyal
12205,31,2,51,5,5,2,"552",Loyal
11314,58,2,48,5,5,2,"552",Loyal
11230,52,2,54,5,5,2,"552",Loyal
12602,35,2,45,5,5,2,"552",Loyal
19597,31,2,59,5,5,2,"552",Loyal
11938,21,2,43,5,5,2,"552",Loyal
11186,23,2,41,5,5,2,"552",Loyal
15718,42,2,64,5,5,2,"552",Loyal
16043,55,2,62,5,5,2,"552",Loyal
11911,40,3,62,5,5,2,"552",Loyal
11966,43,3,56,5,5,2,"552",Loyal
17338,23,3,92,5,5,2,"552",Loyal
18178,2,2,51,5,5,2,"552",Loyal
15141,37,2,64,5,5,2,"552",Loyal
15602,46,2,64,5,5,2,"552",Loyal
11315,44,2,42,5,5,2,"552",Loyal
17304,32,2,62,5,5,2,"552",Loyal
11190,14,2,46,5,5,2,"552",Loyal
21703,26,2,44,5,5,2,"552",Loyal
15217,65,2,41,5,5,2,"552",Loyal
12093,8,2,46,5,5,2,"552",Loyal
14019,26,2,62,5,5,2,"552",Loyal
11927,2,2,52,5,5,2,"552",Loyal
12034,10,3,75,5,5,2,"552",Loyal
16035,6,2,51,5,5,2,"552",Loyal
11532,34,2,45,5,5,2,"552",Loyal
19573,12,2,58,5,5,2,"552",Loyal
11149,62,3,41,5,5,2,"552",Loyal
11313,65,2,45,5,5,2,"552",Loyal
15052,65,2,45,5,5,2,"552",Loyal
15796,27,2,60,5,5,2,"552",Loyal
16574,65,2,45,5,5,2,"552",Loyal
16542,35,2,45,5,5,2,"552",Loyal
17375,27,2,46,5,5,2,"552",Loyal
16800,25,3,76,5,5,2,"552",Loyal
18317,11,3,85,5,5,2,"552",Loyal
11294,27,2,42,5,5,2,"552",Loyal
11644,25,2,42,5,5,2,"552",Loyal
12957,34,2,44,5,5,2,"552",Loyal
20084,62,2,63,5,5,2,"552",Loyal
11309,25,2,42,5,5,2,"552",Loyal
11463,48,3,48,5,5,2,"552",Loyal
19220,17,3,98,5,5,2,"552",Loyal
12157,62,2,43,5,5,2,"552",Loyal
11913,35,3,41,5,5,2,"552",Loyal
13289,15,3,66,5,5,2,"552",Loyal
12592,54,2,52,5,5,2,"552",Loyal
13124,28,3,92,5,5,2,"552",Loyal
11928,48,2,48,5,5,2,"552",Loyal
16930,28,2,54,5,5,2,"552",Loyal
13412,41,2,45,5,5,2,"552",Loyal
15448,28,2,53,5,5,2,"552",Loyal
12871,9,2,49,5,5,2,"552",Loyal
11220,48,2,50,5,5,2,"552",Loyal
11467,28,3,56,5,5,2,"552",Loyal
13201,55,3,73,5,5,2,"552",Loyal
30025,62,2,59,5,5,2,"552",Loyal
19582,6,2,62,5,5,2,"552",Loyal
11757,64,3,58,5,5,2,"552",Loyal
19617,39,2,62,5,5,2,"552",Loyal
12008,10,3,80,5,5,2,"552",Loyal
11079,29,3,58,5,5,2,"552",Loyal
15449,34,2,50,5,5,2,"552",Loyal
18535,5,2,52,5,5,2,"552",Loyal
19603,22,2,59,5,5,2,"552",Loyal
12326,61,2,64,5,5,2,"552",Loyal
16926,41,2,45,5,5,2,"552",Loyal
12893,47,2,49,5,5,2,"552",Loyal
14684,25,3,94,5,5,2,"552",Loyal
12666,32,3,35,5,5,1,"551",Loyal
16346,38,2,38,5,5,1,"551",Loyal
15464,47,2,37,5,5,1,"551",Loyal
11218,26,2,40,5,5,1,"551",Loyal
17319,44,2,39,5,5,1,"551",Loyal
11533,20,2,37,5,5,1,"551",Loyal
14853,59,2,38,5,5,1,"551",Loyal
12594,45,2,38,5,5,1,"551",Loyal
11209,8,2,37,5,5,1,"551",Loyal
15605,68,2,40,5,5,1,"551",Loyal
16927,2,2,39,5,5,1,"551",Loyal
17880,36,2,40,5,5,1,"551",Loyal
21238,12,2,40,5,5,1,"551",Loyal
11219,6,2,40,5,5,1,"551",Loyal
18730,26,2,39,5,5,1,"551",Loyal
15021,70,2,39,5,5,1,"551",Loyal
19952,52,2,39,5,5,1,"551",Loyal
15713,63,2,38,5,5,1,"551",Loyal
15437,14,2,37,5,5,1,"551",Loyal
21138,57,2,4371,5,4,5,"545",Standard
16029,55,2,3807,5,4,5,"545",Standard
24481,45,2,4179,5,4,5,"545",Standard
16176,57,2,4404,5,4,5,"545",Standard
16180,57,2,4386,5,4,5,"545",Standard
12843,57,2,6018,5,4,5,"545",Standard
24474,61,2,3883,5,4,5,"545",Standard
28240,39,2,5999,5,4,5,"545",Standard
16493,41,2,4197,5,4,5,"545",Standard
15723,65,2,4444,5,4,5,"545",Standard
13511,45,2,6012,5,4,5,"545",Standard
27636,65,2,6011,5,4,5,"545",Standard
28068,65,2,6022,5,4,5,"545",Standard
12825,70,2,4419,5,4,5,"545",Standard
24586,34,2,4144,5,4,5,"545",Standard
24468,70,2,4144,5,4,5,"545",Standard
17320,66,2,4392,5,4,5,"545",Standard
15802,72,2,4444,5,4,5,"545",Standard
12858,72,2,4394,5,4,5,"545",Standard
24381,65,2,3971,5,4,5,"545",Standard
22959,36,2,3918,5,4,5,"545",Standard
13736,42,2,4479,5,4,5,"545",Standard
28288,34,2,6039,5,4,5,"545",Standard
14827,50,2,4468,5,4,5,"545",Standard
13735,33,2,4517,5,4,5,"545",Standard
24475,39,2,3946,5,4,5,"545",Standard
27918,65,2,5999,5,4,5,"545",Standard
15801,64,2,4381,5,4,5,"545",Standard
18338,49,2,6125,5,4,5,"545",Standard
12829,65,2,4406,5,4,5,"545",Standard
28190,57,2,5997,5,4,5,"545",Standard
28194,41,2,6115,5,4,5,"545",Standard
24597,50,2,4010,5,4,5,"545",Standard
28243,39,2,6061,5,4,5,"545",Standard
23057,39,2,6022,5,4,5,"545",Standard
13700,35,2,4526,5,4,5,"545",Standard
12867,42,2,4366,5,4,5,"545",Standard
22732,56,2,4133,5,4,5,"545",Standard
22988,55,2,4194,5,4,5,"545",Standard
22943,45,2,4144,5,4,5,"545",Standard
16684,60,2,4158,5,4,5,"545",Standard
23074,55,2,6022,5,4,5,"545",Standard
13734,57,2,4523,5,4,5,"545",Standard
16250,33,2,4512,5,4,5,"545",Standard
28152,41,2,6025,5,4,5,"545",Standard
21813,37,2,4118,5,4,5,"545",Standard
28244,48,2,6026,5,4,5,"545",Standard
13702,57,2,4479,5,4,5,"545",Standard
22927,43,2,3914,5,4,5,"545",Standard
16495,56,2,6002,5,4,5,"545",Standard
21996,71,2,3947,5,4,5,"545",Standard
24378,67,2,4173,5,4,5,"545",Standard
24364,65,2,3966,5,4,5,"545",Standard
22058,60,2,4118,5,4,5,"545",Standard
14819,70,2,4356,5,4,5,"545",Standard
16483,70,2,4118,5,4,5,"545",Standard
27651,72,2,6022,5,4,5,"545",Standard
28224,47,2,6016,5,4,5,"545",Standard
28193,40,2,6016,5,4,5,"545",Standard
28885,60,2,4471,5,4,5,"545",Standard
22937,43,2,4179,5,4,5,"545",Standard
24602,42,2,3883,5,4,5,"545",Standard
24596,48,2,4169,5,4,5,"545",Standard
15751,67,2,4446,5,4,5,"545",Standard
24601,42,2,3883,5,4,5,"545",Standard
27539,67,2,4468,5,4,5,"545",Standard
22938,50,2,4173,5,4,5,"545",Standard
16159,38,2,4412,5,4,5,"545",Standard
14823,64,2,4393,5,4,5,"545",Standard
24590,38,2,3912,5,4,5,"545",Standard
22987,56,2,3942,5,4,5,"545",Standard
21272,33,2,4435,5,4,5,"545",Standard
24598,52,2,4228,5,4,5,"545",Standard
27645,72,2,6051,5,4,5,"545",Standard
21727,65,2,4132,5,4,5,"545",Standard
17332,49,2,4481,5,4,5,"545",Standard
20665,49,2,4409,5,4,5,"545",Standard
16025,55,2,3832,5,4,5,"545",Standard
20483,37,2,4400,5,4,5,"545",Standard
24671,50,2,4355,5,4,5,"545",Standard
17504,57,2,4363,5,4,5,"545",Standard
22934,50,2,4173,5,4,5,"545",Standard
24587,47,2,3883,5,4,5,"545",Standard
15752,67,2,4409,5,4,5,"545",Standard
22041,39,2,4167,5,4,5,"545",Standard
13362,68,2,4477,5,4,5,"545",Standard
13269,66,2,4508,5,4,5,"545",Standard
13225,63,2,4504,5,4,5,"545",Standard
22939,49,2,3961,5,4,5,"545",Standard
22748,34,2,4188,5,4,5,"545",Standard
15808,73,2,4424,5,4,5,"545",Standard
15724,69,2,4359,5,4,5,"545",Standard
21921,47,2,4143,5,4,5,"545",Standard
28259,39,2,6119,5,4,5,"545",Standard
15789,70,2,4486,5,4,5,"545",Standard
15729,67,2,4394,5,4,5,"545",Standard
16026,42,2,3804,5,4,5,"545",Standard
24480,42,2,4176,5,4,5,"545",Standard
24759,59,2,4370,5,4,5,"545",Standard
22942,59,2,3972,5,4,5,"545",Standard
22713,36,2,4148,5,4,5,"545",Standard
13712,44,2,4504,5,4,5,"545",Standard
24757,33,2,4344,5,4,5,"545",Standard
28255,47,2,6051,5,4,5,"545",Standard
16685,51,2,4183,5,4,5,"545",Standard
15648,68,2,3807,5,4,5,"545",Standard
22958,39,2,4208,5,4,5,"545",Standard
23113,58,2,5997,5,4,5,"545",Standard
17334,54,2,4348,5,4,5,"545",Standard
16031,57,2,3750,5,4,5,"545",Standard
28250,58,2,6016,5,4,5,"545",Standard
17510,43,2,4370,5,4,5,"545",Standard
16169,62,2,4404,5,4,5,"545",Standard
16028,46,2,3807,5,4,5,"545",Standard
27572,71,2,4490,5,4,5,"545",Standard
12813,68,2,4367,5,4,5,"545",Standard
28131,52,2,6011,5,4,5,"545",Standard
14834,52,2,4398,5,4,5,"545",Standard
16027,56,2,3826,5,4,5,"545",Standard
20708,54,2,4406,5,4,5,"545",Standard
15614,52,2,6059,5,4,5,"545",Standard
18337,58,2,6022,5,4,5,"545",Standard
15800,64,2,4399,5,4,5,"545",Standard
22031,71,2,3897,5,4,5,"545",Standard
15734,63,2,4426,5,4,5,"545",Standard
15793,63,2,4369,5,4,5,"545",Standard
14822,68,2,4398,5,4,5,"545",Standard
22008,52,2,4141,5,4,5,"545",Standard
18335,71,2,6036,5,4,5,"545",Standard
28031,72,2,6047,5,4,5,"545",Standard
15757,63,2,4366,5,4,5,"545",Standard
22926,44,2,3937,5,4,5,"545",Standard
27606,72,2,5997,5,4,5,"545",Standard
13161,71,2,4524,5,4,5,"545",Standard
21311,35,2,4473,5,4,5,"545",Standard
21348,50,2,4392,5,4,5,"545",Standard
27569,63,2,4464,5,4,5,"545",Standard
17328,55,2,4388,5,4,5,"545",Standard
24592,54,2,3897,5,4,5,"545",Standard
13482,54,2,4501,5,4,5,"545",Standard
13724,53,2,4477,5,4,5,"545",Standard
28099,35,2,6022,5,4,5,"545",Standard
22907,68,2,4169,5,4,5,"545",Standard
28078,45,2,6011,5,4,5,"545",Standard
22935,58,2,3952,5,4,5,"545",Standard
18336,42,2,6145,5,4,5,"545",Standard
12863,62,2,4478,5,4,5,"545",Standard
22030,64,2,4144,5,4,5,"545",Standard
22936,48,2,3947,5,4,5,"545",Standard
14838,37,2,4415,5,4,5,"545",Standard
13726,48,2,4501,5,4,5,"545",Standard
27571,72,2,4484,5,4,5,"545",Standard
16686,37,2,4158,5,4,5,"545",Standard
24482,46,2,3883,5,4,5,"545",Standard
22933,57,2,3918,5,4,5,"545",Standard
21266,33,2,4525,5,4,5,"545",Standard
14798,70,2,3001,5,4,4,"544",Standard
11167,63,2,3126,5,4,4,"544",Standard
26437,63,2,1953,5,4,4,"544",Standard
26150,63,2,1992,5,4,4,"544",Standard
26120,63,2,3335,5,4,4,"544",Standard
17966,65,2,3263,5,4,4,"544",Standard
20713,65,2,3422,5,4,4,"544",Standard
20584,66,2,3140,5,4,4,"544",Standard
14796,66,2,3071,5,4,4,"544",Standard
20172,66,2,3150,5,4,4,"544",Standard
15663,66,2,2772,5,4,4,"544",Standard
19930,66,2,3115,5,4,4,"544",Standard
19912,66,2,3427,5,4,4,"544",Standard
15651,66,2,2747,5,4,4,"544",Standard
19254,67,2,2701,5,4,4,"544",Standard
26435,67,2,1957,5,4,4,"544",Standard
15213,68,2,2819,5,4,4,"544",Standard
12586,68,2,2636,5,4,4,"544",Standard
16461,68,2,3287,5,4,4,"544",Standard
26121,69,2,3300,5,4,4,"544",Standard
16267,69,2,3037,5,4,4,"544",Standard
19283,69,2,2764,5,4,4,"544",Standard
15664,69,2,2771,5,4,4,"544",Standard
19274,72,2,2701,5,4,4,"544",Standard
26634,73,2,2897,5,4,4,"544",Standard
26204,72,2,1967,5,4,4,"544",Standard
26375,72,2,1971,5,4,4,"544",Standard
15211,72,2,2911,5,4,4,"544",Standard
19945,71,2,3138,5,4,4,"544",Standard
19188,71,2,2733,5,4,4,"544",Standard
20807,33,2,3249,5,4,4,"544",Standard
19918,33,2,3360,5,4,4,"544",Standard
26303,33,2,3321,5,4,4,"544",Standard
13156,34,2,2664,5,4,4,"544",Standard
14730,34,2,2588,5,4,4,"544",Standard
26676,34,2,2805,5,4,4,"544",Standard
20680,35,2,3220,5,4,4,"544",Standard
19276,35,2,2548,5,4,4,"544",Standard
16289,35,2,2779,5,4,4,"544",Standard
19940,35,2,3440,5,4,4,"544",Standard
16052,36,2,2732,5,4,4,"544",Standard
13025,36,2,2690,5,4,4,"544",Standard
15267,36,2,2854,5,4,4,"544",Standard
19287,36,2,2509,5,4,4,"544",Standard
16938,37,2,3110,5,4,4,"544",Standard
26296,37,2,3355,5,4,4,"544",Standard
19297,37,2,2543,5,4,4,"544",Standard
19415,37,2,2435,5,4,4,"544",Standard
16946,37,2,3071,5,4,4,"544",Standard
21284,37,2,3224,5,4,4,"544",Standard
26568,37,2,1957,5,4,4,"544",Standard
28750,38,2,3214,5,4,4,"544",Standard
19296,38,2,2548,5,4,4,"544",Standard
20562,39,2,2994,5,4,4,"544",Standard
19319,39,2,2562,5,4,4,"544",Standard
17979,39,2,3001,5,4,4,"544",Standard
21509,39,2,3118,5,4,4,"544",Standard
16561,40,2,3030,5,4,4,"544",Standard
19314,40,2,2730,5,4,4,"544",Standard
20736,40,2,3195,5,4,4,"544",Standard
26422,71,2,1981,5,4,4,"544",Standard
19313,40,2,2533,5,4,4,"544",Standard
26297,40,2,3287,5,4,4,"544",Standard
28751,40,2,3241,5,4,4,"544",Standard
26280,42,2,3299,5,4,4,"544",Standard
26304,42,2,3264,5,4,4,"544",Standard
19387,42,2,2464,5,4,4,"544",Standard
16945,42,2,3263,5,4,4,"544",Standard
26440,71,2,1957,5,4,4,"544",Standard
19942,42,2,3034,5,4,4,"544",Standard
20561,42,2,3139,5,4,4,"544",Standard
21305,42,2,3205,5,4,4,"544",Standard
16836,43,2,3194,5,4,4,"544",Standard
26283,44,2,3371,5,4,4,"544",Standard
16573,44,2,3001,5,4,4,"544",Standard
26286,44,2,3308,5,4,4,"544",Standard
19292,44,2,2519,5,4,4,"544",Standard
26644,44,2,2805,5,4,4,"544",Standard
26305,45,2,3273,5,4,4,"544",Standard
19309,45,2,2519,5,4,4,"544",Standard
20670,45,2,3229,5,4,4,"544",Standard
13020,45,2,2589,5,4,4,"544",Standard
16268,46,2,2779,5,4,4,"544",Standard
26281,46,2,3335,5,4,4,"544",Standard
20866,46,2,3158,5,4,4,"544",Standard
20592,46,2,3113,5,4,4,"544",Standard
20575,46,2,3095,5,4,4,"544",Standard
26252,71,2,3300,5,4,4,"544",Standard
16271,46,2,3014,5,4,4,"544",Standard
18620,46,2,3001,5,4,4,"544",Standard
16554,46,2,2991,5,4,4,"544",Standard
26302,46,2,3357,5,4,4,"544",Standard
26290,47,2,3295,5,4,4,"544",Standard
14813,47,2,3342,5,4,4,"544",Standard
16550,47,2,3001,5,4,4,"544",Standard
19353,47,2,2400,5,4,4,"544",Standard
16305,47,2,2983,5,4,4,"544",Standard
13518,48,2,2638,5,4,4,"544",Standard
16546,48,2,3037,5,4,4,"544",Standard
28713,48,2,3205,5,4,4,"544",Standard
15580,48,2,2911,5,4,4,"544",Standard
20569,48,2,3114,5,4,4,"544",Standard
26570,48,2,1957,5,4,4,"544",Standard
19282,48,2,2521,5,4,4,"544",Standard
21508,49,2,3153,5,4,4,"544",Standard
11084,70,2,3079,5,4,4,"544",Standard
20558,49,2,3019,5,4,4,"544",Standard
26646,49,2,2973,5,4,4,"544",Standard
15268,49,2,2841,5,4,4,"544",Standard
26299,49,2,3397,5,4,4,"544",Standard
19280,49,2,2538,5,4,4,"544",Standard
19318,49,2,2538,5,4,4,"544",Standard
16269,50,2,2779,5,4,4,"544",Standard
21516,50,2,3102,5,4,4,"544",Standard
16541,51,2,3028,5,4,4,"544",Standard
16531,51,2,3292,5,4,4,"544",Standard
16288,51,2,2769,5,4,4,"544",Standard
19294,52,2,2820,5,4,4,"544",Standard
15582,52,2,2908,5,4,4,"544",Standard
16820,52,2,3218,5,4,4,"544",Standard
13022,52,2,2644,5,4,4,"544",Standard
17978,52,2,3018,5,4,4,"544",Standard
16051,52,2,2747,5,4,4,"544",Standard
26645,53,2,2800,5,4,4,"544",Standard
14731,53,2,2435,5,4,4,"544",Standard
20931,53,2,3273,5,4,4,"544",Standard
16259,53,2,2757,5,4,4,"544",Standard
15575,53,2,2911,5,4,4,"544",Standard
26285,53,2,3309,5,4,4,"544",Standard
21148,54,2,3224,5,4,4,"544",Standard
26298,54,2,3340,5,4,4,"544",Standard
19357,54,2,2479,5,4,4,"544",Standard
19295,54,2,2484,5,4,4,"544",Standard
19174,70,2,2484,5,4,4,"544",Standard
19941,55,2,3078,5,4,4,"544",Standard
26681,55,2,2814,5,4,4,"544",Standard
16278,55,2,2992,5,4,4,"544",Standard
13021,55,2,2668,5,4,4,"544",Standard
20564,56,2,3059,5,4,4,"544",Standard
17097,56,2,3021,5,4,4,"544",Standard
26647,56,2,2890,5,4,4,"544",Standard
13036,57,2,2677,5,4,4,"544",Standard
19293,57,2,2534,5,4,4,"544",Standard
20669,57,2,3170,5,4,4,"544",Standard
26589,57,2,1966,5,4,4,"544",Standard
14732,57,2,2450,5,4,4,"544",Standard
26300,57,2,3299,5,4,4,"544",Standard
20577,57,2,3080,5,4,4,"544",Standard
28756,58,2,3219,5,4,4,"544",Standard
20576,58,2,3148,5,4,4,"544",Standard
26295,58,2,3299,5,4,4,"544",Standard
20552,58,2,3034,5,4,4,"544",Standard
19315,59,2,2538,5,4,4,"544",Standard
18026,59,2,2988,5,4,4,"544",Standard
14818,59,2,2974,5,4,4,"544",Standard
26651,59,2,1957,5,4,4,"544",Standard
16270,59,2,2772,5,4,4,"544",Standard
16530,60,2,3001,5,4,4,"544",Standard
13024,60,2,2665,5,4,4,"544",Standard
26591,60,2,1957,5,4,4,"544",Standard
26567,60,2,1957,5,4,4,"544",Standard
20567,60,2,3074,5,4,4,"544",Standard
20548,70,2,3132,5,4,4,"544",Standard
19321,60,2,2736,5,4,4,"544",Standard
21517,60,2,3173,5,4,4,"544",Standard
13035,60,2,2638,5,4,4,"544",Standard
16273,61,2,2804,5,4,4,"544",Standard
11264,61,2,3182,5,4,4,"544",Standard
16290,61,2,2822,5,4,4,"544",Standard
18028,61,2,3001,5,4,4,"544",Standard
26277,61,2,3321,5,4,4,"544",Standard
28740,62,2,3192,5,4,4,"544",Standard
19329,62,2,2459,5,4,4,"544",Standard
19316,62,2,2701,5,4,4,"544",Standard
14196,22,2,138,5,4,3,"543",Standard
14680,2,2,164,5,4,3,"543",Standard
18263,57,2,127,5,4,3,"543",Standard
17585,57,2,164,5,4,3,"543",Standard
18674,4,2,146,5,4,3,"543",Standard
11717,33,2,192,5,4,3,"543",Standard
12176,16,2,162,5,4,3,"543",Standard
12064,63,2,122,5,4,3,"543",Standard
19624,14,2,113,5,4,3,"543",Standard
16608,69,2,102,5,4,3,"543",Standard
15353,58,2,326,5,4,3,"543",Standard
11023,16,2,122,5,4,3,"543",Standard
13184,58,2,220,5,4,3,"543",Standard
16847,69,2,190,5,4,3,"543",Standard
17814,68,2,134,5,4,3,"543",Standard
11881,44,2,148,5,4,3,"543",Standard
11803,68,2,230,5,4,3,"543",Standard
18524,59,2,196,5,4,3,"543",Standard
12943,14,2,106,5,4,3,"543",Standard
16492,8,2,131,5,4,3,"543",Standard
12652,68,2,183,5,4,3,"543",Standard
16640,3,2,103,5,4,3,"543",Standard
14126,63,2,136,5,4,3,"543",Standard
16380,59,2,196,5,4,3,"543",Standard
19026,71,2,113,5,4,3,"543",Standard
18968,65,2,151,5,4,3,"543",Standard
11791,60,2,120,5,4,3,"543",Standard
15132,63,2,152,5,4,3,"543",Standard
12139,41,2,103,5,4,3,"543",Standard
19581,16,2,109,5,4,3,"543",Standard
11713,70,2,192,5,4,3,"543",Standard
12044,60,2,106,5,4,3,"543",Standard
13092,67,2,232,5,4,3,"543",Standard
13961,14,2,137,5,4,3,"543",Standard
14057,10,2,115,5,4,3,"543",Standard
15034,67,2,103,5,4,3,"543",Standard
11650,44,2,129,5,4,3,"543",Standard
16855,44,2,151,5,4,3,"543",Standard
11222,63,2,208,5,4,3,"543",Standard
17500,32,2,157,5,4,3,"543",Standard
17381,10,2,348,5,4,3,"543",Standard
19200,32,2,109,5,4,3,"543",Standard
16635,9,2,161,5,4,3,"543",Standard
15805,44,2,127,5,4,3,"543",Standard
11361,67,2,115,5,4,3,"543",Standard
16646,38,2,251,5,4,3,"543",Standard
11681,66,2,138,5,4,3,"543",Standard
15598,61,2,168,5,4,3,"543",Standard
16649,38,2,116,5,4,3,"543",Standard
12161,66,2,207,5,4,3,"543",Standard
14787,62,2,163,5,4,3,"543",Standard
17680,15,2,222,5,4,3,"543",Standard
17072,66,2,124,5,4,3,"543",Standard
11971,66,2,134,5,4,3,"543",Standard
18926,4,2,244,5,4,3,"543",Standard
16837,44,2,155,5,4,3,"543",Standard
11170,32,2,157,5,4,3,"543",Standard
15230,16,2,243,5,4,3,"543",Standard
13838,37,2,141,5,4,3,"543",Standard
19569,73,2,112,5,4,3,"543",Standard
19709,37,2,197,5,4,3,"543",Standard
14547,38,2,193,5,4,3,"543",Standard
18262,38,2,142,5,4,3,"543",Standard
16730,9,2,141,5,4,3,"543",Standard
16332,38,2,147,5,4,3,"543",Standard
16628,39,2,188,5,4,3,"543",Standard
18271,37,2,120,5,4,3,"543",Standard
14069,37,2,174,5,4,3,"543",Standard
18713,38,2,237,5,4,3,"543",Standard
16178,72,2,109,5,4,3,"543",Standard
11173,37,2,102,5,4,3,"543",Standard
17855,45,2,190,5,4,3,"543",Standard
11884,32,2,110,5,4,3,"543",Standard
18356,32,2,150,5,4,3,"543",Standard
12311,40,2,116,5,4,3,"543",Standard
11013,9,2,114,5,4,3,"543",Standard
14545,16,2,113,5,4,3,"543",Standard
14533,31,2,161,5,4,3,"543",Standard
17450,11,2,154,5,4,3,"543",Standard
16342,31,2,143,5,4,3,"543",Standard
11715,31,2,144,5,4,3,"543",Standard
16300,41,2,112,5,4,3,"543",Standard
17808,46,2,160,5,4,3,"543",Standard
16181,39,2,170,5,4,3,"543",Standard
15142,64,2,138,5,4,3,"543",Standard
11856,30,2,134,5,4,3,"543",Standard
15444,30,2,139,5,4,3,"543",Standard
18283,30,2,129,5,4,3,"543",Standard
11214,72,2,162,5,4,3,"543",Standard
20212,46,2,101,5,4,3,"543",Standard
12145,30,2,133,5,4,3,"543",Standard
17067,40,2,114,5,4,3,"543",Standard
12740,30,2,114,5,4,3,"543",Standard
18685,47,2,124,5,4,3,"543",Standard
14557,7,2,118,5,4,3,"543",Standard
14970,64,2,159,5,4,3,"543",Standard
18812,30,2,186,5,4,3,"543",Standard
11051,29,2,124,5,4,3,"543",Standard
17491,29,2,127,5,4,3,"543",Standard
16486,29,2,113,5,4,3,"543",Standard
11254,47,2,204,5,4,3,"543",Standard
15154,29,2,110,5,4,3,"543",Standard
19104,10,2,100,5,4,3,"543",Standard
14546,29,2,153,5,4,3,"543",Standard
11786,7,2,127,5,4,3,"543",Standard
16599,42,2,149,5,4,3,"543",Standard
16170,2,2,189,5,4,3,"543",Standard
11679,62,2,146,5,4,3,"543",Standard
16848,11,2,125,5,4,3,"543",Standard
11685,48,2,111,5,4,3,"543",Standard
17708,11,2,123,5,4,3,"543",Standard
16481,40,2,195,5,4,3,"543",Standard
17867,28,2,177,5,4,3,"543",Standard
12043,48,2,104,5,4,3,"543",Standard
17193,35,2,135,5,4,3,"543",Standard
18355,40,2,151,5,4,3,"543",Standard
11981,2,2,120,5,4,3,"543",Standard
14013,49,2,138,5,4,3,"543",Standard
17657,27,2,113,5,4,3,"543",Standard
17493,49,2,131,5,4,3,"543",Standard
13604,11,2,178,5,4,3,"543",Standard
12821,49,2,125,5,4,3,"543",Standard
19098,49,2,122,5,4,3,"543",Standard
14344,39,2,127,5,4,3,"543",Standard
14227,49,2,115,5,4,3,"543",Standard
17282,12,2,100,5,4,3,"543",Standard
17237,27,2,174,5,4,3,"543",Standard
11645,27,2,153,5,4,3,"543",Standard
17327,70,2,100,5,4,3,"543",Standard
15787,49,2,168,5,4,3,"543",Standard
20087,26,2,113,5,4,3,"543",Standard
12643,4,2,103,5,4,3,"543",Standard
17296,26,2,114,5,4,3,"543",Standard
19587,26,2,115,5,4,3,"543",Standard
11668,26,2,129,5,4,3,"543",Standard
16622,6,2,107,5,4,3,"543",Standard
12192,39,2,160,5,4,3,"543",Standard
18279,50,2,162,5,4,3,"543",Standard
19583,16,2,119,5,4,3,"543",Standard
13798,25,2,136,5,4,3,"543",Standard
16633,25,2,102,5,4,3,"543",Standard
16849,25,2,177,5,4,3,"543",Standard
14675,25,2,238,5,4,3,"543",Standard
11235,25,2,138,5,4,3,"543",Standard
15694,9,2,107,5,4,3,"543",Standard
14992,25,2,106,5,4,3,"543",Standard
18642,25,2,216,5,4,3,"543",Standard
12175,71,2,155,5,4,3,"543",Standard
14552,70,2,104,5,4,3,"543",Standard
20745,6,2,114,5,4,3,"543",Standard
17579,52,2,151,5,4,3,"543",Standard
11236,24,2,114,5,4,3,"543",Standard
11733,23,2,195,5,4,3,"543",Standard
11870,13,2,242,5,4,3,"543",Standard
17126,23,2,127,5,4,3,"543",Standard
15794,34,2,114,5,4,3,"543",Standard
14143,13,2,134,5,4,3,"543",Standard
11781,52,2,134,5,4,3,"543",Standard
13072,23,2,155,5,4,3,"543",Standard
16488,23,2,232,5,4,3,"543",Standard
18155,23,2,135,5,4,3,"543",Standard
11639,22,2,127,5,4,3,"543",Standard
13172,22,2,144,5,4,3,"543",Standard
11730,22,2,134,5,4,3,"543",Standard
20082,22,2,138,5,4,3,"543",Standard
14034,52,2,104,5,4,3,"543",Standard
11682,52,2,253,5,4,3,"543",Standard
11137,10,2,203,5,4,3,"543",Standard
11085,22,2,129,5,4,3,"543",Standard
17059,53,2,124,5,4,3,"543",Standard
15758,6,2,99,5,4,3,"543",Standard
11179,21,2,125,5,4,3,"543",Standard
17283,3,2,147,5,4,3,"543",Standard
16189,53,2,106,5,4,3,"543",Standard
18077,21,2,160,5,4,3,"543",Standard
11194,53,2,106,5,4,3,"543",Standard
18944,42,2,147,5,4,3,"543",Standard
13830,21,2,285,5,4,3,"543",Standard
14934,71,2,178,5,4,3,"543",Standard
14974,40,2,159,5,4,3,"543",Standard
16902,21,2,212,5,4,3,"543",Standard
13533,53,2,138,5,4,3,"543",Standard
11657,2,2,179,5,4,3,"543",Standard
12963,34,2,108,5,4,3,"543",Standard
12288,21,2,148,5,4,3,"543",Standard
13014,20,2,195,5,4,3,"543",Standard
12803,15,2,144,5,4,3,"543",Standard
11726,54,2,223,5,4,3,"543",Standard
19623,54,2,154,5,4,3,"543",Standard
16698,20,2,230,5,4,3,"543",Standard
17076,35,2,103,5,4,3,"543",Standard
11065,20,2,203,5,4,3,"543",Standard
11844,19,2,125,5,4,3,"543",Standard
13182,55,2,166,5,4,3,"543",Standard
11729,19,2,160,5,4,3,"543",Standard
17321,19,2,142,5,4,3,"543",Standard
19580,55,2,174,5,4,3,"543",Standard
12048,65,2,134,5,4,3,"543",Standard
14692,19,2,106,5,4,3,"543",Standard
18280,39,2,127,5,4,3,"543",Standard
11849,19,2,258,5,4,3,"543",Standard
11172,19,2,129,5,4,3,"543",Standard
14682,55,2,138,5,4,3,"543",Standard
14678,19,2,168,5,4,3,"543",Standard
12088,5,2,171,5,4,3,"543",Standard
13026,55,2,156,5,4,3,"543",Standard
14784,56,2,156,5,4,3,"543",Standard
16480,18,2,145,5,4,3,"543",Standard
12410,14,2,160,5,4,3,"543",Standard
11735,39,2,110,5,4,3,"543",Standard
17619,70,2,164,5,4,3,"543",Standard
14319,56,2,138,5,4,3,"543",Standard
17686,5,2,104,5,4,3,"543",Standard
15727,56,2,134,5,4,3,"543",Standard
11369,34,2,119,5,4,3,"543",Standard
11067,18,2,106,5,4,3,"543",Standard
11857,56,2,125,5,4,3,"543",Standard
14529,39,2,254,5,4,3,"543",Standard
18715,56,2,124,5,4,3,"543",Standard
11086,40,2,153,5,4,3,"543",Standard
11974,56,2,113,5,4,3,"543",Standard
11980,63,2,108,5,4,3,"543",Standard
14175,17,2,145,5,4,3,"543",Standard
13963,17,2,139,5,4,3,"543",Standard
12304,33,2,123,5,4,3,"543",Standard
15103,57,2,108,5,4,3,"543",Standard
17496,17,2,229,5,4,3,"543",Standard
20223,33,2,187,5,4,3,"543",Standard
17305,5,2,232,5,4,3,"543",Standard
18286,57,2,142,5,4,3,"543",Standard
16325,69,2,171,5,4,3,"543",Standard
14986,14,2,117,5,4,3,"543",Standard
11842,57,2,99,5,4,3,"543",Standard
12117,43,2,160,5,4,3,"543",Standard
16167,43,2,103,5,4,3,"543",Standard
11736,57,2,166,5,4,3,"543",Standard
12325,35,2,133,5,4,3,"543",Standard
11848,55,2,92,5,4,2,"542",Standard
14669,61,2,90,5,4,2,"542",Standard
19578,55,2,91,5,4,2,"542",Standard
15212,40,2,69,5,4,2,"542",Standard
16179,70,2,72,5,4,2,"542",Standard
23599,45,1,43,5,4,2,"542",Standard
11878,49,2,83,5,4,2,"542",Standard
17234,54,2,91,5,4,2,"542",Standard
11851,56,2,85,5,4,2,"542",Standard
14898,59,1,42,5,4,2,"542",Standard
11680,11,2,94,5,4,2,"542",Standard
16710,34,2,91,5,4,2,"542",Standard
15119,49,2,69,5,4,2,"542",Standard
19525,27,2,80,5,4,2,"542",Standard
12313,15,1,44,5,4,2,"542",Standard
19150,23,2,66,5,4,2,"542",Standard
15803,72,2,66,5,4,2,"542",Standard
11676,52,2,91,5,4,2,"542",Standard
14086,10,2,70,5,4,2,"542",Standard
12550,52,2,87,5,4,2,"542",Standard
11794,2,2,77,5,4,2,"542",Standard
18745,52,2,78,5,4,2,"542",Standard
17322,18,2,94,5,4,2,"542",Standard
27010,18,1,42,5,4,2,"542",Standard
18289,15,2,94,5,4,2,"542",Standard
19086,7,2,78,5,4,2,"542",Standard
28140,33,1,40,5,4,2,"542",Standard
27330,34,1,43,5,4,2,"542",Standard
16188,23,2,97,5,4,2,"542",Standard
17881,12,2,92,5,4,2,"542",Standard
16387,42,2,95,5,4,2,"542",Standard
17509,51,2,99,5,4,2,"542",Standard
18720,37,2,86,5,4,2,"542",Standard
28897,24,1,40,5,4,2,"542",Standard
19796,18,2,99,5,4,2,"542",Standard
11228,13,2,77,5,4,2,"542",Standard
16933,46,2,95,5,4,2,"542",Standard
28435,10,1,43,5,4,2,"542",Standard
11229,5,2,81,5,4,2,"542",Standard
19650,46,1,42,5,4,2,"542",Standard
18719,21,2,89,5,4,2,"542",Standard
14677,35,2,81,5,4,2,"542",Standard
19267,46,1,42,5,4,2,"542",Standard
28275,46,1,40,5,4,2,"542",Standard
17057,21,2,86,5,4,2,"542",Standard
14321,5,2,77,5,4,2,"542",Standard
11710,49,2,98,5,4,2,"542",Standard
11656,18,2,77,5,4,2,"542",Standard
12062,17,2,87,5,4,2,"542",Standard
18727,39,2,86,5,4,2,"542",Standard
18156,36,2,82,5,4,2,"542",Standard
13023,31,2,89,5,4,2,"542",Standard
11684,49,2,94,5,4,2,"542",Standard
23291,8,1,43,5,4,2,"542",Standard
18267,59,2,65,5,4,2,"542",Standard
17058,51,2,84,5,4,2,"542",Standard
16038,51,2,84,5,4,2,"542",Standard
12087,15,2,92,5,4,2,"542",Standard
12961,13,2,84,5,4,2,"542",Standard
27318,26,1,43,5,4,2,"542",Standard
12334,12,2,94,5,4,2,"542",Standard
11972,39,2,65,5,4,2,"542",Standard
17253,9,2,84,5,4,2,"542",Standard
12366,64,2,89,5,4,2,"542",Standard
11667,42,2,91,5,4,2,"542",Standard
12519,18,2,71,5,4,2,"542",Standard
11367,66,2,86,5,4,2,"542",Standard
15720,66,2,70,5,4,2,"542",Standard
28875,49,1,40,5,4,2,"542",Standard
13534,59,2,86,5,4,2,"542",Standard
18711,20,2,86,5,4,2,"542",Standard
29030,41,1,40,5,4,2,"542",Standard
17706,31,2,78,5,4,2,"542",Standard
12596,20,2,78,5,4,2,"542",Standard
13586,43,2,98,5,4,2,"542",Standard
11371,33,2,75,5,4,2,"542",Standard
11692,12,2,94,5,4,2,"542",Standard
20096,42,2,71,5,4,2,"542",Standard
11985,25,2,90,5,4,2,"542",Standard
11874,12,2,72,5,4,2,"542",Standard
19870,54,2,77,5,4,2,"542",Standard
11182,25,2,81,5,4,2,"542",Standard
12824,51,1,45,5,4,2,"542",Standard
17323,46,2,85,5,4,2,"542",Standard
17311,12,2,79,5,4,2,"542",Standard
12098,50,2,84,5,4,2,"542",Standard
21185,30,1,40,5,4,2,"542",Standard
12587,36,2,77,5,4,2,"542",Standard
18330,25,2,89,5,4,2,"542",Standard
16182,42,2,84,5,4,2,"542",Standard
28578,15,1,40,5,4,2,"542",Standard
12070,35,2,85,5,4,2,"542",Standard
19100,35,2,79,5,4,2,"542",Standard
13972,36,2,77,5,4,2,"542",Standard
15240,50,2,74,5,4,2,"542",Standard
12319,58,2,79,5,4,2,"542",Standard
12730,39,2,65,5,4,2,"542",Standard
11636,12,2,77,5,4,2,"542",Standard
15186,25,2,87,5,4,2,"542",Standard
13969,50,2,77,5,4,2,"542",Standard
16919,39,2,71,5,4,2,"542",Standard
18326,21,2,98,5,4,2,"542",Standard
11795,66,2,75,5,4,2,"542",Standard
18466,21,2,98,5,4,2,"542",Standard
17239,9,2,86,5,4,2,"542",Standard
28079,61,1,40,5,4,2,"542",Standard
28784,40,1,44,5,4,2,"542",Standard
17316,63,2,97,5,4,2,"542",Standard
15224,66,2,72,5,4,2,"542",Standard
15594,13,2,66,5,4,2,"542",Standard
11138,30,2,79,5,4,2,"542",Standard
12375,19,1,44,5,4,2,"542",Standard
11633,16,2,77,5,4,2,"542",Standard
13612,35,2,84,5,4,2,"542",Standard
11308,15,2,94,5,4,2,"542",Standard
16190,58,2,79,5,4,2,"542",Standard
28888,43,1,40,5,4,2,"542",Standard
14222,47,2,82,5,4,2,"542",Standard
14988,30,2,71,5,4,2,"542",Standard
16321,30,2,97,5,4,2,"542",Standard
15919,37,2,84,5,4,2,"542",Standard
13040,13,2,95,5,4,2,"542",Standard
11801,30,2,87,5,4,2,"542",Standard
15804,47,2,99,5,4,2,"542",Standard
15615,33,2,70,5,4,2,"542",Standard
11166,55,2,88,5,4,2,"542",Standard
12864,47,2,86,5,4,2,"542",Standard
16605,38,2,66,5,4,2,"542",Standard
11859,60,2,72,5,4,2,"542",Standard
18172,5,2,77,5,4,2,"542",Standard
16618,60,2,76,5,4,2,"542",Standard
15690,18,2,77,5,4,2,"542",Standard
12973,37,2,84,5,4,2,"542",Standard
15102,66,2,97,5,4,2,"542",Standard
15123,68,2,81,5,4,2,"542",Standard
28263,72,1,40,5,4,2,"542",Standard
17503,35,2,99,5,4,2,"542",Standard
19961,53,2,98,5,4,2,"542",Standard
19268,15,1,40,5,4,2,"542",Standard
16583,22,1,42,5,4,2,"542",Standard
11940,36,2,70,5,4,2,"542",Standard
19265,66,1,42,5,4,2,"542",Standard
12776,9,2,86,5,4,2,"542",Standard
22014,22,2,80,5,4,2,"542",Standard
12601,16,2,65,5,4,2,"542",Standard
12955,17,2,84,5,4,2,"542",Standard
28283,40,1,40,5,4,2,"542",Standard
28873,9,1,40,5,4,2,"542",Standard
12551,13,2,75,5,4,2,"542",Standard
12611,57,2,67,5,4,2,"542",Standard
26009,33,1,40,5,4,2,"542",Standard
23955,43,1,44,5,4,2,"542",Standard
17250,29,2,98,5,4,2,"542",Standard
14228,22,2,75,5,4,2,"542",Standard
11188,9,2,81,5,4,2,"542",Standard
13665,16,2,84,5,4,2,"542",Standard
16611,63,2,76,5,4,2,"542",Standard
11119,68,2,85,5,4,2,"542",Standard
15607,22,2,88,5,4,2,"542",Standard
15125,57,2,81,5,4,2,"542",Standard
14679,15,2,88,5,4,2,"542",Standard
11819,14,2,96,5,4,2,"542",Standard
19585,2,2,89,5,4,2,"542",Standard
19411,22,2,70,5,4,2,"542",Standard
16030,10,2,74,5,4,2,"542",Standard
12836,65,2,68,5,4,2,"542",Standard
16443,7,2,67,5,4,2,"542",Standard
16175,4,2,70,5,4,2,"542",Standard
17068,22,2,93,5,4,2,"542",Standard
17301,63,2,75,5,4,2,"542",Standard
28174,15,1,40,5,4,2,"542",Standard
17760,44,2,92,5,4,2,"542",Standard
13962,10,2,90,5,4,2,"542",Standard
11716,17,2,96,5,4,2,"542",Standard
28265,63,1,40,5,4,2,"542",Standard
12148,31,2,83,5,4,2,"542",Standard
22852,71,1,40,5,4,2,"542",Standard
17292,43,2,94,5,4,2,"542",Standard
15263,4,2,79,5,4,2,"542",Standard
15231,15,2,91,5,4,2,"542",Standard
17757,71,2,80,5,4,2,"542",Standard
15807,48,2,71,5,4,2,"542",Standard
20222,43,2,74,5,4,2,"542",Standard
15599,32,2,81,5,4,2,"542",Standard
11310,37,2,77,5,4,2,"542",Standard
12068,65,2,94,5,4,2,"542",Standard
28219,67,1,40,5,4,2,"542",Standard
11957,22,2,91,5,4,2,"542",Standard
12149,22,2,83,5,4,2,"542",Standard
18195,64,2,94,5,4,2,"542",Standard
13149,63,2,65,5,4,2,"542",Standard
17314,48,2,79,5,4,2,"542",Standard
11441,22,1,44,5,4,2,"542",Standard
12336,45,2,79,5,4,2,"542",Standard
20756,68,2,35,5,4,1,"541",Standard
17839,43,2,35,5,4,1,"541",Standard
16402,2,2,10,5,4,1,"541",Standard
16251,43,2,27,5,4,1,"541",Standard
16187,68,2,35,5,4,1,"541",Standard
18742,19,2,24,5,4,1,"541",Standard
18734,68,2,24,5,4,1,"541",Standard
18744,38,2,32,5,4,1,"541",Standard
17642,48,2,33,5,4,1,"541",Standard
18304,29,2,27,5,4,1,"541",Standard
12646,30,2,14,5,4,1,"541",Standard
16467,15,2,12,5,4,1,"541",Standard
16191,32,2,27,5,4,1,"541",Standard
19807,68,2,35,5,4,1,"541",Standard
19091,29,2,24,5,4,1,"541",Standard
25464,42,1,2453,5,3,4,"534",Standard
18831,35,1,2419,5,3,4,"534",Standard
21532,38,1,2400,5,3,4,"534",Standard
20659,36,1,2466,5,3,4,"534",Standard
26822,67,1,2442,5,3,4,"534",Standard
25040,59,1,2420,5,3,4,"534",Standard
25457,51,1,2420,5,3,4,"534",Standard
18231,64,1,2415,5,3,4,"534",Standard
16783,69,1,2457,5,3,4,"534",Standard
18863,41,1,2415,5,3,4,"534",Standard
26206,38,1,2478,5,3,4,"534",Standard
20573,72,1,2415,5,3,4,"534",Standard
17006,69,1,2404,5,3,4,"534",Standard
18378,60,1,2440,5,3,4,"534",Standard
25805,66,1,2501,5,3,4,"534",Standard
18415,38,1,2455,5,3,4,"534",Standard
25320,70,1,2419,5,3,4,"534",Standard
26823,48,1,2419,5,3,4,"534",Standard
26205,62,1,2451,5,3,4,"534",Standard
16790,36,1,2565,5,3,4,"534",Standard
25458,40,1,2413,5,3,4,"534",Standard
25076,42,1,2469,5,3,4,"534",Standard
25078,58,1,2473,5,3,4,"534",Standard
24997,42,1,2438,5,3,4,"534",Standard
18516,35,1,2405,5,3,4,"534",Standard
25042,40,1,2419,5,3,4,"534",Standard
24091,66,1,2478,5,3,4,"534",Standard
23667,39,1,2398,5,3,4,"534",Standard
18540,36,1,2401,5,3,4,"534",Standard
25077,47,1,2419,5,3,4,"534",Standard
18905,41,1,2416,5,3,4,"534",Standard
29366,71,1,2419,5,3,4,"534",Standard
29367,70,1,2419,5,3,4,"534",Standard
18533,38,1,2405,5,3,4,"534",Standard
25073,38,1,2473,5,3,4,"534",Standard
25000,48,1,2418,5,3,4,"534",Standard
25008,42,1,2438,5,3,4,"534",Standard
16789,42,1,2443,5,3,4,"534",Standard
18420,54,1,2415,5,3,4,"534",Standard
18848,48,1,2496,5,3,4,"534",Standard
25038,34,1,2438,5,3,4,"534",Standard
24560,41,1,2405,5,3,4,"534",Standard
26207,38,1,2443,5,3,4,"534",Standard
18511,46,1,2466,5,3,4,"534",Standard
20648,63,1,2457,5,3,4,"534",Standard
25047,60,1,2448,5,3,4,"534",Standard
18808,44,1,2412,5,3,4,"534",Standard
22817,48,1,2401,5,3,4,"534",Standard
29754,62,1,2861,5,3,4,"534",Standard
25014,51,1,2419,5,3,4,"534",Standard
20649,44,1,2488,5,3,4,"534",Standard
25072,43,1,2469,5,3,4,"534",Standard
20658,56,1,2457,5,3,4,"534",Standard
18400,33,1,2410,5,3,4,"534",Standard
25484,56,1,2469,5,3,4,"534",Standard
25319,70,1,2420,5,3,4,"534",Standard
29369,48,1,2423,5,3,4,"534",Standard
25063,56,1,2419,5,3,4,"534",Standard
23978,25,1,40,5,3,2,"532",Standard
21232,42,1,40,5,3,2,"532",Standard
21480,35,1,40,5,3,2,"532",Standard
21832,15,1,40,5,3,2,"532",Standard
22389,18,1,40,5,3,2,"532",Standard
25251,58,1,40,5,3,2,"532",Standard
27705,59,1,40,5,3,2,"532",Standard
23719,17,1,40,5,3,2,"532",Standard
26456,71,1,40,5,3,2,"532",Standard
21009,56,1,40,5,3,2,"532",Standard
17378,13,1,40,5,3,2,"532",Standard
18419,14,1,40,5,3,2,"532",Standard
24639,60,1,40,5,3,2,"532",Standard
23530,25,1,40,5,3,2,"532",Standard
25143,56,1,40,5,3,2,"532",Standard
17517,68,1,40,5,3,2,"532",Standard
20100,42,1,40,5,3,2,"532",Standard
17549,25,1,40,5,3,2,"532",Standard
18529,2,1,40,5,3,2,"532",Standard
25295,16,1,40,5,3,2,"532",Standard
22969,22,1,40,5,3,2,"532",Standard
25248,70,1,40,5,3,2,"532",Standard
20783,68,1,40,5,3,2,"532",Standard
24859,5,1,40,5,3,2,"532",Standard
21085,21,1,40,5,3,2,"532",Standard
19303,19,1,40,5,3,2,"532",Standard
17687,56,1,40,5,3,2,"532",Standard
25122,64,1,40,5,3,2,"532",Standard
27829,58,1,40,5,3,2,"532",Standard
23943,63,1,40,5,3,2,"532",Standard
25475,51,1,40,5,3,2,"532",Standard
28023,27,1,40,5,3,2,"532",Standard
21577,58,1,40,5,3,2,"532",Standard
24880,43,1,40,5,3,2,"532",Standard
17516,36,1,40,5,3,2,"532",Standard
18500,50,1,40,5,3,2,"532",Standard
25134,48,1,40,5,3,2,"532",Standard
26377,60,1,40,5,3,2,"532",Standard
27208,36,1,40,5,3,2,"532",Standard
22482,22,1,40,5,3,2,"532",Standard
27916,39,1,40,5,3,2,"532",Standard
25654,13,1,40,5,3,2,"532",Standard
17584,4,1,40,5,3,2,"532",Standard
27335,43,1,40,5,3,2,"532",Standard
16813,67,1,14,5,3,1,"531",Standard
23915,61,1,28,5,3,1,"531",Standard
22726,33,1,30,5,3,1,"531",Standard
17874,71,1,35,5,3,1,"531",Standard
26738,61,1,34,5,3,1,"531",Standard
27838,67,1,30,5,3,1,"531",Standard
17356,19,1,14,5,3,1,"531",Standard
16642,65,1,40,5,3,1,"531",Standard
23974,39,1,36,5,3,1,"531",Standard
22331,15,1,15,5,3,1,"531",Standard
18144,61,1,32,5,3,1,"531",Standard
21081,61,1,21,5,3,1,"531",Standard
19354,61,1,37,5,3,1,"531",Standard
15327,66,1,40,5,3,1,"531",Standard
11559,62,1,35,5,3,1,"531",Standard
21398,66,1,24,5,3,1,"531",Standard
21083,9,1,39,5,3,1,"531",Standard
23973,66,1,34,5,3,1,"531",Standard
26217,66,1,39,5,3,1,"531",Standard
19376,69,1,29,5,3,1,"531",Standard
23124,17,1,30,5,3,1,"531",Standard
23610,9,1,39,5,3,1,"531",Standard
27532,32,1,24,5,3,1,"531",Standard
24495,16,1,15,5,3,1,"531",Standard
20466,10,1,15,5,3,1,"531",Standard
28745,66,1,28,5,3,1,"531",Standard
16787,66,1,40,5,3,1,"531",Standard
26385,66,1,24,5,3,1,"531",Standard
21623,44,1,10,5,3,1,"531",Standard
20906,55,1,32,5,3,1,"531",Standard
17190,16,1,24,5,3,1,"531",Standard
27682,66,1,24,5,3,1,"531",Standard
22830,34,1,14,5,3,1,"531",Standard
26006,66,1,25,5,3,1,"531",Standard
23681,62,1,14,5,3,1,"531",Standard
25297,66,1,24,5,3,1,"531",Standard
23190,65,1,15,5,3,1,"531",Standard
28814,65,1,31,5,3,1,"531",Standard
14431,16,1,22,5,3,1,"531",Standard
29172,37,1,27,5,3,1,"531",Standard
22110,37,1,35,5,3,1,"531",Standard
25437,37,1,14,5,3,1,"531",Standard
25845,37,1,14,5,3,1,"531",Standard
13859,37,1,22,5,3,1,"531",Standard
29219,9,1,27,5,3,1,"531",Standard
25004,9,1,25,5,3,1,"531",Standard
23037,9,1,32,5,3,1,"531",Standard
25140,71,1,21,5,3,1,"531",Standard
17201,37,1,22,5,3,1,"531",Standard
12891,44,1,22,5,3,1,"531",Standard
27647,19,1,21,5,3,1,"531",Standard
19378,38,1,25,5,3,1,"531",Standard
29471,9,1,24,5,3,1,"531",Standard
12823,37,1,39,5,3,1,"531",Standard
28422,44,1,35,5,3,1,"531",Standard
25296,10,1,25,5,3,1,"531",Standard
15060,32,1,25,5,3,1,"531",Standard
25280,38,1,39,5,3,1,"531",Standard
27933,71,1,13,5,3,1,"531",Standard
21617,10,1,15,5,3,1,"531",Standard
13276,57,1,22,5,3,1,"531",Standard
27741,9,1,24,5,3,1,"531",Standard
18117,38,1,14,5,3,1,"531",Standard
22413,38,1,24,5,3,1,"531",Standard
28868,37,1,29,5,3,1,"531",Standard
14977,13,1,30,5,3,1,"531",Standard
25279,38,1,33,5,3,1,"531",Standard
29029,69,1,29,5,3,1,"531",Standard
24472,45,1,13,5,3,1,"531",Standard
21528,64,1,35,5,3,1,"531",Standard
27475,35,1,33,5,3,1,"531",Standard
14958,32,1,29,5,3,1,"531",Standard
29035,45,1,29,5,3,1,"531",Standard
16212,45,1,40,5,3,1,"531",Standard
18073,10,1,14,5,3,1,"531",Standard
24579,45,1,39,5,3,1,"531",Standard
17178,45,1,14,5,3,1,"531",Standard
15495,32,1,40,5,3,1,"531",Standard
18618,9,1,32,5,3,1,"531",Standard
26980,32,1,24,5,3,1,"531",Standard
18444,32,1,25,5,3,1,"531",Standard
29305,32,1,15,5,3,1,"531",Standard
23400,45,1,30,5,3,1,"531",Standard
28238,32,1,21,5,3,1,"531",Standard
12879,39,1,37,5,3,1,"531",Standard
17151,2,1,13,5,3,1,"531",Standard
27629,31,1,36,5,3,1,"531",Standard
12406,45,1,35,5,3,1,"531",Standard
19898,41,1,27,5,3,1,"531",Standard
20043,36,1,32,5,3,1,"531",Standard
13738,14,1,22,5,3,1,"531",Standard
26129,45,1,21,5,3,1,"531",Standard
20523,64,1,15,5,3,1,"531",Standard
21278,31,1,15,5,3,1,"531",Standard
20511,73,1,15,5,3,1,"531",Standard
23063,45,1,37,5,3,1,"531",Standard
13731,7,1,22,5,3,1,"531",Standard
25687,55,1,13,5,3,1,"531",Standard
24255,31,1,14,5,3,1,"531",Standard
29245,57,1,27,5,3,1,"531",Standard
27958,45,1,39,5,3,1,"531",Standard
26186,71,1,39,5,3,1,"531",Standard
23043,41,1,30,5,3,1,"531",Standard
25291,41,1,39,5,3,1,"531",Standard
11595,31,1,35,5,3,1,"531",Standard
24533,31,1,32,5,3,1,"531",Standard
24925,46,1,32,5,3,1,"531",Standard
15012,41,1,40,5,3,1,"531",Standard
18311,46,1,14,5,3,1,"531",Standard
22984,41,1,35,5,3,1,"531",Standard
15332,64,1,40,5,3,1,"531",Standard
27372,31,1,39,5,3,1,"531",Standard
20455,11,1,24,5,3,1,"531",Standard
23489,36,1,35,5,3,1,"531",Standard
21871,57,1,30,5,3,1,"531",Standard
18159,7,1,22,5,3,1,"531",Standard
24775,3,1,37,5,3,1,"531",Standard
17719,11,1,39,5,3,1,"531",Standard
13934,55,1,31,5,3,1,"531",Standard
28571,41,1,29,5,3,1,"531",Standard
26888,46,1,39,5,3,1,"531",Standard
18505,9,1,14,5,3,1,"531",Standard
21301,11,1,15,5,3,1,"531",Standard
23218,46,1,39,5,3,1,"531",Standard
22809,31,1,39,5,3,1,"531",Standard
28433,39,1,33,5,3,1,"531",Standard
13500,71,1,40,5,3,1,"531",Standard
19333,64,1,35,5,3,1,"531",Standard
21733,46,1,15,5,3,1,"531",Standard
29282,31,1,24,5,3,1,"531",Standard
13211,11,1,31,5,3,1,"531",Standard
23975,69,1,39,5,3,1,"531",Standard
20508,30,1,22,5,3,1,"531",Standard
13804,30,1,27,5,3,1,"531",Standard
23820,46,1,37,5,3,1,"531",Standard
21954,30,1,35,5,3,1,"531",Standard
25545,35,1,39,5,3,1,"531",Standard
20168,30,1,32,5,3,1,"531",Standard
28987,9,1,31,5,3,1,"531",Standard
23698,35,1,30,5,3,1,"531",Standard
21811,64,1,17,5,3,1,"531",Standard
29024,8,1,31,5,3,1,"531",Standard
26431,46,1,24,5,3,1,"531",Standard
20607,46,1,24,5,3,1,"531",Standard
22394,5,1,25,5,3,1,"531",Standard
28946,30,1,24,5,3,1,"531",Standard
14402,30,1,40,5,3,1,"531",Standard
27831,7,1,28,5,3,1,"531",Standard
23455,47,1,13,5,3,1,"531",Standard
26565,30,1,24,5,3,1,"531",Standard
25375,8,1,33,5,3,1,"531",Standard
20952,47,1,37,5,3,1,"531",Standard
16962,11,1,14,5,3,1,"531",Standard
16378,47,1,14,5,3,1,"531",Standard
20578,41,1,31,5,3,1,"531",Standard
24686,7,1,39,5,3,1,"531",Standard
15629,30,1,40,5,3,1,"531",Standard
26808,57,1,34,5,3,1,"531",Standard
27392,3,1,24,5,3,1,"531",Standard
25071,18,1,39,5,3,1,"531",Standard
26215,35,1,14,5,3,1,"531",Standard
22537,47,1,14,5,3,1,"531",Standard
13311,36,1,30,5,3,1,"531",Standard
23684,7,1,35,5,3,1,"531",Standard
22303,47,1,21,5,3,1,"531",Standard
24488,39,1,14,5,3,1,"531",Standard
20690,47,1,39,5,3,1,"531",Standard
28081,47,1,25,5,3,1,"531",Standard
14082,47,1,22,5,3,1,"531",Standard
14490,57,1,40,5,3,1,"531",Standard
28592,47,1,35,5,3,1,"531",Standard
29395,56,1,14,5,3,1,"531",Standard
27434,7,1,36,5,3,1,"531",Standard
28037,47,1,34,5,3,1,"531",Standard
20488,69,1,15,5,3,1,"531",Standard
22187,29,1,32,5,3,1,"531",Standard
22533,64,1,29,5,3,1,"531",Standard
22868,48,1,34,5,3,1,"531",Standard
27216,7,1,38,5,3,1,"531",Standard
27302,48,1,36,5,3,1,"531",Standard
25763,11,1,39,5,3,1,"531",Standard
23768,29,1,29,5,3,1,"531",Standard
25570,29,1,29,5,3,1,"531",Standard
23273,3,1,39,5,3,1,"531",Standard
13684,62,1,40,5,3,1,"531",Standard
19053,48,1,25,5,3,1,"531",Standard
12790,48,1,24,5,3,1,"531",Standard
21901,28,1,15,5,3,1,"531",Standard
22029,48,1,31,5,3,1,"531",Standard
23713,42,1,35,5,3,1,"531",Standard
20235,48,1,35,5,3,1,"531",Standard
26193,28,1,35,5,3,1,"531",Standard
27833,73,1,21,5,3,1,"531",Standard
24147,42,1,39,5,3,1,"531",Standard
11569,71,1,35,5,3,1,"531",Standard
21113,28,1,24,5,3,1,"531",Standard
28762,28,1,27,5,3,1,"531",Standard
17091,42,1,32,5,3,1,"531",Standard
22624,28,1,34,5,3,1,"531",Standard
22039,48,1,35,5,3,1,"531",Standard
14856,15,1,40,5,3,1,"531",Standard
22548,28,1,37,5,3,1,"531",Standard
26836,18,1,39,5,3,1,"531",Standard
21935,28,1,39,5,3,1,"531",Standard
28593,48,1,35,5,3,1,"531",Standard
27717,57,1,13,5,3,1,"531",Standard
24877,28,1,34,5,3,1,"531",Standard
15373,48,1,40,5,3,1,"531",Standard
24636,72,1,33,5,3,1,"531",Standard
21730,57,1,17,5,3,1,"531",Standard
15424,42,1,31,5,3,1,"531",Standard
15293,18,1,40,5,3,1,"531",Standard
28679,48,1,27,5,3,1,"531",Standard
11608,48,1,35,5,3,1,"531",Standard
20784,7,1,10,5,3,1,"531",Standard
24145,28,1,14,5,3,1,"531",Standard
25039,72,1,33,5,3,1,"531",Standard
19043,10,1,25,5,3,1,"531",Standard
23669,42,1,30,5,3,1,"531",Standard
23482,65,1,30,5,3,1,"531",Standard
25262,48,1,36,5,3,1,"531",Standard
14042,49,1,22,5,3,1,"531",Standard
28378,40,1,39,5,3,1,"531",Standard
28895,11,1,14,5,3,1,"531",Standard
27191,11,1,29,5,3,1,"531",Standard
20902,15,1,37,5,3,1,"531",Standard
25041,69,1,33,5,3,1,"531",Standard
25963,27,1,25,5,3,1,"531",Standard
20893,49,1,35,5,3,1,"531",Standard
16502,18,1,40,5,3,1,"531",Standard
11556,40,1,21,5,3,1,"531",Standard
27011,34,1,36,5,3,1,"531",Standard
17939,27,1,37,5,3,1,"531",Standard
20799,27,1,32,5,3,1,"531",Standard
26846,49,1,28,5,3,1,"531",Standard
22263,8,1,35,5,3,1,"531",Standard
25232,7,1,13,5,3,1,"531",Standard
18107,27,1,14,5,3,1,"531",Standard
26993,56,1,39,5,3,1,"531",Standard
20695,36,1,15,5,3,1,"531",Standard
22538,6,1,21,5,3,1,"531",Standard
19384,40,1,32,5,3,1,"531",Standard
12876,18,1,37,5,3,1,"531",Standard
26524,42,1,27,5,3,1,"531",Standard
25853,36,1,27,5,3,1,"531",Standard
20136,26,1,27,5,3,1,"531",Standard
22534,42,1,25,5,3,1,"531",Standard
20257,6,1,21,5,3,1,"531",Standard
22720,35,1,30,5,3,1,"531",Standard
27190,26,1,36,5,3,1,"531",Standard
12802,18,1,40,5,3,1,"531",Standard
21314,35,1,10,5,3,1,"531",Standard
25881,26,1,25,5,3,1,"531",Standard
17938,26,1,37,5,3,1,"531",Standard
12662,49,1,15,5,3,1,"531",Standard
22489,49,1,30,5,3,1,"531",Standard
15259,26,1,22,5,3,1,"531",Standard
22884,35,1,35,5,3,1,"531",Standard
29211,56,1,31,5,3,1,"531",Standard
13677,26,1,40,5,3,1,"531",Standard
16957,40,1,40,5,3,1,"531",Standard
23243,26,1,35,5,3,1,"531",Standard
15361,6,1,40,5,3,1,"531",Standard
11435,26,1,35,5,3,1,"531",Standard
23381,2,1,37,5,3,1,"531",Standard
20393,25,1,15,5,3,1,"531",Standard
24840,50,1,29,5,3,1,"531",Standard
29447,35,1,24,5,3,1,"531",Standard
22159,50,1,32,5,3,1,"531",Standard
22146,50,1,37,5,3,1,"531",Standard
15891,35,1,40,5,3,1,"531",Standard
26172,6,1,27,5,3,1,"531",Standard
12900,72,1,22,5,3,1,"531",Standard
25178,25,1,37,5,3,1,"531",Standard
16505,50,1,40,5,3,1,"531",Standard
13611,25,1,39,5,3,1,"531",Standard
24844,50,1,25,5,3,1,"531",Standard
26108,25,1,32,5,3,1,"531",Standard
27029,18,1,32,5,3,1,"531",Standard
20065,42,1,21,5,3,1,"531",Standard
26126,50,1,29,5,3,1,"531",Standard
25851,57,1,25,5,3,1,"531",Standard
15877,35,1,40,5,3,1,"531",Standard
13875,6,1,24,5,3,1,"531",Standard
27013,50,1,36,5,3,1,"531",Standard
25542,69,1,14,5,3,1,"531",Standard
16070,25,1,40,5,3,1,"531",Standard
14340,25,1,22,5,3,1,"531",Standard
16239,25,1,40,5,3,1,"531",Standard
26595,25,1,25,5,3,1,"531",Standard
26371,6,1,34,5,3,1,"531",Standard
20491,25,1,24,5,3,1,"531",Standard
26170,25,1,29,5,3,1,"531",Standard
21280,51,1,39,5,3,1,"531",Standard
24042,25,1,13,5,3,1,"531",Standard
28930,51,1,15,5,3,1,"531",Standard
21824,51,1,27,5,3,1,"531",Standard
11597,25,1,35,5,3,1,"531",Standard
23076,36,1,30,5,3,1,"531",Standard
25789,51,1,25,5,3,1,"531",Standard
12911,24,1,31,5,3,1,"531",Standard
24443,24,1,35,5,3,1,"531",Standard
21734,24,1,15,5,3,1,"531",Standard
24699,51,1,29,5,3,1,"531",Standard
25028,24,1,24,5,3,1,"531",Standard
16403,51,1,38,5,3,1,"531",Standard
12443,12,1,30,5,3,1,"531",Standard
21779,42,1,15,5,3,1,"531",Standard
23642,12,1,14,5,3,1,"531",Standard
27911,24,1,25,5,3,1,"531",Standard
23467,12,1,30,5,3,1,"531",Standard
23700,39,1,30,5,3,1,"531",Standard
12801,6,1,29,5,3,1,"531",Standard
24363,8,1,14,5,3,1,"531",Standard
11552,24,1,35,5,3,1,"531",Standard
29244,24,1,31,5,3,1,"531",Standard
28188,57,1,29,5,3,1,"531",Standard
20775,18,1,10,5,3,1,"531",Standard
27507,23,1,28,5,3,1,"531",Standard
23565,34,1,35,5,3,1,"531",Standard
26031,5,1,24,5,3,1,"531",Standard
16725,52,1,14,5,3,1,"531",Standard
19054,52,1,22,5,3,1,"531",Standard
12368,64,1,35,5,3,1,"531",Standard
17731,56,1,24,5,3,1,"531",Standard
12405,23,1,37,5,3,1,"531",Standard
23461,23,1,35,5,3,1,"531",Standard
27676,17,1,34,5,3,1,"531",Standard
21341,23,1,15,5,3,1,"531",Standard
11130,52,1,37,5,3,1,"531",Standard
26103,23,1,32,5,3,1,"531",Standard
23947,65,1,39,5,3,1,"531",Standard
26169,72,1,36,5,3,1,"531",Standard
16862,17,1,40,5,3,1,"531",Standard
22781,23,1,37,5,3,1,"531",Standard
21523,2,1,39,5,3,1,"531",Standard
22820,5,1,29,5,3,1,"531",Standard
19469,22,1,39,5,3,1,"531",Standard
25177,5,1,37,5,3,1,"531",Standard
28056,64,1,30,5,3,1,"531",Standard
26288,17,1,27,5,3,1,"531",Standard
26072,53,1,25,5,3,1,"531",Standard
23720,69,1,35,5,3,1,"531",Standard
14933,4,1,37,5,3,1,"531",Standard
23767,13,1,14,5,3,1,"531",Standard
25282,22,1,33,5,3,1,"531",Standard
20131,35,1,39,5,3,1,"531",Standard
22682,13,1,29,5,3,1,"531",Standard
24259,22,1,30,5,3,1,"531",Standard
14612,57,1,40,5,3,1,"531",Standard
24667,22,1,37,5,3,1,"531",Standard
20428,13,1,30,5,3,1,"531",Standard
21182,56,1,32,5,3,1,"531",Standard
29263,63,1,39,5,3,1,"531",Standard
24848,17,1,21,5,3,1,"531",Standard
21319,63,1,24,5,3,1,"531",Standard
17906,57,1,21,5,3,1,"531",Standard
12456,14,1,22,5,3,1,"531",Standard
24704,2,1,21,5,3,1,"531",Standard
21390,53,1,32,5,3,1,"531",Standard
26243,54,1,27,5,3,1,"531",Standard
20521,54,1,25,5,3,1,"531",Standard
14437,43,1,22,5,3,1,"531",Standard
12233,13,1,35,5,3,1,"531",Standard
28760,54,1,29,5,3,1,"531",Standard
24623,17,1,33,5,3,1,"531",Standard
23182,21,1,37,5,3,1,"531",Standard
20777,21,1,10,5,3,1,"531",Standard
24131,5,1,14,5,3,1,"531",Standard
26605,5,1,27,5,3,1,"531",Standard
22774,36,1,30,5,3,1,"531",Standard
14187,54,1,37,5,3,1,"531",Standard
16861,17,1,14,5,3,1,"531",Standard
20947,5,1,37,5,3,1,"531",Standard
20773,54,1,31,5,3,1,"531",Standard
15546,43,1,40,5,3,1,"531",Standard
22474,54,1,14,5,3,1,"531",Standard
25536,16,1,21,5,3,1,"531",Standard
29423,69,1,21,5,3,1,"531",Standard
19936,34,1,29,5,3,1,"531",Standard
23827,57,1,14,5,3,1,"531",Standard
21988,69,1,35,5,3,1,"531",Standard
27660,37,1,21,5,3,1,"531",Standard
21495,33,1,24,5,3,1,"531",Standard
27626,69,1,34,5,3,1,"531",Standard
22279,57,1,30,5,3,1,"531",Standard
20915,41,1,39,5,3,1,"531",Standard
25499,58,1,39,5,3,1,"531",Standard
22219,69,1,13,5,3,1,"531",Standard
27177,58,1,28,5,3,1,"531",Standard
23802,58,1,33,5,3,1,"531",Standard
25019,69,1,24,5,3,1,"531",Standard
23212,68,1,30,5,3,1,"531",Standard
27244,35,1,36,5,3,1,"531",Standard
24245,43,1,17,5,3,1,"531",Standard
25354,63,1,25,5,3,1,"531",Standard
12968,68,1,22,5,3,1,"531",Standard
17826,63,1,30,5,3,1,"531",Standard
15973,58,1,40,5,3,1,"531",Standard
26593,43,1,27,5,3,1,"531",Standard
19932,16,1,25,5,3,1,"531",Standard
20579,58,1,25,5,3,1,"531",Standard
13281,20,1,22,5,3,1,"531",Standard
24552,58,1,39,5,3,1,"531",Standard
24043,58,1,31,5,3,1,"531",Standard
27397,68,1,33,5,3,1,"531",Standard
25066,4,1,15,5,3,1,"531",Standard
28884,43,1,12,5,3,1,"531",Standard
18367,14,1,21,5,3,1,"531",Standard
28124,63,1,21,5,3,1,"531",Standard
23934,5,1,36,5,3,1,"531",Standard
14638,43,1,27,5,3,1,"531",Standard
26844,14,1,13,5,3,1,"531",Standard
22799,68,1,35,5,3,1,"531",Standard
29440,58,1,36,5,3,1,"531",Standard
20788,17,1,10,5,3,1,"531",Standard
20540,54,1,10,5,3,1,"531",Standard
24937,58,1,33,5,3,1,"531",Standard
27588,68,1,15,5,3,1,"531",Standard
21045,58,1,24,5,3,1,"531",Standard
24934,58,1,33,5,3,1,"531",Standard
13946,16,1,22,5,3,1,"531",Standard
28958,58,1,15,5,3,1,"531",Standard
24374,3,1,21,5,3,1,"531",Standard
29007,58,1,25,5,3,1,"531",Standard
26926,58,1,29,5,3,1,"531",Standard
11354,58,1,23,5,3,1,"531",Standard
15358,54,1,40,5,3,1,"531",Standard
28058,58,1,21,5,3,1,"531",Standard
22923,33,1,22,5,3,1,"531",Standard
22277,5,1,30,5,3,1,"531",Standard
25376,54,1,33,5,3,1,"531",Standard
19456,41,1,37,5,3,1,"531",Standard
28561,68,1,24,5,3,1,"531",Standard
16651,68,1,14,5,3,1,"531",Standard
11418,44,1,40,5,3,1,"531",Standard
20473,4,1,15,5,3,1,"531",Standard
20263,65,1,21,5,3,1,"531",Standard
17967,33,1,32,5,3,1,"531",Standard
15887,36,1,40,5,3,1,"531",Standard
16374,41,1,15,5,3,1,"531",Standard
21731,41,1,15,5,3,1,"531",Standard
26460,14,1,25,5,3,1,"531",Standard
24087,65,1,39,5,3,1,"531",Standard
18115,68,1,14,5,3,1,"531",Standard
15848,34,1,40,5,3,1,"531",Standard
23617,54,1,35,5,3,1,"531",Standard
27057,20,1,29,5,3,1,"531",Standard
27548,38,1,28,5,3,1,"531",Standard
17774,14,1,27,5,3,1,"531",Standard
15825,16,1,40,5,3,1,"531",Standard
27888,44,1,23,5,3,1,"531",Standard
14397,5,1,40,5,3,1,"531",Standard
24541,43,1,37,5,3,1,"531",Standard
11486,67,1,35,5,3,1,"531",Standard
15743,67,1,40,5,3,1,"531",Standard
13481,20,1,31,5,3,1,"531",Standard
28955,33,1,15,5,3,1,"531",Standard
18333,37,1,28,5,3,1,"531",Standard
25766,72,1,33,5,3,1,"531",Standard
26467,60,1,32,5,3,1,"531",Standard
29446,60,1,36,5,3,1,"531",Standard
21414,35,1,15,5,3,1,"531",Standard
24571,33,1,28,5,3,1,"531",Standard
25858,3,1,32,5,3,1,"531",Standard
21676,33,1,24,5,3,1,"531",Standard
22779,16,1,30,5,3,1,"531",Standard
19331,33,1,29,5,3,1,"531",Standard
23361,14,1,32,5,3,1,"531",Standard
29205,63,1,29,5,3,1,"531",Standard
15318,60,1,40,5,3,1,"531",Standard
18631,57,1,25,5,3,1,"531",Standard
27178,41,1,25,5,3,1,"531",Standard
26877,55,1,39,5,3,1,"531",Standard
18013,16,1,28,5,3,1,"531",Standard
25908,4,1,27,5,3,1,"531",Standard
21529,67,1,30,5,3,1,"531",Standard
28128,60,1,13,5,3,1,"531",Standard
18793,67,1,30,5,3,1,"531",Standard
24692,41,1,39,5,3,1,"531",Standard
23633,67,1,39,5,3,1,"531",Standard
26336,13,1,27,5,3,1,"531",Standard
23875,67,1,37,5,3,1,"531",Standard
24885,19,1,32,5,3,1,"531",Standard
11558,61,1,21,5,3,1,"531",Standard
19347,19,1,28,5,3,1,"531",Standard
27476,67,1,25,5,3,1,"531",Standard
18092,59,1,1789,5,2,4,"524",Standard
18982,59,1,1784,5,2,4,"524",Standard
18792,67,1,1775,5,2,4,"524",Standard
18519,54,1,2362,5,2,4,"524",Standard
13878,46,1,2367,5,2,4,"524",Standard
18876,46,1,2330,5,2,4,"524",Standard
17264,70,1,2326,5,2,4,"524",Standard
19004,34,1,1765,5,2,4,"524",Standard
18416,57,1,2370,5,2,4,"524",Standard
18980,55,1,1751,5,2,4,"524",Standard
18566,46,1,2379,5,2,4,"524",Standard
21293,44,1,1764,5,2,4,"524",Standard
18412,41,1,2320,5,2,4,"524",Standard
18976,61,1,1751,5,2,4,"524",Standard
18435,54,1,2377,5,2,4,"524",Standard
19008,57,1,1760,5,2,4,"524",Standard
18515,46,1,2397,5,2,4,"524",Standard
18586,35,1,2322,5,2,4,"524",Standard
16914,63,1,2362,5,2,4,"524",Standard
18614,41,1,2320,5,2,4,"524",Standard
18827,34,1,2330,5,2,4,"524",Standard
18363,41,1,1701,5,2,4,"524",Standard
18539,35,1,2357,5,2,4,"524",Standard
22602,54,1,1755,5,2,4,"524",Standard
28102,34,1,1300,5,2,4,"524",Standard
26958,38,1,1732,5,2,4,"524",Standard
18860,55,1,2395,5,2,4,"524",Standard
18413,37,1,2396,5,2,4,"524",Standard
18804,45,1,1810,5,2,4,"524",Standard
26354,67,1,1751,5,2,4,"524",Standard
17536,67,1,2377,5,2,4,"524",Standard
18394,45,1,2297,5,2,4,"524",Standard
18565,69,1,1789,5,2,4,"524",Standard
18514,54,1,2390,5,2,4,"524",Standard
18432,54,1,2351,5,2,4,"524",Standard
17553,69,1,2343,5,2,4,"524",Standard
27872,44,1,2393,5,2,4,"524",Standard
18537,55,1,2295,5,2,4,"524",Standard
13852,63,1,2295,5,2,4,"524",Standard
18051,59,1,1736,5,2,4,"524",Standard
25770,37,1,2295,5,2,4,"524",Standard
27319,36,1,1775,5,2,4,"524",Standard
18594,45,1,2326,5,2,4,"524",Standard
22608,44,1,1745,5,2,4,"524",Standard
16968,73,1,2326,5,2,4,"524",Standard
18806,61,1,1786,5,2,4,"524",Standard
13918,45,1,2398,5,2,4,"524",Standard
26984,54,1,1765,5,2,4,"524",Standard
17592,68,1,2335,5,2,4,"524",Standard
13706,63,1,2337,5,2,4,"524",Standard
21297,45,1,1736,5,2,4,"524",Standard
18802,65,1,1793,5,2,4,"524",Standard
18817,37,1,2357,5,2,4,"524",Standard
17362,67,1,2310,5,2,4,"524",Standard
18840,62,1,2295,5,2,4,"524",Standard
13987,37,1,2330,5,2,4,"524",Standard
17005,70,1,2376,5,2,4,"524",Standard
18613,45,1,2342,5,2,4,"524",Standard
18782,43,1,2398,5,2,4,"524",Standard
18478,54,1,2380,5,2,4,"524",Standard
19157,35,1,1701,5,2,4,"524",Standard
18480,43,1,2330,5,2,4,"524",Standard
18351,68,1,2320,5,2,4,"524",Standard
22600,45,1,1736,5,2,4,"524",Standard
21527,35,1,2295,5,2,4,"524",Standard
18437,58,1,2360,5,2,4,"524",Standard
17591,64,1,2337,5,2,4,"524",Standard
21538,41,1,2370,5,2,4,"524",Standard
18610,35,1,2297,5,2,4,"524",Standard
13398,70,1,2322,5,2,4,"524",Standard
18818,41,1,2319,5,2,4,"524",Standard
26957,50,1,1760,5,2,4,"524",Standard
18375,41,1,2345,5,2,4,"524",Standard
18398,51,1,2351,5,2,4,"524",Standard
18386,51,1,2310,5,2,4,"524",Standard
17401,65,1,2330,5,2,4,"524",Standard
18427,50,1,2334,5,2,4,"524",Standard
18783,35,1,2362,5,2,4,"524",Standard
21827,42,1,2355,5,2,4,"524",Standard
18643,50,1,2320,5,2,4,"524",Standard
17858,72,1,1701,5,2,4,"524",Standard
18497,51,1,2330,5,2,4,"524",Standard
18882,65,1,2322,5,2,4,"524",Standard
22635,51,1,1728,5,2,4,"524",Standard
19117,43,1,1751,5,2,4,"524",Standard
19002,51,1,1730,5,2,4,"524",Standard
19133,50,1,1701,5,2,4,"524",Standard
24841,44,1,2319,5,2,4,"524",Standard
18849,58,1,2367,5,2,4,"524",Standard
26829,37,1,1728,5,2,4,"524",Standard
13370,73,1,2330,5,2,4,"524",Standard
18103,51,1,1736,5,2,4,"524",Standard
17861,68,1,1750,5,2,4,"524",Standard
18616,65,1,1730,5,2,4,"524",Standard
18532,45,1,2345,5,2,4,"524",Standard
16912,65,1,2380,5,2,4,"524",Standard
18561,34,1,2390,5,2,4,"524",Standard
19710,72,1,2352,5,2,4,"524",Standard
18578,51,1,2352,5,2,4,"524",Standard
21828,50,1,2322,5,2,4,"524",Standard
18324,43,1,1736,5,2,4,"524",Standard
18481,57,1,2319,5,2,4,"524",Standard
22636,38,1,1701,5,2,4,"524",Standard
18789,40,1,2295,5,2,4,"524",Standard
18790,73,1,1728,5,2,4,"524",Standard
18922,63,1,2327,5,2,4,"524",Standard
23612,49,1,2396,5,2,4,"524",Standard
18824,62,1,2395,5,2,4,"524",Standard
18441,49,1,2380,5,2,4,"524",Standard
19114,37,1,1736,5,2,4,"524",Standard
18091,56,1,1751,5,2,4,"524",Standard
21505,61,1,2355,5,2,4,"524",Standard
23621,44,1,2310,5,2,4,"524",Standard
18581,49,1,2352,5,2,4,"524",Standard
18518,39,1,2380,5,2,4,"524",Standard
18781,35,1,2362,5,2,4,"524",Standard
22611,67,1,1775,5,2,4,"524",Standard
25493,49,1,1243,5,2,4,"524",Standard
18869,61,1,1736,5,2,4,"524",Standard
18376,45,1,2370,5,2,4,"524",Standard
26867,58,1,1728,5,2,4,"524",Standard
27871,38,1,2384,5,2,4,"524",Standard
18866,49,1,1701,5,2,4,"524",Standard
18426,36,1,2362,5,2,4,"524",Standard
19131,49,1,1725,5,2,4,"524",Standard
18538,38,1,2320,5,2,4,"524",Standard
19112,34,1,1765,5,2,4,"524",Standard
18914,49,1,1726,5,2,4,"524",Standard
19120,49,1,1730,5,2,4,"524",Standard
25649,65,1,1265,5,2,4,"524",Standard
18525,55,1,1736,5,2,4,"524",Standard
22566,65,1,1701,5,2,4,"524",Standard
18528,56,1,2382,5,2,4,"524",Standard
18864,56,1,2332,5,2,4,"524",Standard
19137,49,1,1736,5,2,4,"524",Standard
17475,68,1,2371,5,2,4,"524",Standard
18850,56,1,2376,5,2,4,"524",Standard
18878,60,1,2391,5,2,4,"524",Standard
19124,37,1,1755,5,2,4,"524",Standard
18829,58,1,2355,5,2,4,"524",Standard
17655,67,1,1751,5,2,4,"524",Standard
19158,49,1,1736,5,2,4,"524",Standard
18429,52,1,2342,5,2,4,"524",Standard
18832,49,1,2335,5,2,4,"524",Standard
22616,63,1,1736,5,2,4,"524",Standard
22604,49,1,1736,5,2,4,"524",Standard
22605,49,1,1751,5,2,4,"524",Standard
22526,72,1,1732,5,2,4,"524",Standard
18999,49,1,1755,5,2,4,"524",Standard
17524,70,1,2317,5,2,4,"524",Standard
17612,67,1,2352,5,2,4,"524",Standard
21506,43,1,2370,5,2,4,"524",Standard
27180,62,1,1269,5,2,4,"524",Standard
18388,42,1,2337,5,2,4,"524",Standard
22618,55,1,1701,5,2,4,"524",Standard
18638,69,1,1760,5,2,4,"524",Standard
20553,67,1,2355,5,2,4,"524",Standard
23605,62,1,2345,5,2,4,"524",Standard
18639,65,1,1701,5,2,4,"524",Standard
18118,62,1,1751,5,2,4,"524",Standard
22803,41,1,2365,5,2,4,"524",Standard
26363,73,1,1745,5,2,4,"524",Standard
18582,44,1,2319,5,2,4,"524",Standard
18372,49,1,1760,5,2,4,"524",Standard
25463,35,1,2384,5,2,4,"524",Standard
25084,49,1,2393,5,2,4,"524",Standard
28091,66,1,1250,5,2,4,"524",Standard
21291,42,1,1736,5,2,4,"524",Standard
18854,42,1,1755,5,2,4,"524",Standard
18381,52,1,2359,5,2,4,"524",Standard
18998,55,1,1785,5,2,4,"524",Standard
18368,42,1,1755,5,2,4,"524",Standard
18608,66,1,1715,5,2,4,"524",Standard
18399,58,1,2335,5,2,4,"524",Standard
18418,33,1,2322,5,2,4,"524",Standard
18865,49,1,1779,5,2,4,"524",Standard
18362,61,1,1725,5,2,4,"524",Standard
18560,56,1,2367,5,2,4,"524",Standard
18838,44,1,2377,5,2,4,"524",Standard
22586,65,1,1739,5,2,4,"524",Standard
18979,52,1,1750,5,2,4,"524",Standard
16915,63,1,2375,5,2,4,"524",Standard
21833,52,1,2295,5,2,4,"524",Standard
25786,44,1,2330,5,2,4,"524",Standard
18479,43,1,2352,5,2,4,"524",Standard
18436,48,1,2295,5,2,4,"524",Standard
17594,64,1,2377,5,2,4,"524",Standard
18679,71,1,1701,5,2,4,"524",Standard
26404,39,1,1775,5,2,4,"524",Standard
18089,62,1,1736,5,2,4,"524",Standard
17508,69,1,2325,5,2,4,"524",Standard
25777,56,1,2310,5,2,4,"524",Standard
18508,48,1,2360,5,2,4,"524",Standard
27324,52,1,2365,5,2,4,"524",Standard
18858,42,1,1810,5,2,4,"524",Standard
22816,48,1,2341,5,2,4,"524",Standard
16989,65,1,2320,5,2,4,"524",Standard
18881,38,1,2360,5,2,4,"524",Standard
18615,48,1,2335,5,2,4,"524",Standard
18513,56,1,2342,5,2,4,"524",Standard
18460,56,1,2342,5,2,4,"524",Standard
21835,52,1,2361,5,2,4,"524",Standard
13853,48,1,2330,5,2,4,"524",Standard
25700,47,1,1269,5,2,4,"524",Standard
21537,52,1,2320,5,2,4,"524",Standard
22810,39,1,2355,5,2,4,"524",Standard
17453,66,1,2377,5,2,4,"524",Standard
17417,68,1,2355,5,2,4,"524",Standard
11512,33,1,2320,5,2,4,"524",Standard
19119,47,1,1765,5,2,4,"524",Standard
18403,35,1,2319,5,2,4,"524",Standard
27951,47,1,2335,5,2,4,"524",Standard
17421,69,1,2377,5,2,4,"524",Standard
18607,65,1,1751,5,2,4,"524",Standard
26983,34,1,1745,5,2,4,"524",Standard
19156,53,1,1728,5,2,4,"524",Standard
18867,58,1,1751,5,2,4,"524",Standard
26406,44,1,2334,5,2,4,"524",Standard
18955,62,1,1755,5,2,4,"524",Standard
18406,37,1,2355,5,2,4,"524",Standard
17420,69,1,2370,5,2,4,"524",Standard
19148,47,1,1751,5,2,4,"524",Standard
18547,37,1,2352,5,2,4,"524",Standard
18563,66,1,1751,5,2,4,"524",Standard
17135,71,1,2379,5,2,4,"524",Standard
17141,63,1,2377,5,2,4,"524",Standard
18655,63,1,1736,5,2,4,"524",Standard
19205,47,1,1250,5,2,4,"524",Standard
22637,56,1,1715,5,2,4,"524",Standard
19146,36,1,1765,5,2,4,"524",Standard
16983,68,1,2357,5,2,4,"524",Standard
17446,63,1,2385,5,2,4,"524",Standard
18868,62,1,1760,5,2,4,"524",Standard
18788,70,1,2352,5,2,4,"524",Standard
21542,53,1,2330,5,2,4,"524",Standard
19003,39,1,1765,5,2,4,"524",Standard
22824,47,1,2305,5,2,4,"524",Standard
17427,67,1,2372,5,2,4,"524",Standard
18512,55,1,2350,5,2,4,"524",Standard
18611,56,1,2392,5,2,4,"524",Standard
18951,64,1,2335,5,2,4,"524",Standard
18819,56,1,2345,5,2,4,"524",Standard
29392,53,1,2393,5,2,4,"524",Standard
19016,47,1,1751,5,2,4,"524",Standard
22836,53,1,2335,5,2,4,"524",Standard
18393,59,1,2295,5,2,4,"524",Standard
18527,62,1,2320,5,2,4,"524",Standard
17563,72,1,2398,5,2,4,"524",Standard
18395,55,1,2375,5,2,4,"524",Standard
18592,62,1,2295,5,2,4,"524",Standard
17865,63,1,1790,5,2,4,"524",Standard
22634,38,1,1775,5,2,4,"524",Standard
26388,53,1,2355,5,2,4,"524",Standard
23603,43,1,2373,5,2,4,"524",Standard
18862,57,1,2354,5,2,4,"524",Standard
18856,38,1,1736,5,2,4,"524",Standard
19108,53,1,1701,5,2,4,"524",Standard
18422,53,1,2352,5,2,4,"524",Standard
22797,41,1,2310,5,2,4,"524",Standard
18894,47,1,2317,5,2,4,"524",Standard
18526,37,1,2318,5,2,4,"524",Standard
13916,47,1,2355,5,2,4,"524",Standard
18428,53,1,2332,5,2,4,"524",Standard
19109,46,1,1728,5,2,4,"524",Standard
18785,63,1,2351,5,2,4,"524",Standard
22800,53,1,2360,5,2,4,"524",Standard
18442,46,1,2312,5,2,4,"524",Standard
18803,55,1,1751,5,2,4,"524",Standard
19125,60,1,1736,5,2,4,"524",Standard
17017,63,1,2332,5,2,4,"524",Standard
27305,46,1,1715,5,2,4,"524",Standard
18857,41,1,1736,5,2,4,"524",Standard
24233,61,1,554,5,2,3,"523",Standard
24231,36,1,564,5,2,3,"523",Standard
24356,39,1,615,5,2,3,"523",Standard
29375,36,1,756,5,2,3,"523",Standard
24385,39,1,563,5,2,3,"523",Standard
21793,65,1,1155,5,2,3,"523",Standard
27687,39,1,1183,5,2,3,"523",Standard
23885,39,1,540,5,2,3,"523",Standard
24327,36,1,549,5,2,3,"523",Standard
25591,36,1,549,5,2,3,"523",Standard
22140,36,1,1120,5,2,3,"523",Standard
29831,62,1,352,5,2,3,"523",Standard
29314,71,1,564,5,2,3,"523",Standard
23870,40,1,625,5,2,3,"523",Standard
28189,40,1,568,5,2,3,"523",Standard
27860,40,1,615,5,2,3,"523",Standard
25595,40,1,554,5,2,3,"523",Standard
18956,40,1,848,5,2,3,"523",Standard
27862,40,1,549,5,2,3,"523",Standard
24387,36,1,540,5,2,3,"523",Standard
23855,71,1,624,5,2,3,"523",Standard
21434,35,1,1183,5,2,3,"523",Standard
20753,40,1,540,5,2,3,"523",Standard
24308,35,1,613,5,2,3,"523",Standard
21924,35,1,1120,5,2,3,"523",Standard
24254,35,1,603,5,2,3,"523",Standard
23508,71,1,561,5,2,3,"523",Standard
28511,40,1,563,5,2,3,"523",Standard
28527,40,1,564,5,2,3,"523",Standard
24324,41,1,600,5,2,3,"523",Standard
27701,41,1,1155,5,2,3,"523",Standard
25577,35,1,1155,5,2,3,"523",Standard
22062,41,1,1120,5,2,3,"523",Standard
25585,35,1,1188,5,2,3,"523",Standard
25489,35,1,1148,5,2,3,"523",Standard
24329,41,1,603,5,2,3,"523",Standard
27861,41,1,540,5,2,3,"523",Standard
21386,35,1,540,5,2,3,"523",Standard
27723,41,1,1155,5,2,3,"523",Standard
23233,35,1,640,5,2,3,"523",Standard
24406,41,1,196,5,2,3,"523",Standard
21672,35,1,1155,5,2,3,"523",Standard
14690,41,1,129,5,2,3,"523",Standard
27712,35,1,1174,5,2,3,"523",Standard
21436,35,1,1194,5,2,3,"523",Standard
19848,41,1,124,5,2,3,"523",Standard
22188,41,1,1180,5,2,3,"523",Standard
27784,71,1,751,5,2,3,"523",Standard
22061,35,1,1145,5,2,3,"523",Standard
29344,35,1,549,5,2,3,"523",Standard
22318,35,1,1174,5,2,3,"523",Standard
23480,71,1,540,5,2,3,"523",Standard
25589,42,1,540,5,2,3,"523",Standard
29343,42,1,554,5,2,3,"523",Standard
23872,42,1,556,5,2,3,"523",Standard
14564,42,1,125,5,2,3,"523",Standard
22220,35,1,1180,5,2,3,"523",Standard
28284,42,1,564,5,2,3,"523",Standard
28515,42,1,565,5,2,3,"523",Standard
26282,42,1,124,5,2,3,"523",Standard
20936,35,1,1134,5,2,3,"523",Standard
22370,35,1,160,5,2,3,"523",Standard
26374,10,1,124,5,2,3,"523",Standard
19236,42,1,120,5,2,3,"523",Standard
24238,42,1,609,5,2,3,"523",Standard
22523,42,1,807,5,2,3,"523",Standard
20201,2,1,133,5,2,3,"523",Standard
27699,42,1,1155,5,2,3,"523",Standard
20905,42,1,1155,5,2,3,"523",Standard
22235,42,1,1155,5,2,3,"523",Standard
27818,34,1,608,5,2,3,"523",Standard
21788,65,1,1120,5,2,3,"523",Standard
15334,34,1,848,5,2,3,"523",Standard
24336,43,1,549,5,2,3,"523",Standard
19668,43,1,120,5,2,3,"523",Standard
16230,43,1,619,5,2,3,"523",Standard
29345,34,1,575,5,2,3,"523",Standard
24037,34,1,540,5,2,3,"523",Standard
22005,34,1,135,5,2,3,"523",Standard
22238,34,1,1155,5,2,3,"523",Standard
27863,43,1,565,5,2,3,"523",Standard
21991,8,1,121,5,2,3,"523",Standard
22236,34,1,1180,5,2,3,"523",Standard
24232,43,1,554,5,2,3,"523",Standard
27694,43,1,1184,5,2,3,"523",Standard
24402,43,1,575,5,2,3,"523",Standard
18887,34,1,133,5,2,3,"523",Standard
24286,43,1,576,5,2,3,"523",Standard
21429,43,1,1174,5,2,3,"523",Standard
21385,43,1,609,5,2,3,"523",Standard
21435,43,1,1170,5,2,3,"523",Standard
28368,33,1,791,5,2,3,"523",Standard
28357,43,1,133,5,2,3,"523",Standard
28617,44,1,179,5,2,3,"523",Standard
28517,33,1,578,5,2,3,"523",Standard
22253,33,1,1174,5,2,3,"523",Standard
25596,44,1,540,5,2,3,"523",Standard
18805,3,1,133,5,2,3,"523",Standard
25604,44,1,1174,5,2,3,"523",Standard
18834,33,1,120,5,2,3,"523",Standard
19840,33,1,120,5,2,3,"523",Standard
24328,44,1,575,5,2,3,"523",Standard
21932,44,1,1158,5,2,3,"523",Standard
25603,44,1,1169,5,2,3,"523",Standard
27817,44,1,564,5,2,3,"523",Standard
18813,10,1,129,5,2,3,"523",Standard
23884,33,1,603,5,2,3,"523",Standard
25303,71,1,575,5,2,3,"523",Standard
24326,44,1,556,5,2,3,"523",Standard
25597,44,1,540,5,2,3,"523",Standard
20926,44,1,1120,5,2,3,"523",Standard
21992,33,1,184,5,2,3,"523",Standard
25571,44,1,589,5,2,3,"523",Standard
20144,32,1,120,5,2,3,"523",Standard
19226,7,1,120,5,2,3,"523",Standard
27773,71,1,777,5,2,3,"523",Standard
19885,32,1,124,5,2,3,"523",Standard
26528,32,1,128,5,2,3,"523",Standard
22036,45,1,1155,5,2,3,"523",Standard
27881,45,1,777,5,2,3,"523",Standard
15738,45,1,166,5,2,3,"523",Standard
22391,45,1,1174,5,2,3,"523",Standard
25856,45,1,750,5,2,3,"523",Standard
15530,45,1,846,5,2,3,"523",Standard
22617,45,1,807,5,2,3,"523",Standard
24337,45,1,600,5,2,3,"523",Standard
16210,45,1,646,5,2,3,"523",Standard
26427,71,1,124,5,2,3,"523",Standard
21695,64,1,1169,5,2,3,"523",Standard
28634,7,1,127,5,2,3,"523",Standard
28428,71,1,603,5,2,3,"523",Standard
24400,46,1,609,5,2,3,"523",Standard
25502,46,1,1174,5,2,3,"523",Standard
20003,46,1,580,5,2,3,"523",Standard
16136,64,1,565,5,2,3,"523",Standard
22684,64,1,549,5,2,3,"523",Standard
20015,46,1,565,5,2,3,"523",Standard
23896,46,1,549,5,2,3,"523",Standard
29027,46,1,575,5,2,3,"523",Standard
22149,31,1,124,5,2,3,"523",Standard
23833,64,1,723,5,2,3,"523",Standard
23932,64,1,589,5,2,3,"523",Standard
20762,46,1,124,5,2,3,"523",Standard
27895,46,1,811,5,2,3,"523",Standard
23836,71,1,599,5,2,3,"523",Standard
24311,46,1,625,5,2,3,"523",Standard
18965,11,1,124,5,2,3,"523",Standard
14575,7,1,186,5,2,3,"523",Standard
26613,11,1,139,5,2,3,"523",Standard
17656,71,1,578,5,2,3,"523",Standard
28741,46,1,1169,5,2,3,"523",Standard
20934,47,1,1145,5,2,3,"523",Standard
19667,72,1,151,5,2,3,"523",Standard
27810,47,1,578,5,2,3,"523",Standard
26755,47,1,124,5,2,3,"523",Standard
25551,47,1,144,5,2,3,"523",Standard
18891,30,1,120,5,2,3,"523",Standard
28069,64,1,554,5,2,3,"523",Standard
23838,71,1,540,5,2,3,"523",Standard
22013,47,1,565,5,2,3,"523",Standard
25189,29,1,153,5,2,3,"523",Standard
22221,47,1,1155,5,2,3,"523",Standard
28693,47,1,575,5,2,3,"523",Standard
21910,47,1,1174,5,2,3,"523",Standard
26772,29,1,124,5,2,3,"523",Standard
28702,73,1,1193,5,2,3,"523",Standard
15323,71,1,804,5,2,3,"523",Standard
25578,48,1,1155,5,2,3,"523",Standard
21411,64,1,1148,5,2,3,"523",Standard
20751,48,1,575,5,2,3,"523",Standard
15113,11,1,120,5,2,3,"523",Standard
28752,48,1,1155,5,2,3,"523",Standard
21054,48,1,625,5,2,3,"523",Standard
27516,28,1,124,5,2,3,"523",Standard
16128,48,1,540,5,2,3,"523",Standard
25583,48,1,584,5,2,3,"523",Standard
25693,48,1,1237,5,2,3,"523",Standard
20076,70,1,554,5,2,3,"523",Standard
21746,70,1,1174,5,2,3,"523",Standard
27898,48,1,751,5,2,3,"523",Standard
13323,48,1,142,5,2,3,"523",Standard
24224,48,1,540,5,2,3,"523",Standard
25590,49,1,584,5,2,3,"523",Standard
21785,69,1,1155,5,2,3,"523",Standard
19992,69,1,587,5,2,3,"523",Standard
24334,49,1,575,5,2,3,"523",Standard
23587,64,1,565,5,2,3,"523",Standard
21641,64,1,1120,5,2,3,"523",Standard
27377,27,1,129,5,2,3,"523",Standard
18846,27,1,133,5,2,3,"523",Standard
21930,49,1,1234,5,2,3,"523",Standard
23799,49,1,1229,5,2,3,"523",Standard
28103,49,1,1215,5,2,3,"523",Standard
21596,70,1,1155,5,2,3,"523",Standard
24038,49,1,570,5,2,3,"523",Standard
25584,49,1,1169,5,2,3,"523",Standard
25501,49,1,1155,5,2,3,"523",Standard
27714,49,1,1155,5,2,3,"523",Standard
27733,49,1,157,5,2,3,"523",Standard
21931,49,1,1120,5,2,3,"523",Standard
22619,49,1,819,5,2,3,"523",Standard
20276,25,1,129,5,2,3,"523",Standard
19234,50,1,120,5,2,3,"523",Standard
21100,50,1,1178,5,2,3,"523",Standard
25599,50,1,1174,5,2,3,"523",Standard
16228,50,1,570,5,2,3,"523",Standard
24234,50,1,564,5,2,3,"523",Standard
23707,72,1,565,5,2,3,"523",Standard
28503,50,1,578,5,2,3,"523",Standard
23882,50,1,603,5,2,3,"523",Standard
24873,64,1,549,5,2,3,"523",Standard
28508,50,1,575,5,2,3,"523",Standard
22241,50,1,1149,5,2,3,"523",Standard
28692,51,1,540,5,2,3,"523",Standard
28119,51,1,575,5,2,3,"523",Standard
25468,72,1,549,5,2,3,"523",Standard
22680,73,1,621,5,2,3,"523",Standard
20078,70,1,629,5,2,3,"523",Standard
23840,69,1,540,5,2,3,"523",Standard
23871,51,1,674,5,2,3,"523",Standard
16576,24,1,149,5,2,3,"523",Standard
20004,51,1,590,5,2,3,"523",Standard
18920,12,1,129,5,2,3,"523",Standard
25636,51,1,1174,5,2,3,"523",Standard
20966,52,1,1120,5,2,3,"523",Standard
24631,72,1,146,5,2,3,"523",Standard
23908,64,1,575,5,2,3,"523",Standard
28024,13,1,195,5,2,3,"523",Standard
20002,52,1,590,5,2,3,"523",Standard
20901,52,1,1120,5,2,3,"523",Standard
15574,23,1,127,5,2,3,"523",Standard
27899,52,1,777,5,2,3,"523",Standard
27743,52,1,1155,5,2,3,"523",Standard
27986,52,1,554,5,2,3,"523",Standard
20033,52,1,567,5,2,3,"523",Standard
13671,2,1,135,5,2,3,"523",Standard
21723,69,1,1205,5,2,3,"523",Standard
25448,72,1,1174,5,2,3,"523",Standard
28466,22,1,120,5,2,3,"523",Standard
13338,4,1,122,5,2,3,"523",Standard
24295,52,1,609,5,2,3,"523",Standard
24291,52,1,540,5,2,3,"523",Standard
21928,53,1,1170,5,2,3,"523",Standard
28134,53,1,575,5,2,3,"523",Standard
22245,53,1,1188,5,2,3,"523",Standard
24325,53,1,568,5,2,3,"523",Standard
27713,53,1,1159,5,2,3,"523",Standard
23709,63,1,549,5,2,3,"523",Standard
20012,53,1,555,5,2,3,"523",Standard
21926,53,1,1199,5,2,3,"523",Standard
18993,53,1,129,5,2,3,"523",Standard
27698,53,1,1180,5,2,3,"523",Standard
24057,54,1,575,5,2,3,"523",Standard
14206,21,1,157,5,2,3,"523",Standard
16229,54,1,572,5,2,3,"523",Standard
23873,54,1,629,5,2,3,"523",Standard
27697,54,1,1120,5,2,3,"523",Standard
27715,54,1,1148,5,2,3,"523",Standard
21066,13,1,131,5,2,3,"523",Standard
23895,54,1,540,5,2,3,"523",Standard
27696,54,1,1183,5,2,3,"523",Standard
22152,54,1,1205,5,2,3,"523",Standard
18774,4,1,133,5,2,3,"523",Standard
24388,54,1,589,5,2,3,"523",Standard
23878,54,1,589,5,2,3,"523",Standard
18977,55,1,129,5,2,3,"523",Standard
25552,55,1,554,5,2,3,"523",Standard
27349,20,1,124,5,2,3,"523",Standard
20091,70,1,563,5,2,3,"523",Standard
27702,55,1,1155,5,2,3,"523",Standard
19897,72,1,597,5,2,3,"523",Standard
24428,72,1,153,5,2,3,"523",Standard
24321,55,1,549,5,2,3,"523",Standard
20744,55,1,549,5,2,3,"523",Standard
28474,55,1,565,5,2,3,"523",Standard
24964,13,1,122,5,2,3,"523",Standard
27984,63,1,561,5,2,3,"523",Standard
28120,55,1,540,5,2,3,"523",Standard
25582,55,1,1164,5,2,3,"523",Standard
23958,72,1,663,5,2,3,"523",Standard
20404,19,1,125,5,2,3,"523",Standard
21923,55,1,1120,5,2,3,"523",Standard
24323,56,1,600,5,2,3,"523",Standard
16216,56,1,614,5,2,3,"523",Standard
24221,56,1,554,5,2,3,"523",Standard
27946,72,1,1143,5,2,3,"523",Standard
18503,5,1,124,5,2,3,"523",Standard
28132,56,1,549,5,2,3,"523",Standard
20134,4,1,149,5,2,3,"523",Standard
21929,56,1,1183,5,2,3,"523",Standard
22137,56,1,1184,5,2,3,"523",Standard
21644,69,1,1145,5,2,3,"523",Standard
21937,56,1,1134,5,2,3,"523",Standard
28195,56,1,575,5,2,3,"523",Standard
20275,17,1,133,5,2,3,"523",Standard
27987,57,1,554,5,2,3,"523",Standard
24330,57,1,575,5,2,3,"523",Standard
20056,70,1,144,5,2,3,"523",Standard
22243,57,1,1170,5,2,3,"523",Standard
24335,57,1,575,5,2,3,"523",Standard
22229,57,1,1148,5,2,3,"523",Standard
23880,57,1,554,5,2,3,"523",Standard
19893,2,1,120,5,2,3,"523",Standard
28438,57,1,575,5,2,3,"523",Standard
21660,70,1,1134,5,2,3,"523",Standard
29001,57,1,625,5,2,3,"523",Standard
25598,57,1,1152,5,2,3,"523",Standard
25511,69,1,1134,5,2,3,"523",Standard
23493,69,1,549,5,2,3,"523",Standard
28477,57,1,549,5,2,3,"523",Standard
23886,57,1,563,5,2,3,"523",Standard
25365,57,1,781,5,2,3,"523",Standard
23887,58,1,549,5,2,3,"523",Standard
27169,58,1,1215,5,2,3,"523",Standard
21038,58,1,574,5,2,3,"523",Standard
21052,58,1,1120,5,2,3,"523",Standard
16125,58,1,589,5,2,3,"523",Standard
20955,58,1,1164,5,2,3,"523",Standard
17801,68,1,126,5,2,3,"523",Standard
27846,58,1,791,5,2,3,"523",Standard
28568,68,1,1145,5,2,3,"523",Standard
25575,58,1,540,5,2,3,"523",Standard
24542,58,1,124,5,2,3,"523",Standard
28616,58,1,120,5,2,3,"523",Standard
21428,69,1,1155,5,2,3,"523",Standard
25446,68,1,1152,5,2,3,"523",Standard
24239,59,1,589,5,2,3,"523",Standard
16296,59,1,123,5,2,3,"523",Standard
29311,68,1,604,5,2,3,"523",Standard
28135,59,1,549,5,2,3,"523",Standard
16121,68,1,614,5,2,3,"523",Standard
27854,59,1,750,5,2,3,"523",Standard
29374,59,1,742,5,2,3,"523",Standard
28564,63,1,1174,5,2,3,"523",Standard
27161,63,1,1237,5,2,3,"523",Standard
22699,68,1,163,5,2,3,"523",Standard
18954,70,1,893,5,2,3,"523",Standard
22246,59,1,1170,5,2,3,"523",Standard
16211,59,1,587,5,2,3,"523",Standard
21740,16,1,131,5,2,3,"523",Standard
24333,59,1,617,5,2,3,"523",Standard
20894,67,1,1155,5,2,3,"523",Standard
23841,69,1,659,5,2,3,"523",Standard
28516,60,1,564,5,2,3,"523",Standard
23844,67,1,564,5,2,3,"523",Standard
24296,60,1,575,5,2,3,"523",Standard
21749,67,1,1155,5,2,3,"523",Standard
21777,67,1,181,5,2,3,"523",Standard
20895,60,1,1120,5,2,3,"523",Standard
27589,60,1,1183,5,2,3,"523",Standard
23881,60,1,549,5,2,3,"523",Standard
22111,60,1,1174,5,2,3,"523",Standard
21941,60,1,1174,5,2,3,"523",Standard
24331,60,1,549,5,2,3,"523",Standard
28726,67,1,779,5,2,3,"523",Standard
24029,60,1,563,5,2,3,"523",Standard
16303,4,1,150,5,2,3,"523",Standard
24056,60,1,629,5,2,3,"523",Standard
25601,60,1,584,5,2,3,"523",Standard
21427,63,1,1155,5,2,3,"523",Standard
20090,63,1,549,5,2,3,"523",Standard
21919,67,1,1120,5,2,3,"523",Standard
21920,67,1,1184,5,2,3,"523",Standard
22248,60,1,1134,5,2,3,"523",Standard
25694,60,1,1224,5,2,3,"523",Standard
27587,67,1,1145,5,2,3,"523",Standard
27973,67,1,540,5,2,3,"523",Standard
21967,61,1,124,5,2,3,"523",Standard
28133,61,1,575,5,2,3,"523",Standard
14514,4,1,142,5,2,3,"523",Standard
16215,39,1,618,5,2,3,"523",Standard
20367,61,1,129,5,2,3,"523",Standard
28530,62,1,589,5,2,3,"523",Standard
28437,61,1,568,5,2,3,"523",Standard
27695,61,1,1120,5,2,3,"523",Standard
21643,66,1,1170,5,2,3,"523",Standard
29870,62,1,672,5,2,3,"523",Standard
20749,62,1,625,5,2,3,"523",Standard
25525,66,1,663,5,2,3,"523",Standard
25572,66,1,1169,5,2,3,"523",Standard
29346,62,1,568,5,2,3,"523",Standard
27969,66,1,599,5,2,3,"523",Standard
25309,66,1,563,5,2,3,"523",Standard
25451,65,1,575,5,2,3,"523",Standard
19895,16,1,129,5,2,3,"523",Standard
28160,65,1,575,5,2,3,"523",Standard
19995,70,1,619,5,2,3,"523",Standard
22218,37,1,1155,5,2,3,"523",Standard
25587,37,1,540,5,2,3,"523",Standard
24028,38,1,598,5,2,3,"523",Standard
27590,38,1,1189,5,2,3,"523",Standard
28525,38,1,575,5,2,3,"523",Standard
23883,37,1,576,5,2,3,"523",Standard
20011,38,1,540,5,2,3,"523",Standard
24338,38,1,554,5,2,3,"523",Standard
20013,38,1,540,5,2,3,"523",Standard
19850,38,1,120,5,2,3,"523",Standard
29381,38,1,811,5,2,3,"523",Standard
26166,37,1,129,5,2,3,"523",Standard
21927,37,1,1145,5,2,3,"523",Standard
29072,37,1,129,5,2,3,"523",Standard
21437,38,1,1137,5,2,3,"523",Standard
22186,38,1,1174,5,2,3,"523",Standard
24032,39,1,564,5,2,3,"523",Standard
25610,36,1,575,5,2,3,"523",Standard
21685,65,1,1205,5,2,3,"523",Standard
20737,9,1,129,5,2,3,"523",Standard
22016,36,1,575,5,2,3,"523",Standard
28118,39,1,589,5,2,3,"523",Standard
23499,71,1,540,5,2,3,"523",Standard
18941,36,1,124,5,2,3,"523",Standard
29041,36,1,628,5,2,3,"523",Standard
21296,14,1,100,5,1,3,"513",Standard
16233,16,1,114,5,1,3,"513",Standard
22483,57,1,110,5,1,3,"513",Standard
15383,11,1,114,5,1,3,"513",Standard
19486,14,1,119,5,1,3,"513",Standard
26396,14,1,119,5,1,3,"513",Standard
25346,19,1,115,5,1,3,"513",Standard
21080,20,1,110,5,1,3,"513",Standard
23971,54,1,99,5,1,3,"513",Standard
25237,13,1,118,5,1,3,"513",Standard
14361,24,1,107,5,1,3,"513",Standard
28406,6,1,100,5,1,3,"513",Standard
22305,25,1,120,5,1,3,"513",Standard
21395,25,1,99,5,1,3,"513",Standard
23020,26,1,107,5,1,3,"513",Standard
25330,32,1,100,5,1,3,"513",Standard
15670,44,1,115,5,1,3,"513",Standard
13833,73,1,107,5,1,3,"513",Standard
18732,3,1,114,5,1,3,"513",Standard
18507,27,1,103,5,1,3,"513",Standard
19377,10,1,116,5,1,3,"513",Standard
21524,2,1,115,5,1,3,"513",Standard
15650,47,1,115,5,1,3,"513",Standard
14621,41,1,103,5,1,3,"513",Standard
24657,64,1,100,5,1,3,"513",Standard
26781,16,1,110,5,1,3,"513",Standard
24287,46,1,100,5,1,3,"513",Standard
13390,31,1,100,5,1,3,"513",Standard
14551,41,1,112,5,1,3,"513",Standard
23552,66,1,103,5,1,3,"513",Standard
29100,62,1,103,5,1,3,"513",Standard
25812,61,1,114,5,1,3,"513",Standard
21675,15,1,100,5,1,3,"513",Standard
13389,61,1,116,5,1,3,"513",Standard
21792,61,1,114,5,1,3,"513",Standard
19385,60,1,117,5,1,3,"513",Standard
25200,36,1,100,5,1,3,"513",Standard
28581,59,1,120,5,1,3,"513",Standard
27480,7,1,119,5,1,3,"513",Standard
26907,68,1,108,5,1,3,"513",Standard
20356,46,1,79,5,1,2,"512",Standard
21717,2,1,45,5,1,2,"512",Standard
27686,2,1,75,5,1,2,"512",Standard
21163,2,1,73,5,1,2,"512",Standard
15160,2,1,99,5,1,2,"512",Standard
14114,2,1,85,5,1,2,"512",Standard
13753,2,1,85,5,1,2,"512",Standard
26832,2,1,80,5,1,2,"512",Standard
19072,2,1,49,5,1,2,"512",Standard
20601,2,1,80,5,1,2,"512",Standard
14029,2,1,57,5,1,2,"512",Standard
26564,2,1,50,5,1,2,"512",Standard
26361,3,1,54,5,1,2,"512",Standard
27640,3,1,60,5,1,2,"512",Standard
29216,3,1,92,5,1,2,"512",Standard
13929,3,1,77,5,1,2,"512",Standard
24672,3,1,72,5,1,2,"512",Standard
22341,3,1,74,5,1,2,"512",Standard
22356,4,1,50,5,1,2,"512",Standard
17851,4,1,49,5,1,2,"512",Standard
20298,4,1,70,5,1,2,"512",Standard
20365,4,1,70,5,1,2,"512",Standard
25802,4,1,60,5,1,2,"512",Standard
26369,4,1,54,5,1,2,"512",Standard
20551,5,1,65,5,1,2,"512",Standard
29288,5,1,55,5,1,2,"512",Standard
24635,5,1,72,5,1,2,"512",Standard
14168,5,1,72,5,1,2,"512",Standard
20169,5,1,79,5,1,2,"512",Standard
27735,6,1,85,5,1,2,"512",Standard
29262,6,1,63,5,1,2,"512",Standard
26446,6,1,79,5,1,2,"512",Standard
25877,6,1,80,5,1,2,"512",Standard
27562,6,1,94,5,1,2,"512",Standard
28566,6,1,58,5,1,2,"512",Standard
14258,6,1,81,5,1,2,"512",Standard
18003,6,1,64,5,1,2,"512",Standard
13295,7,1,72,5,1,2,"512",Standard
14869,7,1,55,5,1,2,"512",Standard
27383,7,1,69,5,1,2,"512",Standard
14962,7,1,64,5,1,2,"512",Standard
21757,7,1,74,5,1,2,"512",Standard
23931,8,1,69,5,1,2,"512",Standard
17589,8,1,60,5,1,2,"512",Standard
16922,8,1,99,5,1,2,"512",Standard
23702,8,1,93,5,1,2,"512",Standard
21531,8,1,57,5,1,2,"512",Standard
28782,8,1,54,5,1,2,"512",Standard
18939,8,1,70,5,1,2,"512",Standard
27328,9,1,69,5,1,2,"512",Standard
25187,9,1,72,5,1,2,"512",Standard
18797,9,1,79,5,1,2,"512",Standard
18870,9,1,70,5,1,2,"512",Standard
25932,9,1,49,5,1,2,"512",Standard
19752,9,1,59,5,1,2,"512",Standard
28025,9,1,70,5,1,2,"512",Standard
27538,10,1,84,5,1,2,"512",Standard
24714,10,1,68,5,1,2,"512",Standard
26008,10,1,49,5,1,2,"512",Standard
23631,11,1,48,5,1,2,"512",Standard
25678,11,1,60,5,1,2,"512",Standard
15074,11,1,85,5,1,2,"512",Standard
21362,11,1,94,5,1,2,"512",Standard
26787,11,1,60,5,1,2,"512",Standard
12529,11,1,85,5,1,2,"512",Standard
26415,11,1,69,5,1,2,"512",Standard
28346,12,1,94,5,1,2,"512",Standard
19063,12,1,65,5,1,2,"512",Standard
24823,12,1,96,5,1,2,"512",Standard
22217,13,1,61,5,1,2,"512",Standard
23285,13,1,70,5,1,2,"512",Standard
20772,13,1,73,5,1,2,"512",Standard
13033,13,1,46,5,1,2,"512",Standard
20688,13,1,69,5,1,2,"512",Standard
19915,13,1,79,5,1,2,"512",Standard
13469,14,1,72,5,1,2,"512",Standard
19980,14,1,94,5,1,2,"512",Standard
16285,14,1,77,5,1,2,"512",Standard
28439,14,1,60,5,1,2,"512",Standard
16918,14,1,64,5,1,2,"512",Standard
22706,14,1,67,5,1,2,"512",Standard
26236,14,1,60,5,1,2,"512",Standard
24438,14,1,96,5,1,2,"512",Standard
15111,14,1,79,5,1,2,"512",Standard
22757,14,1,94,5,1,2,"512",Standard
14500,15,1,64,5,1,2,"512",Standard
16257,15,1,73,5,1,2,"512",Standard
13578,15,1,45,5,1,2,"512",Standard
12974,15,1,57,5,1,2,"512",Standard
26810,15,1,68,5,1,2,"512",Standard
22063,15,1,79,5,1,2,"512",Standard
14368,16,1,85,5,1,2,"512",Standard
14179,16,1,72,5,1,2,"512",Standard
18748,16,1,60,5,1,2,"512",Standard
22514,16,1,59,5,1,2,"512",Standard
18114,16,1,59,5,1,2,"512",Standard
22357,16,1,50,5,1,2,"512",Standard
19059,16,1,85,5,1,2,"512",Standard
19304,16,1,84,5,1,2,"512",Standard
18952,17,1,79,5,1,2,"512",Standard
24747,17,1,65,5,1,2,"512",Standard
23000,17,1,94,5,1,2,"512",Standard
18969,17,1,70,5,1,2,"512",Standard
20813,17,1,64,5,1,2,"512",Standard
11349,17,1,68,5,1,2,"512",Standard
24279,18,1,79,5,1,2,"512",Standard
28677,18,1,49,5,1,2,"512",Standard
16954,18,1,68,5,1,2,"512",Standard
19009,18,1,79,5,1,2,"512",Standard
22807,18,1,72,5,1,2,"512",Standard
18341,18,1,68,5,1,2,"512",Standard
17210,18,1,72,5,1,2,"512",Standard
20510,19,1,73,5,1,2,"512",Standard
20499,19,1,55,5,1,2,"512",Standard
15682,19,1,70,5,1,2,"512",Standard
18359,19,1,68,5,1,2,"512",Standard
22057,19,1,70,5,1,2,"512",Standard
26659,19,1,70,5,1,2,"512",Standard
11585,20,1,50,5,1,2,"512",Standard
26197,20,1,65,5,1,2,"512",Standard
14247,20,1,81,5,1,2,"512",Standard
16462,20,1,49,5,1,2,"512",Standard
19711,21,1,79,5,1,2,"512",Standard
13094,21,1,57,5,1,2,"512",Standard
26597,21,1,69,5,1,2,"512",Standard
20126,21,1,70,5,1,2,"512",Standard
29215,21,1,64,5,1,2,"512",Standard
22771,22,1,77,5,1,2,"512",Standard
20938,22,1,85,5,1,2,"512",Standard
25027,23,1,60,5,1,2,"512",Standard
19863,23,1,70,5,1,2,"512",Standard
22703,23,1,69,5,1,2,"512",Standard
27315,24,1,69,5,1,2,"512",Standard
23093,24,1,70,5,1,2,"512",Standard
12792,24,1,77,5,1,2,"512",Standard
28960,24,1,50,5,1,2,"512",Standard
19651,25,1,59,5,1,2,"512",Standard
27793,25,1,55,5,1,2,"512",Standard
24663,25,1,59,5,1,2,"512",Standard
12890,25,1,72,5,1,2,"512",Standard
23590,25,1,70,5,1,2,"512",Standard
12417,25,1,59,5,1,2,"512",Standard
25790,25,1,69,5,1,2,"512",Standard
16883,25,1,49,5,1,2,"512",Standard
28863,25,1,64,5,1,2,"512",Standard
14482,25,1,90,5,1,2,"512",Standard
18472,26,1,79,5,1,2,"512",Standard
13919,26,1,85,5,1,2,"512",Standard
19937,26,1,73,5,1,2,"512",Standard
14785,26,1,49,5,1,2,"512",Standard
21837,26,1,68,5,1,2,"512",Standard
20309,26,1,68,5,1,2,"512",Standard
26783,27,1,89,5,1,2,"512",Standard
26580,27,1,69,5,1,2,"512",Standard
14407,27,1,64,5,1,2,"512",Standard
26951,27,1,60,5,1,2,"512",Standard
13601,27,1,45,5,1,2,"512",Standard
23350,27,1,60,5,1,2,"512",Standard
21714,28,1,65,5,1,2,"512",Standard
14980,28,1,57,5,1,2,"512",Standard
26637,28,1,58,5,1,2,"512",Standard
25101,28,1,68,5,1,2,"512",Standard
15306,28,1,90,5,1,2,"512",Standard
22105,29,1,45,5,1,2,"512",Standard
16368,29,1,99,5,1,2,"512",Standard
11383,29,1,49,5,1,2,"512",Standard
28917,29,1,84,5,1,2,"512",Standard
20757,29,1,70,5,1,2,"512",Standard
29036,30,1,75,5,1,2,"512",Standard
26461,30,1,59,5,1,2,"512",Standard
20904,30,1,70,5,1,2,"512",Standard
22978,30,1,81,5,1,2,"512",Standard
20330,30,1,72,5,1,2,"512",Standard
28457,30,1,70,5,1,2,"512",Standard
23485,31,1,90,5,1,2,"512",Standard
25838,31,1,65,5,1,2,"512",Standard
11133,31,1,72,5,1,2,"512",Standard
20490,31,1,50,5,1,2,"512",Standard
13321,31,1,72,5,1,2,"512",Standard
25934,31,1,65,5,1,2,"512",Standard
23913,31,1,48,5,1,2,"512",Standard
24517,32,1,87,5,1,2,"512",Standard
24124,32,1,60,5,1,2,"512",Standard
21696,32,1,69,5,1,2,"512",Standard
25807,32,1,89,5,1,2,"512",Standard
21975,33,1,85,5,1,2,"512",Standard
23513,33,1,64,5,1,2,"512",Standard
24727,33,1,72,5,1,2,"512",Standard
18945,33,1,79,5,1,2,"512",Standard
25440,34,1,57,5,1,2,"512",Standard
28759,34,1,70,5,1,2,"512",Standard
21735,34,1,94,5,1,2,"512",Standard
20778,34,1,74,5,1,2,"512",Standard
18996,34,1,70,5,1,2,"512",Standard
19356,34,1,79,5,1,2,"512",Standard
15110,34,1,70,5,1,2,"512",Standard
18035,35,1,64,5,1,2,"512",Standard
20248,35,1,70,5,1,2,"512",Standard
28771,35,1,70,5,1,2,"512",Standard
28636,35,1,79,5,1,2,"512",Standard
21431,35,1,57,5,1,2,"512",Standard
17197,36,1,57,5,1,2,"512",Standard
28899,36,1,60,5,1,2,"512",Standard
20322,36,1,70,5,1,2,"512",Standard
20017,36,1,79,5,1,2,"512",Standard
29133,36,1,89,5,1,2,"512",Standard
29441,36,1,69,5,1,2,"512",Standard
12482,36,1,50,5,1,2,"512",Standard
15672,37,1,90,5,1,2,"512",Standard
24926,37,1,65,5,1,2,"512",Standard
23468,37,1,70,5,1,2,"512",Standard
28565,37,1,58,5,1,2,"512",Standard
19908,37,1,49,5,1,2,"512",Standard
26775,38,1,89,5,1,2,"512",Standard
25067,38,1,72,5,1,2,"512",Standard
25154,38,1,46,5,1,2,"512",Standard
29339,38,1,74,5,1,2,"512",Standard
15010,38,1,81,5,1,2,"512",Standard
13028,39,1,49,5,1,2,"512",Standard
21142,39,1,78,5,1,2,"512",Standard
23674,39,1,70,5,1,2,"512",Standard
26441,39,1,79,5,1,2,"512",Standard
26147,39,1,79,5,1,2,"512",Standard
21591,39,1,70,5,1,2,"512",Standard
29418,39,1,84,5,1,2,"512",Standard
23889,39,1,70,5,1,2,"512",Standard
12322,39,1,50,5,1,2,"512",Standard
19367,39,1,59,5,1,2,"512",Standard
21913,39,1,60,5,1,2,"512",Standard
22051,39,1,50,5,1,2,"512",Standard
19664,39,1,79,5,1,2,"512",Standard
19230,40,1,79,5,1,2,"512",Standard
19154,40,1,70,5,1,2,"512",Standard
20364,40,1,79,5,1,2,"512",Standard
28526,40,1,60,5,1,2,"512",Standard
23548,40,1,49,5,1,2,"512",Standard
11543,40,1,54,5,1,2,"512",Standard
24409,40,1,72,5,1,2,"512",Standard
18791,40,1,70,5,1,2,"512",Standard
14252,41,1,96,5,1,2,"512",Standard
19132,41,1,70,5,1,2,"512",Standard
13470,41,1,57,5,1,2,"512",Standard
27070,41,1,69,5,1,2,"512",Standard
12778,41,1,46,5,1,2,"512",Standard
24515,41,1,72,5,1,2,"512",Standard
22161,41,1,72,5,1,2,"512",Standard
28385,41,1,72,5,1,2,"512",Standard
19239,41,1,79,5,1,2,"512",Standard
29240,41,1,69,5,1,2,"512",Standard
27912,42,1,60,5,1,2,"512",Standard
16258,42,1,64,5,1,2,"512",Standard
26122,42,1,65,5,1,2,"512",Standard
11437,42,1,54,5,1,2,"512",Standard
13810,42,1,53,5,1,2,"512",Standard
29322,42,1,50,5,1,2,"512",Standard
13775,42,1,69,5,1,2,"512",Standard
22222,42,1,94,5,1,2,"512",Standard
19006,42,1,70,5,1,2,"512",Standard
20021,42,1,81,5,1,2,"512",Standard
21462,43,1,50,5,1,2,"512",Standard
27595,43,1,64,5,1,2,"512",Standard
25950,43,1,54,5,1,2,"512",Standard
21129,43,1,49,5,1,2,"512",Standard
13754,43,1,57,5,1,2,"512",Standard
15076,43,1,96,5,1,2,"512",Standard
19887,43,1,79,5,1,2,"512",Standard
19835,44,1,79,5,1,2,"512",Standard
18443,44,1,60,5,1,2,"512",Standard
23494,44,1,90,5,1,2,"512",Standard
15324,44,1,51,5,1,2,"512",Standard
12899,44,1,96,5,1,2,"512",Standard
12527,44,1,87,5,1,2,"512",Standard
20469,44,1,50,5,1,2,"512",Standard
19832,44,1,70,5,1,2,"512",Standard
25165,45,1,92,5,1,2,"512",Standard
23301,45,1,57,5,1,2,"512",Standard
28289,45,1,55,5,1,2,"512",Standard
21759,45,1,64,5,1,2,"512",Standard
18630,45,1,49,5,1,2,"512",Standard
13306,45,1,72,5,1,2,"512",Standard
24215,46,1,89,5,1,2,"512",Standard
26092,46,1,65,5,1,2,"512",Standard
26119,46,1,65,5,1,2,"512",Standard
26819,46,1,69,5,1,2,"512",Standard
24237,46,1,72,5,1,2,"512",Standard
11487,46,1,54,5,1,2,"512",Standard
20336,46,1,70,5,1,2,"512",Standard
14781,46,1,57,5,1,2,"512",Standard
20725,46,1,64,5,1,2,"512",Standard
27635,46,1,93,5,1,2,"512",Standard
13593,46,1,50,5,1,2,"512",Standard
26553,47,1,69,5,1,2,"512",Standard
29413,47,1,54,5,1,2,"512",Standard
21493,48,1,69,5,1,2,"512",Standard
19457,48,1,92,5,1,2,"512",Standard
27685,48,1,75,5,1,2,"512",Standard
28464,48,1,70,5,1,2,"512",Standard
20285,48,1,70,5,1,2,"512",Standard
28046,48,1,70,5,1,2,"512",Standard
12870,48,1,49,5,1,2,"512",Standard
21124,48,1,57,5,1,2,"512",Standard
29429,49,1,60,5,1,2,"512",Standard
12875,49,1,81,5,1,2,"512",Standard
14479,49,1,82,5,1,2,"512",Standard
19222,49,1,55,5,1,2,"512",Standard
14698,49,1,61,5,1,2,"512",Standard
13054,49,1,76,5,1,2,"512",Standard
18851,49,1,70,5,1,2,"512",Standard
21774,49,1,50,5,1,2,"512",Standard
27731,49,1,70,5,1,2,"512",Standard
26146,49,1,70,5,1,2,"512",Standard
22981,49,1,92,5,1,2,"512",Standard
26251,49,1,69,5,1,2,"512",Standard
28932,49,1,94,5,1,2,"512",Standard
16073,49,1,64,5,1,2,"512",Standard
19761,49,1,68,5,1,2,"512",Standard
14972,50,1,57,5,1,2,"512",Standard
20697,50,1,78,5,1,2,"512",Standard
13928,50,1,85,5,1,2,"512",Standard
27042,50,1,68,5,1,2,"512",Standard
29284,50,1,50,5,1,2,"512",Standard
25090,51,1,68,5,1,2,"512",Standard
19055,51,1,46,5,1,2,"512",Standard
13857,51,1,46,5,1,2,"512",Standard
23126,51,1,45,5,1,2,"512",Standard
22007,51,1,45,5,1,2,"512",Standard
29050,51,1,63,5,1,2,"512",Standard
13727,51,1,81,5,1,2,"512",Standard
13475,51,1,57,5,1,2,"512",Standard
17273,51,1,68,5,1,2,"512",Standard
29193,51,1,50,5,1,2,"512",Standard
19939,52,1,49,5,1,2,"512",Standard
20063,52,1,65,5,1,2,"512",Standard
18833,52,1,79,5,1,2,"512",Standard
25792,52,1,75,5,1,2,"512",Standard
22849,52,1,50,5,1,2,"512",Standard
12751,52,1,84,5,1,2,"512",Standard
21308,52,1,81,5,1,2,"512",Standard
14816,52,1,64,5,1,2,"512",Standard
24993,52,1,61,5,1,2,"512",Standard
20532,52,1,93,5,1,2,"512",Standard
12477,52,1,50,5,1,2,"512",Standard
21497,53,1,89,5,1,2,"512",Standard
28337,53,1,60,5,1,2,"512",Standard
19878,53,1,70,5,1,2,"512",Standard
14177,53,1,47,5,1,2,"512",Standard
20433,53,1,74,5,1,2,"512",Standard
27390,53,1,48,5,1,2,"512",Standard
25302,53,1,69,5,1,2,"512",Standard
20202,53,1,46,5,1,2,"512",Standard
16748,53,1,59,5,1,2,"512",Standard
16806,54,1,55,5,1,2,"512",Standard
16941,54,1,65,5,1,2,"512",Standard
24216,54,1,49,5,1,2,"512",Standard
17638,54,1,70,5,1,2,"512",Standard
24260,54,1,45,5,1,2,"512",Standard
23150,55,1,49,5,1,2,"512",Standard
20137,55,1,79,5,1,2,"512",Standard
18138,55,1,76,5,1,2,"512",Standard
16923,55,1,60,5,1,2,"512",Standard
23388,55,1,70,5,1,2,"512",Standard
15835,55,1,94,5,1,2,"512",Standard
26194,55,1,67,5,1,2,"512",Standard
18550,55,1,64,5,1,2,"512",Standard
14408,55,1,66,5,1,2,"512",Standard
21262,55,1,69,5,1,2,"512",Standard
21705,56,1,50,5,1,2,"512",Standard
26426,56,1,70,5,1,2,"512",Standard
14493,56,1,55,5,1,2,"512",Standard
15190,56,1,99,5,1,2,"512",Standard
16749,56,1,62,5,1,2,"512",Standard
12257,56,1,50,5,1,2,"512",Standard
21154,56,1,74,5,1,2,"512",Standard
29470,56,1,60,5,1,2,"512",Standard
20747,57,1,70,5,1,2,"512",Standard
28034,57,1,70,5,1,2,"512",Standard
13151,57,1,92,5,1,2,"512",Standard
21738,57,1,70,5,1,2,"512",Standard
14460,57,1,96,5,1,2,"512",Standard
19731,57,1,79,5,1,2,"512",Standard
26355,57,1,63,5,1,2,"512",Standard
19858,58,1,94,5,1,2,"512",Standard
19823,58,1,46,5,1,2,"512",Standard
13755,58,1,46,5,1,2,"512",Standard
16379,58,1,59,5,1,2,"512",Standard
16471,58,1,53,5,1,2,"512",Standard
17854,58,1,65,5,1,2,"512",Standard
13375,58,1,72,5,1,2,"512",Standard
11560,58,1,54,5,1,2,"512",Standard
28886,58,1,49,5,1,2,"512",Standard
29421,59,1,78,5,1,2,"512",Standard
20471,59,1,74,5,1,2,"512",Standard
25904,59,1,89,5,1,2,"512",Standard
20313,59,1,94,5,1,2,"512",Standard
27747,60,1,85,5,1,2,"512",Standard
27736,60,1,60,5,1,2,"512",Standard
19237,60,1,70,5,1,2,"512",Standard
18991,60,1,70,5,1,2,"512",Standard
18937,60,1,70,5,1,2,"512",Standard
19138,61,1,70,5,1,2,"512",Standard
25149,61,1,46,5,1,2,"512",Standard
17457,61,1,55,5,1,2,"512",Standard
27519,61,1,79,5,1,2,"512",Standard
28558,61,1,69,5,1,2,"512",Standard
12660,61,1,45,5,1,2,"512",Standard
13335,61,1,72,5,1,2,"512",Standard
17019,61,1,55,5,1,2,"512",Standard
23877,62,1,79,5,1,2,"512",Standard
23477,62,1,70,5,1,2,"512",Standard
13441,62,1,46,5,1,2,"512",Standard
16099,62,1,90,5,1,2,"512",Standard
22011,62,1,69,5,1,2,"512",Standard
20519,62,1,55,5,1,2,"512",Standard
26716,63,1,69,5,1,2,"512",Standard
14964,63,1,49,5,1,2,"512",Standard
27657,63,1,85,5,1,2,"512",Standard
22080,63,1,57,5,1,2,"512",Standard
22855,63,1,71,5,1,2,"512",Standard
12872,63,1,49,5,1,2,"512",Standard
23686,63,1,94,5,1,2,"512",Standard
25791,64,1,60,5,1,2,"512",Standard
17212,64,1,62,5,1,2,"512",Standard
13282,64,1,57,5,1,2,"512",Standard
16891,64,1,60,5,1,2,"512",Standard
26073,64,1,60,5,1,2,"512",Standard
24408,64,1,96,5,1,2,"512",Standard
12818,64,1,72,5,1,2,"512",Standard
14333,64,1,81,5,1,2,"512",Standard
19176,64,1,64,5,1,2,"512",Standard
19635,65,1,94,5,1,2,"512",Standard
24943,65,1,72,5,1,2,"512",Standard
12851,65,1,72,5,1,2,"512",Standard
21973,65,1,57,5,1,2,"512",Standard
15049,65,1,72,5,1,2,"512",Standard
12822,65,1,76,5,1,2,"512",Standard
22920,65,1,92,5,1,2,"512",Standard
14410,65,1,57,5,1,2,"512",Standard
21249,65,1,70,5,1,2,"512",Standard
28894,66,1,60,5,1,2,"512",Standard
26883,66,1,69,5,1,2,"512",Standard
15272,67,1,64,5,1,2,"512",Standard
28777,67,1,54,5,1,2,"512",Standard
13780,67,1,59,5,1,2,"512",Standard
25670,67,1,49,5,1,2,"512",Standard
24570,67,1,59,5,1,2,"512",Standard
16795,67,1,68,5,1,2,"512",Standard
25543,67,1,50,5,1,2,"512",Standard
14178,67,1,87,5,1,2,"512",Standard
18622,67,1,65,5,1,2,"512",Standard
23091,67,1,98,5,1,2,"512",Standard
27728,68,1,67,5,1,2,"512",Standard
20531,68,1,65,5,1,2,"512",Standard
13317,68,1,57,5,1,2,"512",Standard
21933,68,1,50,5,1,2,"512",Standard
28075,68,1,88,5,1,2,"512",Standard
27972,68,1,68,5,1,2,"512",Standard
15962,68,1,62,5,1,2,"512",Standard
12470,68,1,50,5,1,2,"512",Standard
12415,69,1,75,5,1,2,"512",Standard
18985,69,1,94,5,1,2,"512",Standard
16312,69,1,64,5,1,2,"512",Standard
18911,69,1,64,5,1,2,"512",Standard
19430,69,1,64,5,1,2,"512",Standard
20314,69,1,68,5,1,2,"512",Standard
21464,70,1,77,5,1,2,"512",Standard
13465,70,1,76,5,1,2,"512",Standard
18451,70,1,75,5,1,2,"512",Standard
16117,70,1,86,5,1,2,"512",Standard
17817,70,1,49,5,1,2,"512",Standard
25167,71,1,72,5,1,2,"512",Standard
18843,71,1,70,5,1,2,"512",Standard
12434,71,1,75,5,1,2,"512",Standard
12403,71,1,67,5,1,2,"512",Standard
21503,71,1,50,5,1,2,"512",Standard
15479,71,1,86,5,1,2,"512",Standard
29018,72,1,64,5,1,2,"512",Standard
26067,73,1,65,5,1,2,"512",Standard
18048,73,1,65,5,1,2,"512",Standard
14474,2,1,7,5,1,1,"511",Standard
17452,68,1,5,5,1,1,"511",Standard
15387,66,1,5,5,1,1,"511",Standard
27931,69,1,7,5,1,1,"511",Standard
17131,51,1,5,5,1,1,"511",Standard
26901,70,1,4,5,1,1,"511",Standard
16648,51,1,7,5,1,1,"511",Standard
29131,51,1,4,5,1,1,"511",Standard
16084,46,1,5,5,1,1,"511",Standard
22805,55,1,4,5,1,1,"511",Standard
29061,51,1,4,5,1,1,"511",Standard
24207,46,1,5,5,1,1,"511",Standard
23009,55,1,7,5,1,1,"511",Standard
16034,66,1,7,5,1,1,"511",Standard
19485,52,1,6,5,1,1,"511",Standard
27024,48,1,7,5,1,1,"511",Standard
24575,52,1,5,5,1,1,"511",Standard
25315,55,1,6,5,1,1,"511",Standard
15818,46,1,5,5,1,1,"511",Standard
17132,56,1,5,5,1,1,"511",Standard
14403,48,1,7,5,1,1,"511",Standard
15867,48,1,7,5,1,1,"511",Standard
16337,65,1,7,5,1,1,"511",Standard
21752,56,1,7,5,1,1,"511",Standard
27934,48,1,5,5,1,1,"511",Standard
28125,48,1,5,5,1,1,"511",Standard
16276,49,1,7,5,1,1,"511",Standard
15477,47,1,7,5,1,1,"511",Standard
16917,52,1,5,5,1,1,"511",Standard
15782,46,1,7,5,1,1,"511",Standard
15177,66,1,7,5,1,1,"511",Standard
15412,53,1,5,5,1,1,"511",Standard
16671,48,1,5,5,1,1,"511",Standard
24538,65,1,4,5,1,1,"511",Standard
28596,47,1,8,5,1,1,"511",Standard
22755,49,1,5,5,1,1,"511",Standard
25247,64,1,5,5,1,1,"511",Standard
14721,49,1,5,5,1,1,"511",Standard
12516,45,1,9,5,1,1,"511",Standard
23308,53,1,5,5,1,1,"511",Standard
21306,56,1,5,5,1,1,"511",Standard
14766,66,1,5,5,1,1,"511",Standard
28026,64,1,7,5,1,1,"511",Standard
24891,53,1,5,5,1,1,"511",Standard
27963,49,1,7,5,1,1,"511",Standard
22829,56,1,5,5,1,1,"511",Standard
24731,57,1,5,5,1,1,"511",Standard
24566,70,1,5,5,1,1,"511",Standard
15299,66,1,7,5,1,1,"511",Standard
14764,54,1,7,5,1,1,"511",Standard
16858,54,1,5,5,1,1,"511",Standard
24376,54,1,5,5,1,1,"511",Standard
29076,45,1,4,5,1,1,"511",Standard
27187,45,1,7,5,1,1,"511",Standard
16062,44,1,7,5,1,1,"511",Standard
23427,57,1,5,5,1,1,"511",Standard
16435,44,1,6,5,1,1,"511",Standard
16966,44,1,5,5,1,1,"511",Standard
19210,44,1,5,5,1,1,"511",Standard
24134,44,1,5,5,1,1,"511",Standard
24892,42,1,7,5,1,1,"511",Standard
24733,57,1,7,5,1,1,"511",Standard
29038,42,1,6,5,1,1,"511",Standard
15746,58,1,5,5,1,1,"511",Standard
17550,42,1,5,5,1,1,"511",Standard
22532,58,1,5,5,1,1,"511",Standard
28579,58,1,7,5,1,1,"511",Standard
24240,42,1,5,5,1,1,"511",Standard
24258,64,1,5,5,1,1,"511",Standard
16853,41,1,5,5,1,1,"511",Standard
15298,71,1,7,5,1,1,"511",Standard
12641,59,1,9,5,1,1,"511",Standard
28328,59,1,5,5,1,1,"511",Standard
27591,40,1,5,5,1,1,"511",Standard
12544,40,1,9,5,1,1,"511",Standard
25135,59,1,7,5,1,1,"511",Standard
16988,60,1,5,5,1,1,"511",Standard
28019,40,1,7,5,1,1,"511",Standard
28924,39,1,5,5,1,1,"511",Standard
17472,38,1,5,5,1,1,"511",Standard
20961,38,1,4,5,1,1,"511",Standard
28613,66,1,9,5,1,1,"511",Standard
16499,38,1,5,5,1,1,"511",Standard
21869,60,1,5,5,1,1,"511",Standard
24553,38,1,4,5,1,1,"511",Standard
12810,60,1,7,5,1,1,"511",Standard
20403,37,1,7,5,1,1,"511",Standard
15956,64,1,5,5,1,1,"511",Standard
12539,61,1,9,5,1,1,"511",Standard
27927,37,1,4,5,1,1,"511",Standard
24143,36,1,6,5,1,1,"511",Standard
17429,61,1,5,5,1,1,"511",Standard
15515,61,1,7,5,1,1,"511",Standard
18313,61,1,7,5,1,1,"511",Standard
12556,64,1,9,5,1,1,"511",Standard
12536,70,1,9,5,1,1,"511",Standard
28104,62,1,7,5,1,1,"511",Standard
15960,36,1,5,5,1,1,"511",Standard
15393,36,1,7,5,1,1,"511",Standard
15550,62,1,5,5,1,1,"511",Standard
16722,63,1,5,5,1,1,"511",Standard
19404,36,1,5,5,1,1,"511",Standard
26051,36,1,5,5,1,1,"511",Standard
17523,35,1,5,5,1,1,"511",Standard
22662,71,1,5,5,1,1,"511",Standard
19638,35,1,5,5,1,1,"511",Standard
16726,35,1,7,5,1,1,"511",Standard
18434,34,1,5,5,1,1,"511",Standard
14922,67,1,5,5,1,1,"511",Standard
23518,33,1,5,5,1,1,"511",Standard
22973,33,1,7,5,1,1,"511",Standard
21825,32,1,5,5,1,1,"511",Standard
25367,32,1,5,5,1,1,"511",Standard
14689,32,1,5,5,1,1,"511",Standard
26077,67,1,7,5,1,1,"511",Standard
12478,31,1,9,5,1,1,"511",Standard
25117,31,1,7,5,1,1,"511",Standard
15978,68,1,7,5,1,1,"511",Standard
24967,31,1,5,5,1,1,"511",Standard
13797,31,1,7,5,1,1,"511",Standard
16047,63,1,5,5,1,1,"511",Standard
21076,68,1,5,5,1,1,"511",Standard
15360,51,1,5,5,1,1,"511",Standard
16757,30,1,5,5,1,1,"511",Standard
24097,30,1,6,5,1,1,"511",Standard
21925,29,1,7,5,1,1,"511",Standard
28258,29,1,7,5,1,1,"511",Standard
24152,68,1,5,5,1,1,"511",Standard
16240,28,1,5,5,1,1,"511",Standard
28245,28,1,7,5,1,1,"511",Standard
27992,72,1,2,5,1,1,"511",Standard
18153,28,1,5,5,1,1,"511",Standard
22521,28,1,5,5,1,1,"511",Standard
16274,28,1,5,5,1,1,"511",Standard
26820,27,1,4,5,1,1,"511",Standard
20079,72,1,5,5,1,1,"511",Standard
14583,27,1,5,5,1,1,"511",Standard
16816,26,1,5,5,1,1,"511",Standard
26863,25,1,4,5,1,1,"511",Standard
24185,25,1,7,5,1,1,"511",Standard
23363,24,1,5,5,1,1,"511",Standard
23447,23,1,6,5,1,1,"511",Standard
27989,23,1,4,5,1,1,"511",Standard
20919,22,1,6,5,1,1,"511",Standard
15381,22,1,5,5,1,1,"511",Standard
18555,22,1,5,5,1,1,"511",Standard
22382,21,1,5,5,1,1,"511",Standard
16024,21,1,5,5,1,1,"511",Standard
16815,20,1,5,5,1,1,"511",Standard
21490,68,1,7,5,1,1,"511",Standard
25456,19,1,5,5,1,1,"511",Standard
14759,19,1,7,5,1,1,"511",Standard
23290,19,1,7,5,1,1,"511",Standard
16008,19,1,5,5,1,1,"511",Standard
12542,19,1,9,5,1,1,"511",Standard
25483,18,1,7,5,1,1,"511",Standard
25785,18,1,5,5,1,1,"511",Standard
17819,18,1,4,5,1,1,"511",Standard
17673,18,1,5,5,1,1,"511",Standard
20920,17,1,6,5,1,1,"511",Standard
22660,17,1,4,5,1,1,"511",Standard
21441,17,1,7,5,1,1,"511",Standard
25907,16,1,6,5,1,1,"511",Standard
25544,16,1,4,5,1,1,"511",Standard
18385,16,1,5,5,1,1,"511",Standard
26100,15,1,7,5,1,1,"511",Standard
16076,15,1,7,5,1,1,"511",Standard
22858,14,1,5,5,1,1,"511",Standard
19872,13,1,7,5,1,1,"511",Standard
22565,72,1,6,5,1,1,"511",Standard
24479,13,1,7,5,1,1,"511",Standard
15749,13,1,7,5,1,1,"511",Standard
18499,12,1,5,5,1,1,"511",Standard
27032,12,1,7,5,1,1,"511",Standard
19491,11,1,6,5,1,1,"511",Standard
24593,11,1,5,5,1,1,"511",Standard
20899,11,1,6,5,1,1,"511",Standard
16768,10,1,5,5,1,1,"511",Standard
15336,10,1,7,5,1,1,"511",Standard
28277,9,1,5,5,1,1,"511",Standard
28262,9,1,7,5,1,1,"511",Standard
16723,9,1,7,5,1,1,"511",Standard
22802,9,1,5,5,1,1,"511",Standard
25137,9,1,7,5,1,1,"511",Standard
16245,7,1,5,5,1,1,"511",Standard
18070,7,1,5,5,1,1,"511",Standard
17697,7,1,5,5,1,1,"511",Standard
16060,7,1,7,5,1,1,"511",Standard
18668,6,1,5,5,1,1,"511",Standard
22493,6,1,5,5,1,1,"511",Standard
17391,5,1,5,5,1,1,"511",Standard
24118,5,1,7,5,1,1,"511",Standard
28138,5,1,7,5,1,1,"511",Standard
25817,4,1,7,5,1,1,"511",Standard
19468,68,1,6,5,1,1,"511",Standard
21364,4,1,7,5,1,1,"511",Standard
24306,4,1,7,5,1,1,"511",Standard
15300,4,1,5,5,1,1,"511",Standard
25340,73,1,5,5,1,1,"511",Standard
28789,2,1,8,5,1,1,"511",Standard
18230,69,1,5,5,1,1,"511",Standard
21347,2,1,5,5,1,1,"511",Standard
13080,89,3,6844,4,5,5,"455",Loyal
30024,93,4,10349,4,5,5,"455",Loyal
29571,93,12,95322,4,5,5,"455",Loyal
29597,93,4,10136,4,5,5,"455",Loyal
29846,93,12,101000,4,5,5,"455",Loyal
29665,93,4,9602,4,5,5,"455",Loyal
13554,89,3,5641,4,5,5,"455",Loyal
22000,89,2,4664,4,5,5,"455",Loyal
13517,89,3,5666,4,5,5,"455",Loyal
25998,89,2,4650,4,5,5,"455",Loyal
26094,89,2,4648,4,5,5,"455",Loyal
29907,93,4,112900,4,5,5,"455",Loyal
29757,93,12,58236,4,5,5,"455",Loyal
16426,89,3,5768,4,5,5,"455",Loyal
30095,93,12,228420,4,5,5,"455",Loyal
26015,93,2,4615,4,5,5,"455",Loyal
29979,93,4,34175,4,5,5,"455",Loyal
29675,93,12,41566,4,5,5,"455",Loyal
29963,93,12,223285,4,5,5,"455",Loyal
29713,93,4,5180,4,5,5,"455",Loyal
29888,93,12,395413,4,5,5,"455",Loyal
13128,92,3,6817,4,5,5,"455",Loyal
19997,92,2,5815,4,5,5,"455",Loyal
13353,91,2,4548,4,5,5,"455",Loyal
22193,91,2,4887,4,5,5,"455",Loyal
14928,91,3,6707,4,5,5,"455",Loyal
11356,91,3,5069,4,5,5,"455",Loyal
13551,91,3,5623,4,5,5,"455",Loyal
17225,91,3,6987,4,5,5,"455",Loyal
13091,90,3,6865,4,5,5,"455",Loyal
17781,91,3,7187,4,5,5,"455",Loyal
17214,91,3,7211,4,5,5,"455",Loyal
18626,91,3,4645,4,5,5,"455",Loyal
13622,90,3,6841,4,5,5,"455",Loyal
17647,90,3,4123,4,5,5,"455",Loyal
11610,90,3,6786,4,5,5,"455",Loyal
13079,90,3,6752,4,5,5,"455",Loyal
12622,90,3,5135,4,5,5,"455",Loyal
13105,90,3,5585,4,5,5,"455",Loyal
19830,90,2,5766,4,5,5,"455",Loyal
19049,90,2,4838,4,5,5,"455",Loyal
16532,131,2,4922,4,5,5,"455",Loyal
28418,130,2,4539,4,5,5,"455",Loyal
13579,73,4,7295,4,5,5,"455",Loyal
17910,130,2,4699,4,5,5,"455",Loyal
12621,130,3,6471,4,5,5,"455",Loyal
13553,73,3,5603,4,5,5,"455",Loyal
21219,130,2,4696,4,5,5,"455",Loyal
14234,130,3,5688,4,5,5,"455",Loyal
12340,129,3,6752,4,5,5,"455",Loyal
12342,129,3,6838,4,5,5,"455",Loyal
21418,129,2,4660,4,5,5,"455",Loyal
28067,73,2,5997,4,5,5,"455",Loyal
21557,129,2,4887,4,5,5,"455",Loyal
15623,129,3,7247,4,5,5,"455",Loyal
12485,129,2,5923,4,5,5,"455",Loyal
15624,129,3,6990,4,5,5,"455",Loyal
12883,129,2,5876,4,5,5,"455",Loyal
16533,128,2,4702,4,5,5,"455",Loyal
12347,128,3,6839,4,5,5,"455",Loyal
13556,73,3,6497,4,5,5,"455",Loyal
16823,128,3,7242,4,5,5,"455",Loyal
13090,73,3,6812,4,5,5,"455",Loyal
14279,128,3,5138,4,5,5,"455",Loyal
18331,73,2,4753,4,5,5,"455",Loyal
13259,73,4,7853,4,5,5,"455",Loyal
13820,128,2,5908,4,5,5,"455",Loyal
19048,73,2,4766,4,5,5,"455",Loyal
12395,128,2,5968,4,5,5,"455",Loyal
14323,128,3,5222,4,5,5,"455",Loyal
17912,128,2,4753,4,5,5,"455",Loyal
12360,128,3,6750,4,5,5,"455",Loyal
15094,74,3,7109,4,5,5,"455",Loyal
14778,74,3,6674,4,5,5,"455",Loyal
12307,74,5,13173,4,5,5,"455",Loyal
13247,74,2,4549,4,5,5,"455",Loyal
13845,128,2,5917,4,5,5,"455",Loyal
12480,127,2,5908,4,5,5,"455",Loyal
14436,127,2,4776,4,5,5,"455",Loyal
12608,127,3,5690,4,5,5,"455",Loyal
13135,74,3,6773,4,5,5,"455",Loyal
12350,127,3,6792,4,5,5,"455",Loyal
12885,127,2,5948,4,5,5,"455",Loyal
13406,74,4,7301,4,5,5,"455",Loyal
13081,74,3,6772,4,5,5,"455",Loyal
14424,127,3,6999,4,5,5,"455",Loyal
14275,126,3,5158,4,5,5,"455",Loyal
26050,74,2,4625,4,5,5,"455",Loyal
12620,126,3,6481,4,5,5,"455",Loyal
16598,126,3,7131,4,5,5,"455",Loyal
14230,126,3,5662,4,5,5,"455",Loyal
12789,125,2,5980,4,5,5,"455",Loyal
15921,125,3,6549,4,5,5,"455",Loyal
23846,125,2,4828,4,5,5,"455",Loyal
16466,125,2,4625,4,5,5,"455",Loyal
12125,74,4,8595,4,5,5,"455",Loyal
25951,125,2,4703,4,5,5,"455",Loyal
11489,124,3,8128,4,5,5,"455",Loyal
14200,124,4,9422,4,5,5,"455",Loyal
17916,124,2,4788,4,5,5,"455",Loyal
14300,124,3,5323,4,5,5,"455",Loyal
11945,124,2,5911,4,5,5,"455",Loyal
12698,123,3,6787,4,5,5,"455",Loyal
18135,74,3,6922,4,5,5,"455",Loyal
29654,123,8,44569,4,5,5,"455",Loyal
29778,123,8,44990,4,5,5,"455",Loyal
30114,123,8,11653,4,5,5,"455",Loyal
29692,123,8,325023,4,5,5,"455",Loyal
29704,123,8,334663,4,5,5,"455",Loyal
29605,123,8,247901,4,5,5,"455",Loyal
29682,123,8,11935,4,5,5,"455",Loyal
30039,123,8,49618,4,5,5,"455",Loyal
30075,123,8,249379,4,5,5,"455",Loyal
29909,123,8,253973,4,5,5,"455",Loyal
30109,123,8,336402,4,5,5,"455",Loyal
29981,123,8,85647,4,5,5,"455",Loyal
29795,123,8,147555,4,5,5,"455",Loyal
30084,123,8,8289,4,5,5,"455",Loyal
13006,123,3,6762,4,5,5,"455",Loyal
29805,123,8,60119,4,5,5,"455",Loyal
29879,123,8,29651,4,5,5,"455",Loyal
29587,123,8,354607,4,5,5,"455",Loyal
29837,123,8,15382,4,5,5,"455",Loyal
15363,104,2,4719,4,5,5,"455",Loyal
13012,104,3,7017,4,5,5,"455",Loyal
15093,81,3,7266,4,5,5,"455",Loyal
12706,104,3,6851,4,5,5,"455",Loyal
13075,104,3,6844,4,5,5,"455",Loyal
27625,82,2,5971,4,5,5,"455",Loyal
12705,104,3,6854,4,5,5,"455",Loyal
12299,82,3,4977,4,5,5,"455",Loyal
17985,104,3,6017,4,5,5,"455",Loyal
13038,104,3,5581,4,5,5,"455",Loyal
12999,103,3,6840,4,5,5,"455",Loyal
15304,103,2,4843,4,5,5,"455",Loyal
13117,82,3,6831,4,5,5,"455",Loyal
21945,103,2,4887,4,5,5,"455",Loyal
14667,103,3,5295,4,5,5,"455",Loyal
13768,82,3,5064,4,5,5,"455",Loyal
21956,82,2,4633,4,5,5,"455",Loyal
12297,82,4,8023,4,5,5,"455",Loyal
27459,103,2,4552,4,5,5,"455",Loyal
12684,103,3,6893,4,5,5,"455",Loyal
12687,103,3,6805,4,5,5,"455",Loyal
21877,102,2,4625,4,5,5,"455",Loyal
11439,102,6,12489,4,5,5,"455",Loyal
12921,102,2,4803,4,5,5,"455",Loyal
11423,102,4,9905,4,5,5,"455",Loyal
13152,82,2,4583,4,5,5,"455",Loyal
11427,102,4,9918,4,5,5,"455",Loyal
14937,82,3,6653,4,5,5,"455",Loyal
14158,102,2,5977,4,5,5,"455",Loyal
11151,102,3,8087,4,5,5,"455",Loyal
14238,102,3,5643,4,5,5,"455",Loyal
12615,102,3,5663,4,5,5,"455",Loyal
13007,102,3,5671,4,5,5,"455",Loyal
17114,82,3,7275,4,5,5,"455",Loyal
12699,102,3,6798,4,5,5,"455",Loyal
12549,101,2,5908,4,5,5,"455",Loyal
12614,101,2,5918,4,5,5,"455",Loyal
21569,101,2,4960,4,5,5,"455",Loyal
12988,101,3,6915,4,5,5,"455",Loyal
14304,101,3,3596,4,5,5,"455",Loyal
11901,82,3,8248,4,5,5,"455",Loyal
16307,101,3,6918,4,5,5,"455",Loyal
16310,101,3,6010,4,5,5,"455",Loyal
13132,82,3,6881,4,5,5,"455",Loyal
14597,101,2,4803,4,5,5,"455",Loyal
21959,82,2,4702,4,5,5,"455",Loyal
11030,82,3,6471,4,5,5,"455",Loyal
18452,82,2,4753,4,5,5,"455",Loyal
19196,82,3,4658,4,5,5,"455",Loyal
12494,100,2,5948,4,5,5,"455",Loyal
17192,100,3,6978,4,5,5,"455",Loyal
11032,83,3,6526,4,5,5,"455",Loyal
16534,100,2,4821,4,5,5,"455",Loyal
11044,83,3,6515,4,5,5,"455",Loyal
16827,100,3,7205,4,5,5,"455",Loyal
13142,100,2,4798,4,5,5,"455",Loyal
13087,100,2,4803,4,5,5,"455",Loyal
11428,100,4,9954,4,5,5,"455",Loyal
13212,83,2,4564,4,5,5,"455",Loyal
14793,100,2,5948,4,5,5,"455",Loyal
12950,100,2,4760,4,5,5,"455",Loyal
21987,83,2,4639,4,5,5,"455",Loyal
22181,83,2,4674,4,5,5,"455",Loyal
15176,99,2,4703,4,5,5,"455",Loyal
21572,99,2,4660,4,5,5,"455",Loyal
23868,99,2,4829,4,5,5,"455",Loyal
21882,99,2,4887,4,5,5,"455",Loyal
21874,99,2,4639,4,5,5,"455",Loyal
19844,83,2,5808,4,5,5,"455",Loyal
13000,99,3,6799,4,5,5,"455",Loyal
12817,83,2,5923,4,5,5,"455",Loyal
27452,99,2,4544,4,5,5,"455",Loyal
14833,83,3,6680,4,5,5,"455",Loyal
12693,99,3,6820,4,5,5,"455",Loyal
17925,99,2,4699,4,5,5,"455",Loyal
14777,99,2,5923,4,5,5,"455",Loyal
12912,98,2,5898,4,5,5,"455",Loyal
13361,83,2,4766,4,5,5,"455",Loyal
15652,98,3,5160,4,5,5,"455",Loyal
25970,98,2,4604,4,5,5,"455",Loyal
11018,98,3,6533,4,5,5,"455",Loyal
12700,98,3,6860,4,5,5,"455",Loyal
19298,84,3,4535,4,5,5,"455",Loyal
25985,98,2,4659,4,5,5,"455",Loyal
17923,98,2,4753,4,5,5,"455",Loyal
25987,98,2,4640,4,5,5,"455",Loyal
12292,84,3,5028,4,5,5,"455",Loyal
13616,84,3,6872,4,5,5,"455",Loyal
12913,98,2,5923,4,5,5,"455",Loyal
11171,84,3,6717,4,5,5,"455",Loyal
14947,84,3,6659,4,5,5,"455",Loyal
16297,98,3,6890,4,5,5,"455",Loyal
11027,98,3,6592,4,5,5,"455",Loyal
27920,84,2,5997,4,5,5,"455",Loyal
14316,97,3,3797,4,5,5,"455",Loyal
11756,97,3,8078,4,5,5,"455",Loyal
12523,97,2,5933,4,5,5,"455",Loyal
11025,97,3,6577,4,5,5,"455",Loyal
27455,97,2,4533,4,5,5,"455",Loyal
12296,97,5,13165,4,5,5,"455",Loyal
15600,97,2,4590,4,5,5,"455",Loyal
24284,84,2,4837,4,5,5,"455",Loyal
15175,97,2,4850,4,5,5,"455",Loyal
21895,97,2,4658,4,5,5,"455",Loyal
26001,84,2,4673,4,5,5,"455",Loyal
13359,84,2,4638,4,5,5,"455",Loyal
13400,84,2,4569,4,5,5,"455",Loyal
21873,97,2,4662,4,5,5,"455",Loyal
14720,97,2,5901,4,5,5,"455",Loyal
13051,97,3,6832,4,5,5,"455",Loyal
21567,96,2,4973,4,5,5,"455",Loyal
14525,96,3,6666,4,5,5,"455",Loyal
17185,96,3,6955,4,5,5,"455",Loyal
12995,96,3,6851,4,5,5,"455",Loyal
17976,96,3,5801,4,5,5,"455",Loyal
15187,96,2,4725,4,5,5,"455",Loyal
11472,96,3,8166,4,5,5,"455",Loyal
14668,96,3,5217,4,5,5,"455",Loyal
12717,85,2,5883,4,5,5,"455",Loyal
14236,96,3,5710,4,5,5,"455",Loyal
25997,96,2,4624,4,5,5,"455",Loyal
21570,95,2,4705,4,5,5,"455",Loyal
13063,95,2,4773,4,5,5,"455",Loyal
15201,95,2,4793,4,5,5,"455",Loyal
21893,95,2,4664,4,5,5,"455",Loyal
16404,95,3,6002,4,5,5,"455",Loyal
14792,94,2,5913,4,5,5,"455",Loyal
17964,94,3,5750,4,5,5,"455",Loyal
21568,94,2,4660,4,5,5,"455",Loyal
23867,94,2,4802,4,5,5,"455",Loyal
21875,94,2,4922,4,5,5,"455",Loyal
21892,94,2,4922,4,5,5,"455",Loyal
25996,94,2,4599,4,5,5,"455",Loyal
13690,85,3,7162,4,5,5,"455",Loyal
14157,94,3,6651,4,5,5,"455",Loyal
13050,85,3,5651,4,5,5,"455",Loyal
14705,94,2,5876,4,5,5,"455",Loyal
12750,94,3,6492,4,5,5,"455",Loyal
15120,85,3,5218,4,5,5,"455",Loyal
11191,85,3,6744,4,5,5,"455",Loyal
30055,93,8,274396,4,5,5,"455",Loyal
13402,93,2,4793,4,5,5,"455",Loyal
29986,93,8,35705,4,5,5,"455",Loyal
29818,93,12,877107,4,5,5,"455",Loyal
30086,93,4,4689,4,5,5,"455",Loyal
30085,93,8,4379,4,5,5,"455",Loyal
30091,93,8,88246,4,5,5,"455",Loyal
29995,93,4,337757,4,5,5,"455",Loyal
29615,93,4,299985,4,5,5,"455",Loyal
29506,93,4,28017,4,5,5,"455",Loyal
27669,85,2,5997,4,5,5,"455",Loyal
30030,93,8,60928,4,5,5,"455",Loyal
27623,85,2,5984,4,5,5,"455",Loyal
29564,93,4,283746,4,5,5,"455",Loyal
22901,85,2,5971,4,5,5,"455",Loyal
12418,85,2,5970,4,5,5,"455",Loyal
29923,93,4,436922,4,5,5,"455",Loyal
28064,85,2,5962,4,5,5,"455",Loyal
29732,93,8,278413,4,5,5,"455",Loyal
29753,93,8,8478,4,5,5,"455",Loyal
29828,93,8,158171,4,5,5,"455",Loyal
29814,93,4,22182,4,5,5,"455",Loyal
29543,93,8,284876,4,5,5,"455",Loyal
12819,93,2,5948,4,5,5,"455",Loyal
29996,93,8,286645,4,5,5,"455",Loyal
30115,93,8,8918,4,5,5,"455",Loyal
16565,86,3,7204,4,5,5,"455",Loyal
29764,93,8,8998,4,5,5,"455",Loyal
29519,93,4,21860,4,5,5,"455",Loyal
29643,93,4,204203,4,5,5,"455",Loyal
11496,86,3,7014,4,5,5,"455",Loyal
22180,86,2,4633,4,5,5,"455",Loyal
21947,86,2,4633,4,5,5,"455",Loyal
29984,93,4,20417,4,5,5,"455",Loyal
29816,93,8,25199,4,5,5,"455",Loyal
29910,93,8,292235,4,5,5,"455",Loyal
29896,93,8,293611,4,5,5,"455",Loyal
29608,93,4,196449,4,5,5,"455",Loyal
18334,93,2,4699,4,5,5,"455",Loyal
30035,93,4,18773,4,5,5,"455",Loyal
29609,93,4,186217,4,5,5,"455",Loyal
29524,93,4,181063,4,5,5,"455",Loyal
29983,93,8,18780,4,5,5,"455",Loyal
30054,93,4,17623,4,5,5,"455",Loyal
29727,93,4,178067,4,5,5,"455",Loyal
29666,93,4,61697,4,5,5,"455",Loyal
29517,93,4,15973,4,5,5,"455",Loyal
29561,93,4,154827,4,5,5,"455",Loyal
29588,93,10,15319,4,5,5,"455",Loyal
29725,93,4,153764,4,5,5,"455",Loyal
29830,93,10,34022,4,5,5,"455",Loyal
13265,86,4,7260,4,5,5,"455",Loyal
20182,86,2,5750,4,5,5,"455",Loyal
29569,93,10,21339,4,5,5,"455",Loyal
29961,93,10,70894,4,5,5,"455",Loyal
30011,93,11,83360,4,5,5,"455",Loyal
14681,86,3,5178,4,5,5,"455",Loyal
29968,93,11,149121,4,5,5,"455",Loyal
29706,93,4,148997,4,5,5,"455",Loyal
29942,93,4,148588,4,5,5,"455",Loyal
30022,93,11,31900,4,5,5,"455",Loyal
30101,93,4,147964,4,5,5,"455",Loyal
29503,93,7,10238,4,5,5,"455",Loyal
29633,93,7,31960,4,5,5,"455",Loyal
11033,86,3,6495,4,5,5,"455",Loyal
30023,93,7,10016,4,5,5,"455",Loyal
29626,93,7,12635,4,5,5,"455",Loyal
29924,93,8,572035,4,5,5,"455",Loyal
29619,93,7,6016,4,5,5,"455",Loyal
29712,93,8,580222,4,5,5,"455",Loyal
29598,93,8,41196,4,5,5,"455",Loyal
29991,93,7,5575,4,5,5,"455",Loyal
29616,93,8,617340,4,5,5,"455",Loyal
29590,93,7,8886,4,5,5,"455",Loyal
13625,93,3,6962,4,5,5,"455",Loyal
29947,93,8,220889,4,5,5,"455",Loyal
11241,93,7,11469,4,5,5,"455",Loyal
29719,93,7,7644,4,5,5,"455",Loyal
29835,93,7,5229,4,5,5,"455",Loyal
16585,131,3,7192,4,5,5,"455",Loyal
30103,93,8,643746,4,5,5,"455",Loyal
29913,93,8,671618,4,5,5,"455",Loyal
30058,93,8,11139,4,5,5,"455",Loyal
29798,93,8,66266,4,5,5,"455",Loyal
29586,93,8,44977,4,5,5,"455",Loyal
29630,93,6,3749,4,5,5,"455",Loyal
29684,93,8,82136,4,5,5,"455",Loyal
26003,87,2,4648,4,5,5,"455",Loyal
29780,93,8,49439,4,5,5,"455",Loyal
29845,93,6,6384,4,5,5,"455",Loyal
29640,93,6,3611,4,5,5,"455",Loyal
29627,93,8,249296,4,5,5,"455",Loyal
29990,93,6,4681,4,5,5,"455",Loyal
29784,93,8,83292,4,5,5,"455",Loyal
29797,93,8,52302,4,5,5,"455",Loyal
30060,93,8,146257,4,5,5,"455",Loyal
29949,93,8,5040,4,5,5,"455",Loyal
29985,93,8,62380,4,5,5,"455",Loyal
29688,93,5,9458,4,5,5,"455",Loyal
29851,93,5,7048,4,5,5,"455",Loyal
29540,93,8,53376,4,5,5,"455",Loyal
14975,87,2,5957,4,5,5,"455",Loyal
12711,87,2,5963,4,5,5,"455",Loyal
29677,93,8,35249,4,5,5,"455",Loyal
29800,93,5,16170,4,5,5,"455",Loyal
11357,93,3,4944,4,5,5,"455",Loyal
30026,93,8,88449,4,5,5,"455",Loyal
14929,87,3,6647,4,5,5,"455",Loyal
12305,93,3,4940,4,5,5,"455",Loyal
13115,87,3,6779,4,5,5,"455",Loyal
29952,93,5,7696,4,5,5,"455",Loyal
13113,87,3,6832,4,5,5,"455",Loyal
29935,93,8,268661,4,5,5,"455",Loyal
29601,93,8,269007,4,5,5,"455",Loyal
30094,93,8,338939,4,5,5,"455",Loyal
13049,87,3,5647,4,5,5,"455",Loyal
29940,93,4,391041,4,5,5,"455",Loyal
29544,93,8,59324,4,5,5,"455",Loyal
29509,93,12,299530,4,5,5,"455",Loyal
21999,93,2,4922,4,5,5,"455",Loyal
13123,93,3,6765,4,5,5,"455",Loyal
30117,93,12,816756,4,5,5,"455",Loyal
29539,93,12,59958,4,5,5,"455",Loyal
29865,93,12,68492,4,5,5,"455",Loyal
30063,93,4,107115,4,5,5,"455",Loyal
29522,93,12,492363,4,5,5,"455",Loyal
29779,93,4,39484,4,5,5,"455",Loyal
16567,87,3,7160,4,5,5,"455",Loyal
30073,93,4,105389,4,5,5,"455",Loyal
11134,88,3,4912,4,5,5,"455",Loyal
30014,93,4,68431,4,5,5,"455",Loyal
30015,93,4,59064,4,5,5,"455",Loyal
11126,88,3,4972,4,5,5,"455",Loyal
29955,93,12,373658,4,5,5,"455",Loyal
29526,93,4,56130,4,5,5,"455",Loyal
29705,93,12,482739,4,5,5,"455",Loyal
30093,93,4,98367,4,5,5,"455",Loyal
26002,88,2,4699,4,5,5,"455",Loyal
26004,88,2,4699,4,5,5,"455",Loyal
30005,93,4,97173,4,5,5,"455",Loyal
29928,93,4,91879,4,5,5,"455",Loyal
27670,88,2,5976,4,5,5,"455",Loyal
29542,93,4,5404,4,5,5,"455",Loyal
29538,93,4,67406,4,5,5,"455",Loyal
29936,93,4,4708,4,5,5,"455",Loyal
29618,93,8,309676,4,5,5,"455",Loyal
29786,93,8,209695,4,5,5,"455",Loyal
29593,93,8,22008,4,5,5,"455",Loyal
29904,93,8,302044,4,5,5,"455",Loyal
29869,93,8,28486,4,5,5,"455",Loyal
29919,93,8,456739,4,5,5,"455",Loyal
14161,88,3,6497,4,5,5,"455",Loyal
16204,88,3,7162,4,5,5,"455",Loyal
30009,93,8,124961,4,5,5,"455",Loyal
13233,88,2,4588,4,5,5,"455",Loyal
30112,93,8,477957,4,5,5,"455",Loyal
29792,93,8,294390,4,5,5,"455",Loyal
12820,93,2,5908,4,5,5,"455",Loyal
29560,93,8,316324,4,5,5,"455",Loyal
29691,93,7,20511,4,5,5,"455",Loyal
29997,93,8,536546,4,5,5,"455",Loyal
29895,93,8,318178,4,5,5,"455",Loyal
11175,88,3,6711,4,5,5,"455",Loyal
30047,93,7,28934,4,5,5,"455",Loyal
12749,88,2,5916,4,5,5,"455",Loyal
27641,93,2,5962,4,5,5,"455",Loyal
21948,88,2,4887,4,5,5,"455",Loyal
13133,93,3,6813,4,5,5,"455",Loyal
29868,93,4,13220,4,5,5,"455",Loyal
29977,93,4,12728,4,5,5,"455",Loyal
29945,93,11,165815,4,5,5,"455",Loyal
11422,88,4,7075,4,5,5,"455",Loyal
30059,93,4,145408,4,5,5,"455",Loyal
29511,93,11,144735,4,5,5,"455",Loyal
30076,93,12,268166,4,5,5,"455",Loyal
29724,93,12,394261,4,5,5,"455",Loyal
29863,93,4,12225,4,5,5,"455",Loyal
14861,89,2,5977,4,5,5,"455",Loyal
29620,93,12,66193,4,5,5,"455",Loyal
27662,89,2,5997,4,5,5,"455",Loyal
16549,89,2,4931,4,5,5,"455",Loyal
29521,93,12,184846,4,5,5,"455",Loyal
29880,93,12,193709,4,5,5,"455",Loyal
29617,93,12,740986,4,5,5,"455",Loyal
15391,89,2,4828,4,5,5,"455",Loyal
30061,93,4,12071,4,5,5,"455",Loyal
29556,93,4,11676,4,5,5,"455",Loyal
30021,93,4,11277,4,5,5,"455",Loyal
29789,93,12,278198,4,5,5,"455",Loyal
29899,93,4,132838,4,5,5,"455",Loyal
29716,93,12,693502,4,5,5,"455",Loyal
29911,93,4,128376,4,5,5,"455",Loyal
29918,93,4,125794,4,5,5,"455",Loyal
29901,93,12,427891,4,5,5,"455",Loyal
29523,93,12,618616,4,5,5,"455",Loyal
29817,93,4,120640,4,5,5,"455",Loyal
29731,93,12,51803,4,5,5,"455",Loyal
30107,93,12,577090,4,5,5,"455",Loyal
29698,93,12,290159,4,5,5,"455",Loyal
29745,123,8,16040,4,5,5,"455",Loyal
29744,123,8,399012,4,5,5,"455",Loyal
29647,123,8,357053,4,5,5,"455",Loyal
30065,123,8,288827,4,5,5,"455",Loyal
29658,123,8,292230,4,5,5,"455",Loyal
30096,123,9,131724,4,5,5,"455",Loyal
16552,75,2,4987,4,5,5,"455",Loyal
29824,123,9,88725,4,5,5,"455",Loyal
29958,123,9,154349,4,5,5,"455",Loyal
29747,123,9,18521,4,5,5,"455",Loyal
29606,123,10,14237,4,5,5,"455",Loyal
29761,123,12,60430,4,5,5,"455",Loyal
29994,123,12,730799,4,5,5,"455",Loyal
29489,123,12,380454,4,5,5,"455",Loyal
29646,123,12,727273,4,5,5,"455",Loyal
29580,123,12,724300,4,5,5,"455",Loyal
29844,123,12,402108,4,5,5,"455",Loyal
19070,75,2,4748,4,5,5,"455",Loyal
29811,123,12,151331,4,5,5,"455",Loyal
29827,123,12,711865,4,5,5,"455",Loyal
29497,123,12,700804,4,5,5,"455",Loyal
29734,123,12,416653,4,5,5,"455",Loyal
29570,123,12,54891,4,5,5,"455",Loyal
21946,75,2,4660,4,5,5,"455",Loyal
14261,75,3,5654,4,5,5,"455",Loyal
29533,123,12,82846,4,5,5,"455",Loyal
29825,123,12,422707,4,5,5,"455",Loyal
29614,123,12,799278,4,5,5,"455",Loyal
13086,123,2,4806,4,5,5,"455",Loyal
29656,123,4,39071,4,5,5,"455",Loyal
29641,123,4,534956,4,5,5,"455",Loyal
29694,123,4,4467,4,5,5,"455",Loyal
30067,123,12,392496,4,5,5,"455",Loyal
12689,123,3,6847,4,5,5,"455",Loyal
29671,123,4,46617,4,5,5,"455",Loyal
29850,123,4,7436,4,5,5,"455",Loyal
29776,123,4,103283,4,5,5,"455",Loyal
29820,123,4,106971,4,5,5,"455",Loyal
17203,75,3,6953,4,5,5,"455",Loyal
29992,123,12,429051,4,5,5,"455",Loyal
29634,123,4,30648,4,5,5,"455",Loyal
17648,75,3,4123,4,5,5,"455",Loyal
29670,123,4,30846,4,5,5,"455",Loyal
29602,123,4,8406,4,5,5,"455",Loyal
29595,123,4,116301,4,5,5,"455",Loyal
29894,123,4,116553,4,5,5,"455",Loyal
29737,123,4,148098,4,5,5,"455",Loyal
29941,123,4,156957,4,5,5,"455",Loyal
30051,123,4,163852,4,5,5,"455",Loyal
11035,76,3,6451,4,5,5,"455",Loyal
29591,123,4,18520,4,5,5,"455",Loyal
30116,123,4,187114,4,5,5,"455",Loyal
29589,123,4,197328,4,5,5,"455",Loyal
29871,123,4,21287,4,5,5,"455",Loyal
30070,123,4,213752,4,5,5,"455",Loyal
29693,123,4,272052,4,5,5,"455",Loyal
19197,76,3,4610,4,5,5,"455",Loyal
29874,123,4,22606,4,5,5,"455",Loyal
29970,123,4,26662,4,5,5,"455",Loyal
29631,123,4,26844,4,5,5,"455",Loyal
29987,123,4,355142,4,5,5,"455",Loyal
30057,123,5,5090,4,5,5,"455",Loyal
29599,123,6,6962,4,5,5,"455",Loyal
29875,123,6,8075,4,5,5,"455",Loyal
29826,123,7,6948,4,5,5,"455",Loyal
28065,76,2,5997,4,5,5,"455",Loyal
29500,123,7,130598,4,5,5,"455",Loyal
29867,123,7,17320,4,5,5,"455",Loyal
29679,123,7,8645,4,5,5,"455",Loyal
29783,123,8,309077,4,5,5,"455",Loyal
30000,123,8,472819,4,5,5,"455",Loyal
29689,123,8,532225,4,5,5,"455",Loyal
29683,123,8,40269,4,5,5,"455",Loyal
14672,76,3,5238,4,5,5,"455",Loyal
29772,123,8,586525,4,5,5,"455",Loyal
30048,123,8,602560,4,5,5,"455",Loyal
29520,123,8,42650,4,5,5,"455",Loyal
16309,122,3,6911,4,5,5,"455",Loyal
15631,122,3,5122,4,5,5,"455",Loyal
13261,122,4,7201,4,5,5,"455",Loyal
21571,122,2,4625,4,5,5,"455",Loyal
25984,122,2,4625,4,5,5,"455",Loyal
13064,122,2,4579,4,5,5,"455",Loyal
12701,122,3,6868,4,5,5,"455",Loyal
11431,122,4,9913,4,5,5,"455",Loyal
14697,122,3,6685,4,5,5,"455",Loyal
11494,122,3,6974,4,5,5,"455",Loyal
16392,121,3,5786,4,5,5,"455",Loyal
11443,121,3,8235,4,5,5,"455",Loyal
11750,121,3,8148,4,5,5,"455",Loyal
16298,121,3,7001,4,5,5,"455",Loyal
12526,121,3,5229,4,5,5,"455",Loyal
12686,121,3,6864,4,5,5,"455",Loyal
12990,121,3,6829,4,5,5,"455",Loyal
14306,121,3,3653,4,5,5,"455",Loyal
13078,77,3,6850,4,5,5,"455",Loyal
12618,77,2,5923,4,5,5,"455",Loyal
13823,77,3,5393,4,5,5,"455",Loyal
12130,77,4,7988,4,5,5,"455",Loyal
12547,121,2,5898,4,5,5,"455",Loyal
16547,121,2,4901,4,5,5,"455",Loyal
24235,121,2,4829,4,5,5,"455",Loyal
21878,121,2,4664,4,5,5,"455",Loyal
21951,77,2,4923,4,5,5,"455",Loyal
19325,77,3,4245,4,5,5,"455",Loyal
16425,120,3,5719,4,5,5,"455",Loyal
27250,120,2,4588,4,5,5,"455",Loyal
12688,120,3,6867,4,5,5,"455",Loyal
17202,77,3,6974,4,5,5,"455",Loyal
15490,77,2,4814,4,5,5,"455",Loyal
19339,77,3,4316,4,5,5,"455",Loyal
21889,120,2,4625,4,5,5,"455",Loyal
15362,120,2,4745,4,5,5,"455",Loyal
13555,120,3,6484,4,5,5,"455",Loyal
12996,120,3,6808,4,5,5,"455",Loyal
14150,120,3,6706,4,5,5,"455",Loyal
12703,119,3,6891,4,5,5,"455",Loyal
21876,119,2,4663,4,5,5,"455",Loyal
12754,119,3,6503,4,5,5,"455",Loyal
25993,119,2,4648,4,5,5,"455",Loyal
21894,119,2,4625,4,5,5,"455",Loyal
11358,77,3,5035,4,5,5,"455",Loyal
21888,119,2,4926,4,5,5,"455",Loyal
17927,77,2,4726,4,5,5,"455",Loyal
12023,119,2,5933,4,5,5,"455",Loyal
11031,78,3,6479,4,5,5,"455",Loyal
15676,118,3,7225,4,5,5,"455",Loyal
17921,118,2,4699,4,5,5,"455",Loyal
25977,118,2,4625,4,5,5,"455",Loyal
17920,118,2,4734,4,5,5,"455",Loyal
16829,118,3,7185,4,5,5,"455",Loyal
13770,118,3,6428,4,5,5,"455",Loyal
27294,118,2,4540,4,5,5,"455",Loyal
12949,118,2,4559,4,5,5,"455",Loyal
25986,118,2,4625,4,5,5,"455",Loyal
21897,118,2,4910,4,5,5,"455",Loyal
19037,118,2,4858,4,5,5,"455",Loyal
13558,78,3,6500,4,5,5,"455",Loyal
15395,78,2,4780,4,5,5,"455",Loyal
13088,118,2,4760,4,5,5,"455",Loyal
14831,78,2,5913,4,5,5,"455",Loyal
14712,118,3,6661,4,5,5,"455",Loyal
17922,117,2,4822,4,5,5,"455",Loyal
14155,117,2,5993,4,5,5,"455",Loyal
12874,117,3,5639,4,5,5,"455",Loyal
27671,78,2,5997,4,5,5,"455",Loyal
14305,117,3,3652,4,5,5,"455",Loyal
13620,78,3,6848,4,5,5,"455",Loyal
13106,78,3,5698,4,5,5,"455",Loyal
12623,117,3,5630,4,5,5,"455",Loyal
13011,117,3,6819,4,5,5,"455",Loyal
21943,117,2,4625,4,5,5,"455",Loyal
16424,117,3,5738,4,5,5,"455",Loyal
21886,116,2,4696,4,5,5,"455",Loyal
14702,116,3,6730,4,5,5,"455",Loyal
25994,116,2,4626,4,5,5,"455",Loyal
12989,116,3,6817,4,5,5,"455",Loyal
12805,116,3,6522,4,5,5,"455",Loyal
13385,78,2,4549,4,5,5,"455",Loyal
13626,78,3,6909,4,5,5,"455",Loyal
11028,115,3,6475,4,5,5,"455",Loyal
13264,115,4,7266,4,5,5,"455",Loyal
14676,78,3,5188,4,5,5,"455",Loyal
14776,115,2,5908,4,5,5,"455",Loyal
15678,115,3,7223,4,5,5,"455",Loyal
21885,115,2,4642,4,5,5,"455",Loyal
16538,115,2,4660,4,5,5,"455",Loyal
12702,115,3,6911,4,5,5,"455",Loyal
12124,115,5,13196,4,5,5,"455",Loyal
11046,79,3,6617,4,5,5,"455",Loyal
13089,79,3,6800,4,5,5,"455",Loyal
14794,79,2,5873,4,5,5,"455",Loyal
11038,79,3,6437,4,5,5,"455",Loyal
14165,114,2,5911,4,5,5,"455",Loyal
12994,114,3,6855,4,5,5,"455",Loyal
17983,114,3,5784,4,5,5,"455",Loyal
12613,114,2,5984,4,5,5,"455",Loyal
12619,114,3,5200,4,5,5,"455",Loyal
21944,114,2,4714,4,5,5,"455",Loyal
15637,114,3,7000,4,5,5,"455",Loyal
11603,114,3,6767,4,5,5,"455",Loyal
21899,113,2,4664,4,5,5,"455",Loyal
12685,113,3,6904,4,5,5,"455",Loyal
23592,113,2,5279,4,5,5,"455",Loyal
26014,79,2,4713,4,5,5,"455",Loyal
13001,113,3,6799,4,5,5,"455",Loyal
14160,113,3,6680,4,5,5,"455",Loyal
11421,113,4,9780,4,5,5,"455",Loyal
12694,113,3,6785,4,5,5,"455",Loyal
14605,112,2,4750,4,5,5,"455",Loyal
22877,112,2,5962,4,5,5,"455",Loyal
14666,112,3,5200,4,5,5,"455",Loyal
12915,112,2,5896,4,5,5,"455",Loyal
12131,112,5,13266,4,5,5,"455",Loyal
23866,112,2,4828,4,5,5,"455",Loyal
28664,112,2,4793,4,5,5,"455",Loyal
19036,112,2,4763,4,5,5,"455",Loyal
16261,79,3,7171,4,5,5,"455",Loyal
12522,111,2,5888,4,5,5,"455",Loyal
15638,111,3,5162,4,5,5,"455",Loyal
11412,111,4,9880,4,5,5,"455",Loyal
14770,111,3,6680,4,5,5,"455",Loyal
15632,111,3,5245,4,5,5,"455",Loyal
12975,110,2,4619,4,5,5,"455",Loyal
12520,110,2,5920,4,5,5,"455",Loyal
13010,110,3,5717,4,5,5,"455",Loyal
13082,80,3,6906,4,5,5,"455",Loyal
11039,80,3,6637,4,5,5,"455",Loyal
12561,109,2,5888,4,5,5,"455",Loyal
14326,109,3,5208,4,5,5,"455",Loyal
28420,109,2,4534,4,5,5,"455",Loyal
11029,80,3,6565,4,5,5,"455",Loyal
12210,80,3,6825,4,5,5,"455",Loyal
14159,109,2,5930,4,5,5,"455",Loyal
14598,109,2,4839,4,5,5,"455",Loyal
26016,80,2,4683,4,5,5,"455",Loyal
17984,108,3,6083,4,5,5,"455",Loyal
21562,108,2,4633,4,5,5,"455",Loyal
14235,108,3,5682,4,5,5,"455",Loyal
12987,108,3,6759,4,5,5,"455",Loyal
17182,108,3,6951,4,5,5,"455",Loyal
11017,108,3,6434,4,5,5,"455",Loyal
16205,80,3,6951,4,5,5,"455",Loyal
11897,108,3,8203,4,5,5,"455",Loyal
11548,80,3,7068,4,5,5,"455",Loyal
13782,107,3,6512,4,5,5,"455",Loyal
13771,107,3,6536,4,5,5,"455",Loyal
25969,107,2,4650,4,5,5,"455",Loyal
16393,107,3,5841,4,5,5,"455",Loyal
14700,107,2,5904,4,5,5,"455",Loyal
11026,107,3,6576,4,5,5,"455",Loyal
11147,106,3,8196,4,5,5,"455",Loyal
27281,106,2,4540,4,5,5,"455",Loyal
11604,106,3,6786,4,5,5,"455",Loyal
13076,106,3,6862,4,5,5,"455",Loyal
14146,106,3,6751,4,5,5,"455",Loyal
14832,81,2,5938,4,5,5,"455",Loyal
16448,106,3,6907,4,5,5,"455",Loyal
12859,106,3,5666,4,5,5,"455",Loyal
14606,106,2,4716,4,5,5,"455",Loyal
20035,81,2,5695,4,5,5,"455",Loyal
15677,106,3,7201,4,5,5,"455",Loyal
16828,106,3,7183,4,5,5,"455",Loyal
13077,81,3,6767,4,5,5,"455",Loyal
13822,105,3,6523,4,5,5,"455",Loyal
13841,105,3,6625,4,5,5,"455",Loyal
14771,105,3,6690,4,5,5,"455",Loyal
12873,105,3,5676,4,5,5,"455",Loyal
16831,105,3,7206,4,5,5,"455",Loyal
11034,81,3,6491,4,5,5,"455",Loyal
17833,105,3,5999,4,5,5,"455",Loyal
14846,81,3,6745,4,5,5,"455",Loyal
13019,105,2,4835,4,5,5,"455",Loyal
12300,105,5,13243,4,5,5,"455",Loyal
12132,105,5,13294,4,5,5,"455",Loyal
21891,104,2,4922,4,5,5,"455",Loyal
14325,104,3,5153,4,5,5,"455",Loyal
17924,104,2,4734,4,5,5,"455",Loyal
16203,104,3,6940,4,5,5,"455",Loyal
29920,123,8,3532,4,5,4,"454",Loyal
15254,110,2,1624,4,5,4,"454",Loyal
19193,109,2,1609,4,5,4,"454",Loyal
20914,109,2,1926,4,5,4,"454",Loyal
15290,86,2,1676,4,5,4,"454",Loyal
19186,94,2,1562,4,5,4,"454",Loyal
26028,99,2,1938,4,5,4,"454",Loyal
14881,99,2,1855,4,5,4,"454",Loyal
29567,93,4,2999,4,5,4,"454",Loyal
30018,123,8,3003,4,5,4,"454",Loyal
26027,94,2,1938,4,5,4,"454",Loyal
26747,109,2,1938,4,5,4,"454",Loyal
14912,109,2,1548,4,5,4,"454",Loyal
19263,75,2,1587,4,5,4,"454",Loyal
25555,99,2,1278,4,5,4,"454",Loyal
19258,83,2,1574,4,5,4,"454",Loyal
14892,108,2,1469,4,5,4,"454",Loyal
26191,108,2,1938,4,5,4,"454",Loyal
14891,108,2,1499,4,5,4,"454",Loyal
15284,75,2,1684,4,5,4,"454",Loyal
26751,108,2,1903,4,5,4,"454",Loyal
25828,124,2,1874,4,5,4,"454",Loyal
25559,107,2,1253,4,5,4,"454",Loyal
26148,80,2,1917,4,5,4,"454",Loyal
14755,124,2,1593,4,5,4,"454",Loyal
29650,123,4,1525,4,5,4,"454",Loyal
29829,123,4,2669,4,5,4,"454",Loyal
26190,107,2,1932,4,5,4,"454",Loyal
15188,107,2,1631,4,5,4,"454",Loyal
26562,107,2,1925,4,5,4,"454",Loyal
29648,123,4,3405,4,5,4,"454",Loyal
26438,85,2,1938,4,5,4,"454",Loyal
15189,107,2,1552,4,5,4,"454",Loyal
14747,124,2,1504,4,5,4,"454",Loyal
14884,91,2,1884,4,5,4,"454",Loyal
26750,107,2,1938,4,5,4,"454",Loyal
25945,89,2,1248,4,5,4,"454",Loyal
25718,80,2,1274,4,5,4,"454",Loyal
15308,91,2,1622,4,5,4,"454",Loyal
21016,93,2,1938,4,5,4,"454",Loyal
26433,93,2,1903,4,5,4,"454",Loyal
14914,98,2,1593,4,5,4,"454",Loyal
25827,129,2,1874,4,5,4,"454",Loyal
26134,106,2,1926,4,5,4,"454",Loyal
26744,98,2,1938,4,5,4,"454",Loyal
26020,106,2,1932,4,5,4,"454",Loyal
25949,129,2,1883,4,5,4,"454",Loyal
29672,123,6,2846,4,5,4,"454",Loyal
25557,98,2,1263,4,5,4,"454",Loyal
15314,76,2,1576,4,5,4,"454",Loyal
29766,93,2,1400,4,5,4,"454",Loyal
25566,106,2,1253,4,5,4,"454",Loyal
29752,93,3,2918,4,5,4,"454",Loyal
29604,123,8,3049,4,5,4,"454",Loyal
14750,130,2,1613,4,5,4,"454",Loyal
25706,88,2,1239,4,5,4,"454",Loyal
25568,106,2,1253,4,5,4,"454",Loyal
15309,91,2,1622,4,5,4,"454",Loyal
25927,76,2,1273,4,5,4,"454",Loyal
14003,122,2,1579,4,5,4,"454",Loyal
26152,84,2,1938,4,5,4,"454",Loyal
26033,122,2,1903,4,5,4,"454",Loyal
19441,91,2,1567,4,5,4,"454",Loyal
14883,84,2,1829,4,5,4,"454",Loyal
29848,93,3,3561,4,5,4,"454",Loyal
25937,85,2,1300,4,5,4,"454",Loyal
29583,93,5,3385,4,5,4,"454",Loyal
15287,84,2,1681,4,5,4,"454",Loyal
26189,121,2,1926,4,5,4,"454",Loyal
25022,97,2,1565,4,5,4,"454",Loyal
25020,121,2,1549,4,5,4,"454",Loyal
14902,121,2,1539,4,5,4,"454",Loyal
25558,121,2,1307,4,5,4,"454",Loyal
14896,104,2,1589,4,5,4,"454",Loyal
25560,104,2,1288,4,5,4,"454",Loyal
29989,93,4,1733,4,5,4,"454",Loyal
25944,86,2,1274,4,5,4,"454",Loyal
26022,120,2,1938,4,5,4,"454",Loyal
14882,77,2,1855,4,5,4,"454",Loyal
15256,74,2,1631,4,5,4,"454",Loyal
25939,84,2,1265,4,5,4,"454",Loyal
26140,104,2,1917,4,5,4,"454",Loyal
15191,120,2,1552,4,5,4,"454",Loyal
25704,120,2,1239,4,5,4,"454",Loyal
14913,104,2,1534,4,5,4,"454",Loyal
25928,87,2,1316,4,5,4,"454",Loyal
25717,89,2,1274,4,5,4,"454",Loyal
29516,93,4,3304,4,5,4,"454",Loyal
25716,74,2,1303,4,5,4,"454",Loyal
15342,88,2,1647,4,5,4,"454",Loyal
15289,92,2,1574,4,5,4,"454",Loyal
15311,87,2,1622,4,5,4,"454",Loyal
26023,126,2,1917,4,5,4,"454",Loyal
29785,93,4,2041,4,5,4,"454",Loyal
26661,103,2,1912,4,5,4,"454",Loyal
25922,78,2,1274,4,5,4,"454",Loyal
29857,93,5,2446,4,5,4,"454",Loyal
19195,96,2,1637,4,5,4,"454",Loyal
25010,103,2,1540,4,5,4,"454",Loyal
25832,126,2,1851,4,5,4,"454",Loyal
14894,118,2,1504,4,5,4,"454",Loyal
30002,93,4,1894,4,5,4,"454",Loyal
26439,92,2,1938,4,5,4,"454",Loyal
26133,102,2,1938,4,5,4,"454",Loyal
25830,131,2,1834,4,5,4,"454",Loyal
26745,118,2,1932,4,5,4,"454",Loyal
26021,102,2,1917,4,5,4,"454",Loyal
27075,96,2,1372,4,5,4,"454",Loyal
19253,102,2,1540,4,5,4,"454",Loyal
29657,93,3,2131,4,5,4,"454",Loyal
29495,93,3,3372,4,5,4,"454",Loyal
15325,78,2,1585,4,5,4,"454",Loyal
26429,90,2,1938,4,5,4,"454",Loyal
25562,96,2,1239,4,5,4,"454",Loyal
25563,117,2,1239,4,5,4,"454",Loyal
15339,78,2,1622,4,5,4,"454",Loyal
20923,117,3,2375,4,5,4,"454",Loyal
25565,101,2,1239,4,5,4,"454",Loyal
25707,93,2,1262,4,5,4,"454",Loyal
15255,85,2,1587,4,5,4,"454",Loyal
26752,116,2,1917,4,5,4,"454",Loyal
19312,86,2,1565,4,5,4,"454",Loyal
14879,101,2,1613,4,5,4,"454",Loyal
25556,116,2,1253,4,5,4,"454",Loyal
19419,116,2,1602,4,5,4,"454",Loyal
15312,91,2,1631,4,5,4,"454",Loyal
26029,101,2,1931,4,5,4,"454",Loyal
27406,115,2,1358,4,5,4,"454",Loyal
19278,88,2,1575,4,5,4,"454",Loyal
25564,95,2,1253,4,5,4,"454",Loyal
25926,74,2,1308,4,5,4,"454",Loyal
26692,115,2,1267,4,5,4,"454",Loyal
26740,115,2,1938,4,5,4,"454",Loyal
20876,101,2,1938,4,5,4,"454",Loyal
25021,114,2,1554,4,5,4,"454",Loyal
20912,114,3,2374,4,5,4,"454",Loyal
15338,82,2,1598,4,5,4,"454",Loyal
25011,114,2,1589,4,5,4,"454",Loyal
27014,114,2,1274,4,5,4,"454",Loyal
26764,79,2,1938,4,5,4,"454",Loyal
15252,95,2,1552,4,5,4,"454",Loyal
26443,74,2,1938,4,5,4,"454",Loyal
21029,83,2,1935,4,5,4,"454",Loyal
14868,95,2,1598,4,5,4,"454",Loyal
26662,95,2,1938,4,5,4,"454",Loyal
25938,89,2,1308,4,5,4,"454",Loyal
14895,113,2,1504,4,5,4,"454",Loyal
25567,113,2,1239,4,5,4,"454",Loyal
15347,79,2,1631,4,5,4,"454",Loyal
25713,83,2,1288,4,5,4,"454",Loyal
15016,113,2,1499,4,5,4,"454",Loyal
14754,128,2,1501,4,5,4,"454",Loyal
26025,100,2,1917,4,5,4,"454",Loyal
15333,91,2,1631,4,5,4,"454",Loyal
14915,94,2,1539,4,5,4,"454",Loyal
26192,100,2,1903,4,5,4,"454",Loyal
25918,86,2,1261,4,5,4,"454",Loyal
25561,99,2,1288,4,5,4,"454",Loyal
19299,111,2,1587,4,5,4,"454",Loyal
25921,91,2,1253,4,5,4,"454",Loyal
14753,129,2,1469,4,5,4,"454",Loyal
29723,94,4,1528,4,5,4,"454",Loyal
19260,73,2,1593,4,5,4,"454",Loyal
26442,91,2,1920,4,5,4,"454",Loyal
14022,86,2,1669,4,5,4,"454",Loyal
15005,110,2,1504,4,5,4,"454",Loyal
13199,115,3,105,4,5,3,"453",Loyal
12970,100,4,471,4,5,3,"453",Loyal
12972,86,4,176,4,5,3,"453",Loyal
15571,118,3,102,4,5,3,"453",Loyal
14502,123,3,122,4,5,3,"453",Loyal
14897,123,3,196,4,5,3,"453",Loyal
14077,103,4,181,4,5,3,"453",Loyal
13222,85,3,150,4,5,3,"453",Loyal
29502,123,4,1146,4,5,3,"453",Loyal
15874,88,3,225,4,5,3,"453",Loyal
12061,123,4,140,4,5,3,"453",Loyal
17385,108,3,209,4,5,3,"453",Loyal
12106,110,4,170,4,5,3,"453",Loyal
12202,118,4,171,4,5,3,"453",Loyal
15864,114,3,104,4,5,3,"453",Loyal
11922,99,5,276,4,5,3,"453",Loyal
18329,98,3,147,4,5,3,"453",Loyal
13936,83,3,219,4,5,3,"453",Loyal
14685,100,3,147,4,5,3,"453",Loyal
13954,118,3,128,4,5,3,"453",Loyal
15468,112,3,436,4,5,3,"453",Loyal
15007,78,3,210,4,5,3,"453",Loyal
12936,102,4,265,4,5,3,"453",Loyal
13048,85,3,190,4,5,3,"453",Loyal
13285,96,3,214,4,5,3,"453",Loyal
12295,126,4,174,4,5,3,"453",Loyal
15172,78,4,215,4,5,3,"453",Loyal
14209,81,3,194,4,5,3,"453",Loyal
15244,95,4,179,4,5,3,"453",Loyal
12147,78,4,271,4,5,3,"453",Loyal
14641,106,3,120,4,5,3,"453",Loyal
12919,84,4,258,4,5,3,"453",Loyal
30062,93,3,1066,4,5,3,"453",Loyal
17337,91,3,124,4,5,3,"453",Loyal
11712,93,5,128,4,5,3,"453",Loyal
11068,114,3,113,4,5,3,"453",Loyal
12697,76,3,296,4,5,3,"453",Loyal
11116,106,3,149,4,5,3,"453",Loyal
12166,80,4,162,4,5,3,"453",Loyal
15378,98,3,171,4,5,3,"453",Loyal
13614,106,3,114,4,5,3,"453",Loyal
13628,126,3,191,4,5,3,"453",Loyal
12074,96,4,261,4,5,3,"453",Loyal
29908,93,3,466,4,5,3,"453",Loyal
15526,88,3,188,4,5,3,"453",Loyal
11841,85,5,308,4,5,3,"453",Loyal
11987,81,3,279,4,5,3,"453",Loyal
12969,110,4,181,4,5,3,"453",Loyal
12363,121,4,274,4,5,3,"453",Loyal
15402,121,3,132,4,5,3,"453",Loyal
15498,128,3,257,4,5,3,"453",Loyal
15488,105,3,165,4,5,3,"453",Loyal
19224,90,3,353,4,5,3,"453",Loyal
11748,90,5,132,4,5,3,"453",Loyal
14480,90,3,195,4,5,3,"453",Loyal
11651,104,5,226,4,5,3,"453",Loyal
12997,83,3,118,4,5,3,"453",Loyal
15008,96,3,171,4,5,3,"453",Loyal
16089,89,3,342,4,5,3,"453",Loyal
14359,77,3,256,4,5,3,"453",Loyal
12695,110,3,193,4,5,3,"453",Loyal
16731,77,3,156,4,5,3,"453",Loyal
12880,104,4,201,4,5,3,"453",Loyal
13197,81,3,105,4,5,3,"453",Loyal
13988,120,4,196,4,5,3,"453",Loyal
11808,97,5,610,4,5,3,"453",Loyal
13198,124,3,115,4,5,3,"453",Loyal
15376,90,3,136,4,5,3,"453",Loyal
13158,101,3,222,4,5,3,"453",Loyal
14455,78,3,219,4,5,3,"453",Loyal
16096,97,3,212,4,5,3,"453",Loyal
13474,101,4,339,4,5,3,"453",Loyal
12928,88,4,247,4,5,3,"453",Loyal
12361,73,3,217,4,5,3,"453",Loyal
14561,80,3,159,4,5,3,"453",Loyal
14633,91,3,243,4,5,3,"453",Loyal
15543,119,3,181,4,5,3,"453",Loyal
14328,119,5,309,4,5,3,"453",Loyal
14363,74,3,192,4,5,3,"453",Loyal
14119,94,3,149,4,5,3,"453",Loyal
15878,75,3,226,4,5,3,"453",Loyal
13615,99,3,147,4,5,3,"453",Loyal
12140,93,4,118,4,5,3,"453",Loyal
12704,109,3,217,4,5,3,"453",Loyal
13318,119,4,214,4,5,3,"453",Loyal
14566,123,3,401,4,5,3,"453",Loyal
14611,109,3,305,4,5,3,"453",Loyal
12984,93,4,200,4,5,3,"453",Loyal
13013,88,3,256,4,5,3,"453",Loyal
11709,108,5,326,4,5,3,"453",Loyal
16213,110,3,155,4,5,3,"453",Loyal
14686,82,3,203,4,5,3,"453",Loyal
17347,83,3,120,4,5,3,"453",Loyal
16149,129,3,192,4,5,3,"453",Loyal
13290,75,3,112,4,5,3,"453",Loyal
12964,75,4,120,4,5,3,"453",Loyal
15572,108,3,105,4,5,3,"453",Loyal
13920,93,4,267,4,5,3,"453",Loyal
18407,107,2,63,4,5,2,"452",Loyal
12982,119,2,58,4,5,2,"452",Loyal
20224,117,2,44,4,5,2,"452",Loyal
11318,83,2,45,4,5,2,"452",Loyal
13982,86,2,60,4,5,2,"452",Loyal
14683,125,3,99,4,5,2,"452",Loyal
18149,91,2,50,4,5,2,"452",Loyal
13044,77,2,60,4,5,2,"452",Loyal
15822,111,2,43,4,5,2,"452",Loyal
12787,127,2,54,4,5,2,"452",Loyal
14014,89,2,62,4,5,2,"452",Loyal
11221,105,2,46,4,5,2,"452",Loyal
13136,114,2,62,4,5,2,"452",Loyal
15859,116,3,74,4,5,2,"452",Loyal
12047,105,2,44,4,5,2,"452",Loyal
11753,107,3,48,4,5,2,"452",Loyal
13535,103,2,59,4,5,2,"452",Loyal
16343,91,2,58,4,5,2,"452",Loyal
14124,77,2,58,4,5,2,"452",Loyal
11880,88,2,50,4,5,2,"452",Loyal
12665,125,3,75,4,5,2,"452",Loyal
11524,105,2,42,4,5,2,"452",Loyal
15712,116,2,52,4,5,2,"452",Loyal
19232,91,2,61,4,5,2,"452",Loyal
12932,95,2,49,4,5,2,"452",Loyal
18258,93,2,46,4,5,2,"452",Loyal
11098,106,3,89,4,5,2,"452",Loyal
11127,121,2,44,4,5,2,"452",Loyal
12598,119,2,43,4,5,2,"452",Loyal
13127,121,3,86,4,5,2,"452",Loyal
12182,100,4,87,4,5,2,"452",Loyal
11521,84,2,45,4,5,2,"452",Loyal
12036,114,3,70,4,5,2,"452",Loyal
12144,86,2,50,4,5,2,"452",Loyal
11627,82,2,50,4,5,2,"452",Loyal
14009,87,2,64,4,5,2,"452",Loyal
15728,88,2,64,4,5,2,"452",Loyal
11951,79,3,64,4,5,2,"452",Loyal
11231,79,2,64,4,5,2,"452",Loyal
19575,85,2,60,4,5,2,"452",Loyal
19972,118,2,50,4,5,2,"452",Loyal
14015,99,2,60,4,5,2,"452",Loyal
15465,124,2,40,4,5,2,"452",Loyal
18728,106,2,57,4,5,2,"452",Loyal
16358,127,4,88,4,5,2,"452",Loyal
17110,123,2,47,4,5,2,"452",Loyal
17702,114,2,57,4,5,2,"452",Loyal
15140,94,2,62,4,5,2,"452",Loyal
12359,115,3,96,4,5,2,"452",Loyal
14018,97,2,64,4,5,2,"452",Loyal
12567,117,2,43,4,5,2,"452",Loyal
13037,81,2,60,4,5,2,"452",Loyal
19090,77,2,59,4,5,2,"452",Loyal
11159,84,2,49,4,5,2,"452",Loyal
11763,79,3,77,4,5,2,"452",Loyal
15731,124,2,60,4,5,2,"452",Loyal
14658,86,3,93,4,5,2,"452",Loyal
12597,122,2,53,4,5,2,"452",Loyal
15149,74,2,64,4,5,2,"452",Loyal
12099,86,2,44,4,5,2,"452",Loyal
12894,126,2,49,4,5,2,"452",Loyal
17325,96,2,55,4,5,2,"452",Loyal
11121,87,3,58,4,5,2,"452",Loyal
13599,122,2,51,4,5,2,"452",Loyal
15715,90,2,40,4,5,1,"451",Loyal
18292,120,2,39,4,5,1,"451",Loyal
18216,87,2,39,4,5,1,"451",Loyal
17763,113,2,38,4,5,1,"451",Loyal
12638,89,2,38,4,5,1,"451",Loyal
16729,107,2,39,4,5,1,"451",Loyal
11205,114,2,37,4,5,1,"451",Loyal
16058,85,2,38,4,5,1,"451",Loyal
17705,96,2,37,4,5,1,"451",Loyal
11232,78,2,40,4,5,1,"451",Loyal
11527,90,2,40,4,5,1,"451",Loyal
22033,77,2,3918,4,4,5,"445",Standard
19058,73,2,4524,4,4,5,"445",Standard
15726,73,2,4393,4,4,5,"445",Standard
15754,73,2,4416,4,4,5,"445",Standard
12846,73,2,4460,4,4,5,"445",Standard
16155,73,2,4490,4,4,5,"445",Standard
15753,74,2,4399,4,4,5,"445",Standard
24666,74,2,4371,4,4,5,"445",Standard
22910,74,2,3883,4,4,5,"445",Standard
24366,75,2,4144,4,4,5,"445",Standard
27663,75,2,6047,4,4,5,"445",Standard
18203,75,2,4172,4,4,5,"445",Standard
18202,75,2,4143,4,4,5,"445",Standard
12826,75,2,4428,4,4,5,"445",Standard
24459,75,2,3961,4,4,5,"445",Standard
15732,76,2,4376,4,4,5,"445",Standard
12816,77,2,4494,4,4,5,"445",Standard
21986,77,2,3883,4,4,5,"445",Standard
16156,77,2,4344,4,4,5,"445",Standard
17299,77,2,4383,4,4,5,"445",Standard
15765,77,2,4369,4,4,5,"445",Standard
27543,78,2,4468,4,4,5,"445",Standard
18204,78,2,4133,4,4,5,"445",Standard
24367,78,2,4179,4,4,5,"445",Standard
22178,78,2,4233,4,4,5,"445",Standard
15799,78,2,4423,4,4,5,"445",Standard
20470,79,2,4409,4,4,5,"445",Standard
15786,79,2,4366,4,4,5,"445",Standard
12827,79,2,4461,4,4,5,"445",Standard
15784,79,2,4379,4,4,5,"445",Standard
24368,79,2,3947,4,4,5,"445",Standard
17312,79,2,4472,4,4,5,"445",Standard
27668,80,2,6007,4,4,5,"445",Standard
27573,80,2,4490,4,4,5,"445",Standard
15733,80,2,4444,4,4,5,"445",Standard
21983,80,2,4144,4,4,5,"445",Standard
13165,81,2,4502,4,4,5,"445",Standard
21985,81,2,3937,4,4,5,"445",Standard
13210,81,2,4502,4,4,5,"445",Standard
14801,81,2,4383,4,4,5,"445",Standard
27616,82,2,5999,4,4,5,"445",Standard
15764,82,2,4413,4,4,5,"445",Standard
21710,82,2,4187,4,4,5,"445",Standard
14824,82,2,4441,4,4,5,"445",Standard
27570,83,2,4518,4,4,5,"445",Standard
15646,83,2,3804,4,4,5,"445",Standard
27615,83,2,5999,4,4,5,"445",Standard
15755,83,2,4404,4,4,5,"445",Standard
15717,83,2,4411,4,4,5,"445",Standard
13214,83,2,4502,4,4,5,"445",Standard
27574,84,2,4456,4,4,5,"445",Standard
15756,85,2,4441,4,4,5,"445",Standard
27568,85,2,4490,4,4,5,"445",Standard
13248,85,2,4492,4,4,5,"445",Standard
16158,86,2,4369,4,4,5,"445",Standard
22909,86,2,3981,4,4,5,"445",Standard
17294,86,2,4356,4,4,5,"445",Standard
20375,86,2,4438,4,4,5,"445",Standard
15722,86,2,4449,4,4,5,"445",Standard
12852,87,2,4411,4,4,5,"445",Standard
15725,87,2,4416,4,4,5,"445",Standard
15644,87,2,3804,4,4,5,"445",Standard
21659,87,2,4144,4,4,5,"445",Standard
24458,87,2,4144,4,4,5,"445",Standard
15767,88,2,4379,4,4,5,"445",Standard
13383,88,2,4512,4,4,5,"445",Standard
16157,88,2,4391,4,4,5,"445",Standard
15797,88,2,4416,4,4,5,"445",Standard
12833,89,2,4359,4,4,5,"445",Standard
27540,89,2,4504,4,4,5,"445",Standard
15788,89,2,4443,4,4,5,"445",Standard
16484,89,2,4176,4,4,5,"445",Standard
21984,89,2,4176,4,4,5,"445",Standard
22032,90,2,3883,4,4,5,"445",Standard
28063,90,2,6026,4,4,5,"445",Standard
24377,90,2,3946,4,4,5,"445",Standard
15645,90,2,3785,4,4,5,"445",Standard
28061,90,2,6006,4,4,5,"445",Standard
24371,91,2,4194,4,4,5,"445",Standard
27919,91,2,6016,4,4,5,"445",Standard
17326,92,2,4468,4,4,5,"445",Standard
15785,92,2,4454,4,4,5,"445",Standard
15719,92,2,4430,4,4,5,"445",Standard
14803,92,2,4356,4,4,5,"445",Standard
15647,93,2,3764,4,4,5,"445",Standard
27541,93,2,4490,4,4,5,"445",Standard
24463,93,2,3918,4,4,5,"445",Standard
22004,93,2,3918,4,4,5,"445",Standard
12850,93,2,4406,4,4,5,"445",Standard
17295,93,2,4393,4,4,5,"445",Standard
14800,93,2,4391,4,4,5,"445",Standard
15590,94,2,4440,4,4,5,"445",Standard
15227,94,2,4470,4,4,5,"445",Standard
22299,94,2,4146,4,4,5,"445",Standard
15182,95,2,4391,4,4,5,"445",Standard
15205,95,2,4434,4,4,5,"445",Standard
15207,95,2,4446,4,4,5,"445",Standard
12922,95,2,4514,4,4,5,"445",Standard
27288,96,2,4442,4,4,5,"445",Standard
24282,96,2,3918,4,4,5,"445",Standard
12947,96,2,4508,4,4,5,"445",Standard
15145,96,2,4369,4,4,5,"445",Standard
18045,97,2,3942,4,4,5,"445",Standard
17952,97,2,3942,4,4,5,"445",Standard
14797,97,2,4398,4,4,5,"445",Standard
12713,97,2,4441,4,4,5,"445",Standard
15643,97,2,3807,4,4,5,"445",Standard
24307,97,2,4158,4,4,5,"445",Standard
15578,97,2,4510,4,4,5,"445",Standard
27291,97,2,4455,4,4,5,"445",Standard
27201,97,2,4493,4,4,5,"445",Standard
24300,97,2,4144,4,4,5,"445",Standard
27460,97,2,4490,4,4,5,"445",Standard
27116,97,2,4464,4,4,5,"445",Standard
15588,97,2,4486,4,4,5,"445",Standard
18198,98,2,4143,4,4,5,"445",Standard
15225,98,2,4401,4,4,5,"445",Standard
27117,98,2,4490,4,4,5,"445",Standard
27287,98,2,4484,4,4,5,"445",Standard
15220,98,2,4384,4,4,5,"445",Standard
15596,98,2,4460,4,4,5,"445",Standard
14772,98,2,4380,4,4,5,"445",Standard
23664,98,2,3942,4,4,5,"445",Standard
24302,98,2,3883,4,4,5,"445",Standard
15151,100,2,4344,4,4,5,"445",Standard
27107,100,2,4455,4,4,5,"445",Standard
21259,100,2,3908,4,4,5,"445",Standard
17293,100,2,4418,4,4,5,"445",Standard
15180,100,2,4466,4,4,5,"445",Standard
15221,100,2,4448,4,4,5,"445",Standard
15576,101,2,4344,4,4,5,"445",Standard
13062,101,2,4501,4,4,5,"445",Standard
29276,101,2,4330,4,4,5,"445",Standard
21980,101,2,4335,4,4,5,"445",Standard
15152,101,2,4465,4,4,5,"445",Standard
15642,101,2,3772,4,4,5,"445",Standard
27199,101,2,4468,4,4,5,"445",Standard
21256,101,2,3918,4,4,5,"445",Standard
15597,101,2,4391,4,4,5,"445",Standard
27273,102,2,4490,4,4,5,"445",Standard
15179,102,2,4445,4,4,5,"445",Standard
27527,102,2,4515,4,4,5,"445",Standard
21231,102,2,3937,4,4,5,"445",Standard
27427,103,2,4490,4,4,5,"445",Standard
15438,103,2,3789,4,4,5,"445",Standard
15587,103,2,4423,4,4,5,"445",Standard
17259,103,2,4405,4,4,5,"445",Standard
29278,103,2,4356,4,4,5,"445",Standard
27407,103,2,4490,4,4,5,"445",Standard
17980,104,2,4194,4,4,5,"445",Standard
24283,104,2,3947,4,4,5,"445",Standard
15183,104,2,4369,4,4,5,"445",Standard
16345,105,2,4173,4,4,5,"445",Standard
21976,105,2,4198,4,4,5,"445",Standard
15226,105,2,4391,4,4,5,"445",Standard
15439,106,2,3804,4,4,5,"445",Standard
27446,106,2,4468,4,4,5,"445",Standard
15601,106,2,4430,4,4,5,"445",Standard
18201,106,2,4158,4,4,5,"445",Standard
23665,106,2,4207,4,4,5,"445",Standard
15591,106,2,4346,4,4,5,"445",Standard
14789,106,2,4383,4,4,5,"445",Standard
24304,106,2,3947,4,4,5,"445",Standard
15204,107,2,4444,4,4,5,"445",Standard
27274,107,2,4468,4,4,5,"445",Standard
16011,107,2,3657,4,4,5,"445",Standard
27440,107,2,4447,4,4,5,"445",Standard
27105,107,2,4447,4,4,5,"445",Standard
15585,108,2,4367,4,4,5,"445",Standard
29279,108,2,4398,4,4,5,"445",Standard
15185,108,2,4394,4,4,5,"445",Standard
21258,108,2,3937,4,4,5,"445",Standard
27195,109,2,4455,4,4,5,"445",Standard
21257,109,2,4144,4,4,5,"445",Standard
29261,109,2,4321,4,4,5,"445",Standard
15228,109,2,4375,4,4,5,"445",Standard
14795,109,2,4380,4,4,5,"445",Standard
15178,109,2,4445,4,4,5,"445",Standard
27418,110,2,4490,4,4,5,"445",Standard
27450,110,2,4515,4,4,5,"445",Standard
15215,110,2,4469,4,4,5,"445",Standard
21982,110,2,3883,4,4,5,"445",Standard
27439,110,2,4462,4,4,5,"445",Standard
17963,111,2,3933,4,4,5,"445",Standard
24301,111,2,4144,4,4,5,"445",Standard
17277,112,2,4427,4,4,5,"445",Standard
12747,112,2,4384,4,4,5,"445",Standard
15223,113,2,4366,4,4,5,"445",Standard
29265,113,2,4321,4,4,5,"445",Standard
27104,113,2,4468,4,4,5,"445",Standard
15192,114,2,4384,4,4,5,"445",Standard
15143,114,2,4366,4,4,5,"445",Standard
15144,114,2,4344,4,4,5,"445",Standard
27447,114,2,4490,4,4,5,"445",Standard
27295,115,2,4442,4,4,5,"445",Standard
15170,115,2,4391,4,4,5,"445",Standard
15716,116,2,4467,4,4,5,"445",Standard
21979,116,2,3937,4,4,5,"445",Standard
23663,116,2,3883,4,4,5,"445",Standard
12736,116,2,4460,4,4,5,"445",Standard
27521,116,2,4462,4,4,5,"445",Standard
15181,116,2,4448,4,4,5,"445",Standard
15595,117,2,4369,4,4,5,"445",Standard
29264,117,2,4385,4,4,5,"445",Standard
18027,117,2,3918,4,4,5,"445",Standard
27449,117,2,4482,4,4,5,"445",Standard
12735,117,2,4404,4,4,5,"445",Standard
17998,117,2,4144,4,4,5,"445",Standard
27296,118,2,4518,4,4,5,"445",Standard
15214,118,2,4491,4,4,5,"445",Standard
27106,118,2,4455,4,4,5,"445",Standard
15171,119,2,4392,4,4,5,"445",Standard
29274,119,2,4480,4,4,5,"445",Standard
24303,119,2,4207,4,4,5,"445",Standard
12923,120,2,4487,4,4,5,"445",Standard
24305,120,2,3946,4,4,5,"445",Standard
15589,120,2,4416,4,4,5,"445",Standard
27537,120,2,4469,4,4,5,"445",Standard
23662,121,2,3918,4,4,5,"445",Standard
22267,121,2,4167,4,4,5,"445",Standard
17258,121,2,4348,4,4,5,"445",Standard
15150,121,2,4379,4,4,5,"445",Standard
14769,121,2,4398,4,4,5,"445",Standard
15219,121,2,4399,4,4,5,"445",Standard
17288,121,2,4426,4,4,5,"445",Standard
15184,121,2,4441,4,4,5,"445",Standard
27453,121,2,4468,4,4,5,"445",Standard
27279,121,2,4490,4,4,5,"445",Standard
15218,122,2,4399,4,4,5,"445",Standard
27280,122,2,4447,4,4,5,"445",Standard
17989,122,2,3933,4,4,5,"445",Standard
29275,122,2,4330,4,4,5,"445",Standard
17278,122,2,4383,4,4,5,"445",Standard
15135,123,2,4381,4,4,5,"445",Standard
27114,123,2,4464,4,4,5,"445",Standard
15586,123,2,4469,4,4,5,"445",Standard
18200,123,2,4151,4,4,5,"445",Standard
26705,124,2,4455,4,4,5,"445",Standard
26649,124,2,4433,4,4,5,"445",Standard
29258,125,2,4330,4,4,5,"445",Standard
26536,125,2,4515,4,4,5,"445",Standard
27096,125,2,4490,4,4,5,"445",Standard
26723,125,2,4467,4,4,5,"445",Standard
23658,125,2,3937,4,4,5,"445",Standard
29252,125,2,4390,4,4,5,"445",Standard
12624,126,2,4379,4,4,5,"445",Standard
17249,126,2,4427,4,4,5,"445",Standard
27017,126,2,4502,4,4,5,"445",Standard
22230,127,2,4223,4,4,5,"445",Standard
12712,127,2,4441,4,4,5,"445",Standard
12521,128,2,4438,4,4,5,"445",Standard
12018,128,2,6012,4,4,5,"445",Standard
17257,129,2,4481,4,4,5,"445",Standard
26537,129,2,4468,4,4,5,"445",Standard
26538,129,2,4464,4,4,5,"445",Standard
17256,129,2,4363,4,4,5,"445",Standard
17942,129,2,3897,4,4,5,"445",Standard
15436,129,2,3772,4,4,5,"445",Standard
26650,130,2,4455,4,4,5,"445",Standard
29239,130,2,4344,4,4,5,"445",Standard
26729,130,2,4442,4,4,5,"445",Standard
26276,73,2,3362,4,4,4,"444",Standard
20656,77,2,3246,4,4,4,"444",Standard
26135,123,2,1967,4,4,4,"444",Standard
20874,123,2,1962,4,4,4,"444",Standard
26660,123,2,1957,4,4,4,"444",Standard
26663,96,2,1977,4,4,4,"444",Standard
26444,91,2,1939,4,4,4,"444",Standard
24273,101,2,2722,4,4,4,"444",Standard
24266,120,2,2749,4,4,4,"444",Standard
18039,120,2,2450,4,4,4,"444",Standard
26238,83,2,3299,4,4,4,"444",Standard
12585,85,2,2629,4,4,4,"444",Standard
17999,120,2,2454,4,4,4,"444",Standard
19065,120,2,3295,4,4,4,"444",Standard
16253,74,2,2722,4,4,4,"444",Standard
11168,75,2,3137,4,4,4,"444",Standard
17996,123,2,2454,4,4,4,"444",Standard
19943,85,2,3113,4,4,4,"444",Standard
15674,88,2,3053,4,4,4,"444",Standard
17987,123,2,2450,4,4,4,"444",Standard
14708,95,2,2966,4,4,4,"444",Standard
15918,127,2,3150,4,4,4,"444",Standard
20651,85,2,3199,4,4,4,"444",Standard
11082,85,2,3111,4,4,4,"444",Standard
26165,91,2,1957,4,4,4,"444",Standard
19256,75,2,2519,4,4,4,"444",Standard
20718,91,2,3283,4,4,4,"444",Standard
15665,93,2,2804,4,4,4,"444",Standard
14268,95,2,2736,4,4,4,"444",Standard
15968,128,2,3100,4,4,4,"444",Standard
24274,94,2,3018,4,4,4,"444",Standard
15265,93,2,2898,4,4,4,"444",Standard
20167,127,2,3142,4,4,4,"444",Standard
12588,88,2,2639,4,4,4,"444",Standard
24252,121,2,2745,4,4,4,"444",Standard
20921,94,2,3234,4,4,4,"444",Standard
18009,123,2,2435,4,4,4,"444",Standard
20170,106,2,3177,4,4,4,"444",Standard
18021,94,2,2794,4,4,4,"444",Standard
16407,106,2,3250,4,4,4,"444",Standard
16197,91,2,2757,4,4,4,"444",Standard
26797,81,2,1957,4,4,4,"444",Standard
19899,95,2,3128,4,4,4,"444",Standard
15229,82,2,2834,4,4,4,"444",Standard
17977,91,2,2966,4,4,4,"444",Standard
20560,85,2,3162,4,4,4,"444",Standard
19052,95,2,3140,4,4,4,"444",Standard
20206,95,2,3205,4,4,4,"444",Standard
20590,76,2,3127,4,4,4,"444",Standard
15266,76,2,2935,4,4,4,"444",Standard
24174,129,2,2983,4,4,4,"444",Standard
20896,111,2,1957,4,4,4,"444",Standard
13018,77,2,2642,4,4,4,"444",Standard
17971,126,2,2435,4,4,4,"444",Standard
20318,95,2,3242,4,4,4,"444",Standard
18634,95,2,2427,4,4,4,"444",Standard
16252,89,2,2782,4,4,4,"444",Standard
15622,122,2,3027,4,4,4,"444",Standard
24271,99,2,2745,4,4,4,"444",Standard
20208,122,2,3220,4,4,4,"444",Standard
13721,122,2,2787,4,4,4,"444",Standard
28506,94,2,3214,4,4,4,"444",Standard
19040,122,2,3310,4,4,4,"444",Standard
19051,101,2,3105,4,4,4,"444",Standard
19917,83,2,3369,4,4,4,"444",Standard
14779,106,2,3263,4,4,4,"444",Standard
14272,111,2,2765,4,4,4,"444",Standard
19931,83,2,3126,4,4,4,"444",Standard
17981,126,2,2983,4,4,4,"444",Standard
18164,125,2,3330,4,4,4,"444",Standard
20917,99,2,3234,4,4,4,"444",Standard
26138,99,2,1957,4,4,4,"444",Standard
18011,105,2,2590,4,4,4,"444",Standard
21642,105,2,2620,4,4,4,"444",Standard
26626,128,2,2892,4,4,4,"444",Standard
12581,105,2,2646,4,4,4,"444",Standard
20350,83,2,3227,4,4,4,"444",Standard
12578,99,2,2668,4,4,4,"444",Standard
12579,111,2,2589,4,4,4,"444",Standard
19069,108,2,3113,4,4,4,"444",Standard
20373,83,2,3227,4,4,4,"444",Standard
19286,80,2,2755,4,4,4,"444",Standard
13056,111,2,3292,4,4,4,"444",Standard
16417,111,2,3001,4,4,4,"444",Standard
18000,105,2,3080,4,4,4,"444",Standard
19288,87,2,2736,4,4,4,"444",Standard
19076,109,2,3178,4,4,4,"444",Standard
19922,87,2,3138,4,4,4,"444",Standard
18010,99,2,2485,4,4,4,"444",Standard
18047,112,2,2736,4,4,4,"444",Standard
15462,105,2,3087,4,4,4,"444",Standard
13722,105,2,3103,4,4,4,"444",Standard
12583,112,2,2646,4,4,4,"444",Standard
19028,109,2,3063,4,4,4,"444",Standard
15565,125,2,3100,4,4,4,"444",Standard
15656,109,2,2992,4,4,4,"444",Standard
11042,105,2,3112,4,4,4,"444",Standard
12589,83,2,2665,4,4,4,"444",Standard
19046,105,2,3320,4,4,4,"444",Standard
17960,102,2,3001,4,4,4,"444",Standard
19041,112,2,3089,4,4,4,"444",Standard
19901,109,2,3016,4,4,4,"444",Standard
25960,126,2,1957,4,4,4,"444",Standard
14555,104,2,3021,4,4,4,"444",Standard
12575,125,2,2668,4,4,4,"444",Standard
18163,131,2,3044,4,4,4,"444",Standard
15659,104,2,3048,4,4,4,"444",Standard
16410,112,2,3243,4,4,4,"444",Standard
20549,93,2,3105,4,4,4,"444",Standard
20879,130,2,3284,4,4,4,"444",Standard
20209,112,2,3269,4,4,4,"444",Standard
12580,102,2,2589,4,4,4,"444",Standard
24270,112,2,2845,4,4,4,"444",Standard
17990,112,2,2779,4,4,4,"444",Standard
15460,98,2,2747,4,4,4,"444",Standard
15455,109,2,3099,4,4,4,"444",Standard
15655,102,2,2754,4,4,4,"444",Standard
17812,131,2,2983,4,4,4,"444",Standard
21629,102,2,2624,4,4,4,"444",Standard
17216,125,2,3370,4,4,4,"444",Standard
28569,79,2,3205,4,4,4,"444",Standard
19181,74,2,2519,4,4,4,"444",Standard
24249,127,2,2757,4,4,4,"444",Standard
15844,128,2,3135,4,4,4,"444",Standard
13718,129,2,3062,4,4,4,"444",Standard
15771,127,2,3175,4,4,4,"444",Standard
15463,104,2,2802,4,4,4,"444",Standard
26746,113,2,2001,4,4,4,"444",Standard
11088,79,2,3177,4,4,4,"444",Standard
19904,113,2,3018,4,4,4,"444",Standard
26753,80,2,1957,4,4,4,"444",Standard
14802,87,2,3287,4,4,4,"444",Standard
15768,128,2,3125,4,4,4,"444",Standard
26563,102,2,1957,4,4,4,"444",Standard
28553,92,2,3217,4,4,4,"444",Standard
18175,127,2,3064,4,4,4,"444",Standard
19284,93,2,2736,4,4,4,"444",Standard
24168,129,2,2791,4,4,4,"444",Standard
26763,87,2,1957,4,4,4,"444",Standard
21035,87,2,1957,4,4,4,"444",Standard
18625,103,2,2754,4,4,4,"444",Standard
19902,98,2,3080,4,4,4,"444",Standard
16420,110,2,2959,4,4,4,"444",Standard
15984,126,2,3125,4,4,4,"444",Standard
26796,79,2,1957,4,4,4,"444",Standard
20979,87,2,1947,4,4,4,"444",Standard
14267,110,2,2786,4,4,4,"444",Standard
11089,73,2,3188,4,4,4,"444",Standard
19944,74,2,3105,4,4,4,"444",Standard
18046,115,2,2435,4,4,4,"444",Standard
18633,107,2,2794,4,4,4,"444",Standard
18038,115,2,2435,4,4,4,"444",Standard
20892,115,2,3240,4,4,4,"444",Standard
24257,115,2,2771,4,4,4,"444",Standard
14539,124,2,3272,4,4,4,"444",Standard
19910,115,2,3188,4,4,4,"444",Standard
15972,124,2,3149,4,4,4,"444",Standard
15540,124,2,3125,4,4,4,"444",Standard
26024,116,2,1952,4,4,4,"444",Standard
28562,83,2,3219,4,4,4,"444",Standard
14354,92,2,2755,4,4,4,"444",Standard
28520,78,2,3227,4,4,4,"444",Standard
15568,124,2,3113,4,4,4,"444",Standard
19033,97,2,3139,4,4,4,"444",Standard
15915,124,2,3103,4,4,4,"444",Standard
16452,83,2,3071,4,4,4,"444",Standard
29777,93,2,2075,4,4,4,"444",Standard
20468,73,2,3170,4,4,4,"444",Standard
19057,116,2,3323,4,4,4,"444",Standard
19289,84,2,2765,4,4,4,"444",Standard
18008,116,2,2459,4,4,4,"444",Standard
26436,80,2,1957,4,4,4,"444",Standard
15209,124,2,2917,4,4,4,"444",Standard
19257,93,2,2740,4,4,4,"444",Standard
26423,82,2,2002,4,4,4,"444",Standard
21015,80,2,1957,4,4,4,"444",Standard
17965,117,2,3001,4,4,4,"444",Standard
20970,92,2,1962,4,4,4,"444",Standard
17957,129,2,2435,4,4,4,"444",Standard
15456,128,2,2816,4,4,4,"444",Standard
20945,110,2,1953,4,4,4,"444",Standard
20980,78,2,1982,4,4,4,"444",Standard
24250,130,2,2738,4,4,4,"444",Standard
15569,127,2,3078,4,4,4,"444",Standard
15937,124,2,3145,4,4,4,"444",Standard
13057,86,2,3342,4,4,4,"444",Standard
20913,97,2,1947,4,4,4,"444",Standard
19285,74,2,2751,4,4,4,"444",Standard
26795,81,2,1992,4,4,4,"444",Standard
15649,107,2,3048,4,4,4,"444",Standard
27494,93,2,1952,4,4,4,"444",Standard
15750,128,2,3088,4,4,4,"444",Standard
19255,80,2,2484,4,4,4,"444",Standard
20598,78,2,3100,4,4,4,"444",Standard
14701,117,2,3001,4,4,4,"444",Standard
20555,84,2,3154,4,4,4,"444",Standard
26234,86,2,3293,4,4,4,"444",Standard
16428,117,2,3021,4,4,4,"444",Standard
16465,90,2,3272,4,4,4,"444",Standard
26635,90,2,2840,4,4,4,"444",Standard
26566,118,2,2017,4,4,4,"444",Standard
19067,118,2,3381,4,4,4,"444",Standard
21658,110,2,2642,4,4,4,"444",Standard
20186,118,2,3192,4,4,4,"444",Standard
19924,100,2,3172,4,4,4,"444",Standard
20188,96,2,3227,4,4,4,"444",Standard
16445,84,2,3243,4,4,4,"444",Standard
20546,77,2,3247,4,4,4,"444",Standard
15072,129,2,2756,4,4,4,"444",Standard
26241,85,2,3320,4,4,4,"444",Standard
16810,93,2,3065,4,4,4,"444",Standard
16509,84,2,3259,4,4,4,"444",Standard
19903,77,2,3178,4,4,4,"444",Standard
11083,83,2,3137,4,4,4,"444",Standard
26633,96,2,2884,4,4,4,"444",Standard
20922,83,2,3226,4,4,4,"444",Standard
16446,88,2,3093,4,4,4,"444",Standard
19911,84,2,3335,4,4,4,"444",Standard
19038,120,2,3318,4,4,4,"444",Standard
19035,101,2,3320,4,4,4,"444",Standard
20556,89,2,3125,4,4,4,"444",Standard
19916,75,2,3354,4,4,4,"444",Standard
19027,120,2,3029,4,4,4,"444",Standard
24272,120,2,2736,4,4,4,"444",Standard
15667,77,2,3125,4,4,4,"444",Standard
21008,88,2,1957,4,4,4,"444",Standard
15210,120,2,2926,4,4,4,"444",Standard
15666,80,2,3089,4,4,4,"444",Standard
12584,75,2,2633,4,4,4,"444",Standard
18637,96,2,122,4,4,3,"443",Standard
11195,100,2,106,4,4,3,"443",Standard
13099,108,2,217,4,4,3,"443",Standard
11975,108,2,209,4,4,3,"443",Standard
16016,108,2,118,4,4,3,"443",Standard
12329,126,2,119,4,4,3,"443",Standard
11177,108,2,135,4,4,3,"443",Standard
16634,100,2,107,4,4,3,"443",Standard
19817,107,2,119,4,4,3,"443",Standard
13998,100,2,245,4,4,3,"443",Standard
13169,107,2,192,4,4,3,"443",Standard
12367,81,2,160,4,4,3,"443",Standard
14073,101,2,157,4,4,3,"443",Standard
17468,81,2,129,4,4,3,"443",Standard
11959,81,2,138,4,4,3,"443",Standard
16680,105,2,105,4,4,3,"443",Standard
11721,105,2,105,4,4,3,"443",Standard
12249,101,2,115,4,4,3,"443",Standard
14808,82,2,164,4,4,3,"443",Standard
11958,81,2,160,4,4,3,"443",Standard
18884,102,2,134,4,4,3,"443",Standard
11199,105,2,132,4,4,3,"443",Standard
12411,105,2,160,4,4,3,"443",Standard
13788,104,2,201,4,4,3,"443",Standard
18382,125,2,205,4,4,3,"443",Standard
11722,82,2,153,4,4,3,"443",Standard
14194,125,2,169,4,4,3,"443",Standard
11621,92,2,123,4,4,3,"443",Standard
17204,82,2,115,4,4,3,"443",Standard
12049,82,2,171,4,4,3,"443",Standard
17289,89,2,107,4,4,3,"443",Standard
11694,124,2,129,4,4,3,"443",Standard
18390,89,2,142,4,4,3,"443",Standard
29978,93,2,444,4,4,3,"443",Standard
13815,124,2,115,4,4,3,"443",Standard
11141,124,2,114,4,4,3,"443",Standard
14938,124,2,108,4,4,3,"443",Standard
11787,86,2,110,4,4,3,"443",Standard
12191,124,2,245,4,4,3,"443",Standard
11805,86,2,129,4,4,3,"443",Standard
12119,86,2,162,4,4,3,"443",Standard
16591,86,2,138,4,4,3,"443",Standard
19604,74,2,172,4,4,3,"443",Standard
13544,74,2,108,4,4,3,"443",Standard
14674,74,2,142,4,4,3,"443",Standard
18826,74,2,166,4,4,3,"443",Standard
18215,91,2,151,4,4,3,"443",Standard
15922,123,2,148,4,4,3,"443",Standard
13181,89,2,186,4,4,3,"443",Standard
11703,75,2,100,4,4,3,"443",Standard
12564,75,2,111,4,4,3,"443",Standard
17409,123,2,220,4,4,3,"443",Standard
11879,89,2,107,4,4,3,"443",Standard
12545,93,2,119,4,4,3,"443",Standard
15730,94,2,123,4,4,3,"443",Standard
11728,85,2,110,4,4,3,"443",Standard
16162,76,2,185,4,4,3,"443",Standard
17317,123,2,129,4,4,3,"443",Standard
17501,94,2,142,4,4,3,"443",Standard
17302,122,2,147,4,4,3,"443",Standard
18078,130,2,201,4,4,3,"443",Standard
18345,91,2,115,4,4,3,"443",Standard
15610,94,2,115,4,4,3,"443",Standard
13694,122,2,106,4,4,3,"443",Standard
11847,76,2,125,4,4,3,"443",Standard
14156,77,2,230,4,4,3,"443",Standard
11941,89,2,109,4,4,3,"443",Standard
17066,121,2,106,4,4,3,"443",Standard
14783,130,2,159,4,4,3,"443",Standard
19147,121,2,134,4,4,3,"443",Standard
16690,121,2,165,4,4,3,"443",Standard
17101,120,2,164,4,4,3,"443",Standard
11982,120,2,105,4,4,3,"443",Standard
13664,96,2,210,4,4,3,"443",Standard
17539,84,2,206,4,4,3,"443",Standard
12958,84,2,208,4,4,3,"443",Standard
11931,88,2,234,4,4,3,"443",Standard
16009,120,2,170,4,4,3,"443",Standard
12409,84,2,155,4,4,3,"443",Standard
18506,119,2,102,4,4,3,"443",Standard
19798,119,2,128,4,4,3,"443",Standard
12199,78,2,195,4,4,3,"443",Standard
14521,78,2,118,4,4,3,"443",Standard
15138,96,2,123,4,4,3,"443",Standard
17840,130,2,229,4,4,3,"443",Standard
15222,96,2,123,4,4,3,"443",Standard
17350,118,2,127,4,4,3,"443",Standard
11285,96,2,128,4,4,3,"443",Standard
11697,118,2,153,4,4,3,"443",Standard
14315,117,2,110,4,4,3,"443",Standard
12956,96,2,108,4,4,3,"443",Standard
18763,84,2,124,4,4,3,"443",Standard
14542,117,2,115,4,4,3,"443",Standard
11950,84,2,110,4,4,3,"443",Standard
11045,93,2,115,4,4,3,"443",Standard
15828,78,2,172,4,4,3,"443",Standard
11865,116,2,115,4,4,3,"443",Standard
15721,116,2,119,4,4,3,"443",Standard
15108,116,2,211,4,4,3,"443",Standard
14858,89,2,197,4,4,3,"443",Standard
17411,97,2,155,4,4,3,"443",Standard
17879,90,2,120,4,4,3,"443",Standard
17495,114,2,120,4,4,3,"443",Standard
15635,79,2,117,4,4,3,"443",Standard
14060,98,2,99,4,4,3,"443",Standard
12566,127,2,148,4,4,3,"443",Standard
18305,113,2,161,4,4,3,"443",Standard
18054,112,2,107,4,4,3,"443",Standard
12603,128,2,117,4,4,3,"443",Standard
16401,83,2,102,4,4,3,"443",Standard
18065,111,2,155,4,4,3,"443",Standard
17645,79,2,132,4,4,3,"443",Standard
19839,127,2,195,4,4,3,"443",Standard
11862,99,2,209,4,4,3,"443",Standard
11301,111,2,131,4,4,3,"443",Standard
12513,111,2,242,4,4,3,"443",Standard
11180,127,2,138,4,4,3,"443",Standard
19101,111,2,104,4,4,3,"443",Standard
13675,83,2,215,4,4,3,"443",Standard
12940,99,2,108,4,4,3,"443",Standard
16172,99,2,186,4,4,3,"443",Standard
12146,83,2,227,4,4,3,"443",Standard
11653,110,2,179,4,4,3,"443",Standard
12111,129,2,195,4,4,3,"443",Standard
12412,80,2,258,4,4,3,"443",Standard
15426,80,2,116,4,4,3,"443",Standard
19541,80,2,131,4,4,3,"443",Standard
11747,109,2,116,4,4,3,"443",Standard
11192,127,2,114,4,4,3,"443",Standard
15057,109,2,115,4,4,3,"443",Standard
12310,100,2,104,4,4,3,"443",Standard
16166,109,2,109,4,4,3,"443",Standard
11196,128,2,162,4,4,3,"443",Standard
14522,128,2,127,4,4,3,"443",Standard
14309,87,2,99,4,4,3,"443",Standard
12746,92,2,105,4,4,3,"443",Standard
16705,81,2,98,4,4,2,"442",Standard
11049,93,2,81,4,4,2,"442",Standard
13956,101,2,82,4,4,2,"442",Standard
16665,92,2,82,4,4,2,"442",Standard
17522,81,2,75,4,4,2,"442",Standard
12503,127,2,84,4,4,2,"442",Standard
18265,92,2,65,4,4,2,"442",Standard
11702,77,2,96,4,4,2,"442",Standard
16934,101,2,87,4,4,2,"442",Standard
18717,87,2,87,4,4,2,"442",Standard
18191,83,2,94,4,4,2,"442",Standard
12320,96,2,78,4,4,2,"442",Standard
15823,77,2,68,4,4,2,"442",Standard
11883,77,2,77,4,4,2,"442",Standard
11806,119,2,96,4,4,2,"442",Standard
18541,118,2,94,4,4,2,"442",Standard
16739,96,2,81,4,4,2,"442",Standard
18165,118,2,82,4,4,2,"442",Standard
15253,74,2,79,4,4,2,"442",Standard
13609,74,2,99,4,4,2,"442",Standard
11978,78,2,75,4,4,2,"442",Standard
18294,74,2,78,4,4,2,"442",Standard
19509,89,1,44,4,4,2,"442",Standard
18290,96,2,85,4,4,2,"442",Standard
15783,99,2,99,4,4,2,"442",Standard
18883,92,2,87,4,4,2,"442",Standard
11706,118,2,89,4,4,2,"442",Standard
11770,101,2,77,4,4,2,"442",Standard
12063,78,2,85,4,4,2,"442",Standard
18821,85,2,92,4,4,2,"442",Standard
16614,74,2,71,4,4,2,"442",Standard
16697,117,2,87,4,4,2,"442",Standard
12626,74,2,78,4,4,2,"442",Standard
17228,86,2,77,4,4,2,"442",Standard
17723,117,2,84,4,4,2,"442",Standard
13995,74,2,65,4,4,2,"442",Standard
17281,117,2,84,4,4,2,"442",Standard
17252,124,2,93,4,4,2,"442",Standard
15701,117,2,79,4,4,2,"442",Standard
25696,124,1,43,4,4,2,"442",Standard
14213,80,2,86,4,4,2,"442",Standard
19391,128,1,43,4,4,2,"442",Standard
17245,74,2,93,4,4,2,"442",Standard
13539,93,2,79,4,4,2,"442",Standard
11948,116,2,82,4,4,2,"442",Standard
27149,116,1,42,4,4,2,"442",Standard
11876,128,2,83,4,4,2,"442",Standard
15075,74,2,75,4,4,2,"442",Standard
19571,115,2,91,4,4,2,"442",Standard
11362,128,2,77,4,4,2,"442",Standard
17073,115,2,79,4,4,2,"442",Standard
16695,92,2,76,4,4,2,"442",Standard
16699,125,2,68,4,4,2,"442",Standard
11949,128,2,70,4,4,2,"442",Standard
15206,102,2,99,4,4,2,"442",Standard
11860,79,2,70,4,4,2,"442",Standard
12708,93,2,84,4,4,2,"442",Standard
21224,114,1,42,4,4,2,"442",Standard
16341,114,2,88,4,4,2,"442",Standard
16579,87,2,98,4,4,2,"442",Standard
16935,128,2,95,4,4,2,"442",Standard
18743,93,2,67,4,4,2,"442",Standard
12476,98,2,74,4,4,2,"442",Standard
17205,82,2,75,4,4,2,"442",Standard
11202,131,2,74,4,4,2,"442",Standard
13262,127,2,87,4,4,2,"442",Standard
11961,114,2,72,4,4,2,"442",Standard
28349,101,1,40,4,4,2,"442",Standard
17709,92,2,79,4,4,2,"442",Standard
12664,113,2,78,4,4,2,"442",Standard
11638,103,2,77,4,4,2,"442",Standard
11184,113,2,68,4,4,2,"442",Standard
16682,82,2,67,4,4,2,"442",Standard
12134,113,2,97,4,4,2,"442",Standard
11746,82,2,77,4,4,2,"442",Standard
15237,102,2,66,4,4,2,"442",Standard
18264,104,2,70,4,4,2,"442",Standard
15461,128,2,89,4,4,2,"442",Standard
11207,104,2,77,4,4,2,"442",Standard
12554,104,2,88,4,4,2,"442",Standard
15698,80,1,42,4,4,2,"442",Standard
16694,125,2,78,4,4,2,"442",Standard
11169,128,2,81,4,4,2,"442",Standard
15583,104,2,66,4,4,2,"442",Standard
18247,99,2,85,4,4,2,"442",Standard
14517,102,2,83,4,4,2,"442",Standard
14710,112,1,40,4,4,2,"442",Standard
17054,99,2,84,4,4,2,"442",Standard
14317,83,2,81,4,4,2,"442",Standard
11867,99,2,83,4,4,2,"442",Standard
28721,92,1,40,4,4,2,"442",Standard
11161,80,2,94,4,4,2,"442",Standard
12293,111,2,87,4,4,2,"442",Standard
11204,81,2,77,4,4,2,"442",Standard
11139,105,2,84,4,4,2,"442",Standard
13042,100,2,84,4,4,2,"442",Standard
16050,105,2,77,4,4,2,"442",Standard
11012,107,2,81,4,4,2,"442",Standard
11518,80,2,82,4,4,2,"442",Standard
15238,109,2,99,4,4,2,"442",Standard
12028,126,1,40,4,4,2,"442",Standard
19750,106,2,77,4,4,2,"442",Standard
27304,122,1,43,4,4,2,"442",Standard
16706,122,2,93,4,4,2,"442",Standard
13167,85,1,42,4,4,2,"442",Standard
22326,85,1,40,4,4,2,"442",Standard
29231,85,1,40,4,4,2,"442",Standard
12408,122,1,42,4,4,2,"442",Standard
21997,88,1,40,4,4,2,"442",Standard
15126,94,2,86,4,4,2,"442",Standard
12633,122,2,86,4,4,2,"442",Standard
13952,121,2,82,4,4,2,"442",Standard
19674,121,1,42,4,4,2,"442",Standard
19579,77,2,84,4,4,2,"442",Standard
19836,95,2,79,4,4,2,"442",Standard
11370,121,2,80,4,4,2,"442",Standard
17324,95,2,81,4,4,2,"442",Standard
17807,121,2,81,4,4,2,"442",Standard
13547,121,2,84,4,4,2,"442",Standard
12962,77,2,84,4,4,2,"442",Standard
15812,88,2,81,4,4,2,"442",Standard
21702,121,2,92,4,4,2,"442",Standard
15686,76,2,73,4,4,2,"442",Standard
16165,131,2,82,4,4,2,"442",Standard
29378,80,1,40,4,4,2,"442",Standard
15024,91,2,79,4,4,2,"442",Standard
28576,93,1,40,4,4,2,"442",Standard
25915,95,1,43,4,4,2,"442",Standard
12045,89,2,66,4,4,2,"442",Standard
11256,106,2,81,4,4,2,"442",Standard
16184,88,2,78,4,4,2,"442",Standard
16632,108,2,69,4,4,2,"442",Standard
15039,131,2,79,4,4,2,"442",Standard
12303,120,2,84,4,4,2,"442",Standard
12590,94,2,67,4,4,2,"442",Standard
14530,77,2,73,4,4,2,"442",Standard
16601,75,2,86,4,4,2,"442",Standard
18256,128,2,99,4,4,2,"442",Standard
19092,75,2,78,4,4,2,"442",Standard
12582,89,2,84,4,4,2,"442",Standard
22214,123,1,42,4,4,2,"442",Standard
20928,94,1,40,4,4,2,"442",Standard
11268,75,2,98,4,4,2,"442",Standard
13640,85,2,71,4,4,2,"442",Standard
12324,77,2,66,4,4,2,"442",Standard
14983,75,2,71,4,4,2,"442",Standard
15810,110,2,67,4,4,2,"442",Standard
14229,85,2,75,4,4,2,"442",Standard
16453,97,2,15,4,4,1,"441",Standard
15434,117,2,32,4,4,1,"441",Standard
19088,86,2,24,4,4,1,"441",Standard
16306,99,2,29,4,4,1,"441",Standard
18274,96,2,31,4,4,1,"441",Standard
19097,131,2,24,4,4,1,"441",Standard
18291,109,2,31,4,4,1,"441",Standard
17838,105,2,32,4,4,1,"441",Standard
17461,82,1,2407,4,3,4,"434",Standard
17535,85,1,2405,4,3,4,"434",Standard
24700,120,1,2452,4,3,4,"434",Standard
19661,80,1,2521,4,3,4,"434",Standard
16653,113,1,2412,4,3,4,"434",Standard
20642,106,1,2452,4,3,4,"434",Standard
17004,90,1,2418,4,3,4,"434",Standard
24996,91,1,2418,4,3,4,"434",Standard
26362,106,1,2420,4,3,4,"434",Standard
24801,119,1,2419,4,3,4,"434",Standard
16366,80,1,2563,4,3,4,"434",Standard
17441,75,1,2405,4,3,4,"434",Standard
17555,93,1,2423,4,3,4,"434",Standard
16118,101,1,2564,4,3,4,"434",Standard
18068,91,1,2440,4,3,4,"434",Standard
20644,93,1,2457,4,3,4,"434",Standard
13391,120,1,2405,4,3,4,"434",Standard
25775,128,1,2451,4,3,4,"434",Standard
29368,85,1,2423,4,3,4,"434",Standard
17013,73,1,2401,4,3,4,"434",Standard
20581,90,1,2440,4,3,4,"434",Standard
17156,85,1,2502,4,3,4,"434",Standard
16969,74,1,2440,4,3,4,"434",Standard
22692,76,1,2482,4,3,4,"434",Standard
17580,74,1,2405,4,3,4,"434",Standard
18122,97,1,2440,4,3,4,"434",Standard
25796,116,1,2476,4,3,4,"434",Standard
26223,127,1,2407,4,3,4,"434",Standard
24708,74,1,2419,4,3,4,"434",Standard
22691,105,1,2457,4,3,4,"434",Standard
23666,124,1,2453,4,3,4,"434",Standard
16916,78,1,2435,4,3,4,"434",Standard
24811,121,1,2438,4,3,4,"434",Standard
17543,86,1,2415,4,3,4,"434",Standard
16852,107,1,2405,4,3,4,"434",Standard
24799,97,1,2452,4,3,4,"434",Standard
24795,105,1,2507,4,3,4,"434",Standard
24814,88,1,2419,4,3,4,"434",Standard
16776,124,1,2443,4,3,4,"434",Standard
24792,124,1,2419,4,3,4,"434",Standard
29359,78,1,2453,4,3,4,"434",Standard
16866,109,1,2444,4,3,4,"434",Standard
25776,105,1,2515,4,3,4,"434",Standard
24092,90,1,2482,4,3,4,"434",Standard
28742,122,1,2428,4,3,4,"434",Standard
24068,97,1,2457,4,3,4,"434",Standard
27869,99,1,2463,4,3,4,"434",Standard
17038,89,1,2442,4,3,4,"434",Standard
24384,125,1,2428,4,3,4,"434",Standard
26818,115,1,2407,4,3,4,"434",Standard
16761,131,1,2476,4,3,4,"434",Standard
17393,76,1,2405,4,3,4,"434",Standard
16104,94,1,2415,4,3,4,"434",Standard
22690,97,1,2524,4,3,4,"434",Standard
27870,79,1,2419,4,3,4,"434",Standard
16778,95,1,2541,4,3,4,"434",Standard
16365,75,1,2490,4,3,4,"434",Standard
16782,114,1,2482,4,3,4,"434",Standard
24979,80,1,2419,4,3,4,"434",Standard
24066,114,1,2515,4,3,4,"434",Standard
22664,114,1,2511,4,3,4,"434",Standard
28732,130,1,2419,4,3,4,"434",Standard
24789,125,1,2419,4,3,4,"434",Standard
24987,79,1,2413,4,3,4,"434",Standard
24942,93,1,2419,4,3,4,"434",Standard
17003,93,1,2416,4,3,4,"434",Standard
24810,96,1,2419,4,3,4,"434",Standard
24800,107,1,2419,4,3,4,"434",Standard
17625,125,1,2432,4,3,4,"434",Standard
17412,78,1,2415,4,3,4,"434",Standard
17613,127,1,2402,4,3,4,"434",Standard
18236,104,1,2415,4,3,4,"434",Standard
24793,107,1,2419,4,3,4,"434",Standard
25798,110,1,2452,4,3,4,"434",Standard
29360,89,1,2418,4,3,4,"434",Standard
26229,96,1,2419,4,3,4,"434",Standard
17171,88,1,2440,4,3,4,"434",Standard
25778,94,1,2443,4,3,4,"434",Standard
17582,74,1,2398,4,3,4,"434",Standard
27868,123,1,2419,4,3,4,"434",Standard
24828,74,1,2419,4,3,4,"434",Standard
24067,122,1,2492,4,3,4,"434",Standard
18389,112,1,2401,4,3,4,"434",Standard
24798,112,1,2407,4,3,4,"434",Standard
16086,94,1,2407,4,3,4,"434",Standard
28734,123,1,2419,4,3,4,"434",Standard
17424,74,1,2423,4,3,4,"434",Standard
16762,130,1,2480,4,3,4,"434",Standard
24794,105,1,2448,4,3,4,"434",Standard
27849,84,1,40,4,3,2,"432",Standard
18474,120,1,40,4,3,2,"432",Standard
17451,97,1,40,4,3,2,"432",Standard
22453,75,1,40,4,3,2,"432",Standard
20792,123,1,40,4,3,2,"432",Standard
27886,85,1,40,4,3,2,"432",Standard
25824,120,1,40,4,3,2,"432",Standard
24869,129,1,40,4,3,2,"432",Standard
17872,101,1,40,4,3,2,"432",Standard
23123,88,1,40,4,3,2,"432",Standard
17679,103,1,40,4,3,2,"432",Standard
18778,130,1,40,4,3,2,"432",Standard
19180,117,1,40,4,3,2,"432",Standard
23419,93,1,40,4,3,2,"432",Standard
28001,109,1,40,4,3,2,"432",Standard
24581,94,1,40,4,3,2,"432",Standard
27779,76,1,40,4,3,2,"432",Standard
23644,117,1,40,4,3,2,"432",Standard
21803,96,1,40,4,3,2,"432",Standard
21276,110,1,40,4,3,2,"432",Standard
17665,88,1,40,4,3,2,"432",Standard
25873,88,1,40,4,3,2,"432",Standard
18340,83,1,40,4,3,2,"432",Standard
23134,82,1,40,4,3,2,"432",Standard
24603,106,1,40,4,3,2,"432",Standard
26686,102,1,40,4,3,2,"432",Standard
23426,109,1,40,4,3,2,"432",Standard
24647,90,1,40,4,3,2,"432",Standard
25517,112,1,40,4,3,2,"432",Standard
27632,123,1,40,4,3,2,"432",Standard
25471,73,1,40,4,3,2,"432",Standard
27580,116,1,40,4,3,2,"432",Standard
24144,108,1,40,4,3,2,"432",Standard
25236,129,1,40,4,3,2,"432",Standard
22315,99,1,40,4,3,2,"432",Standard
20273,124,1,40,4,3,2,"432",Standard
20083,87,1,40,4,3,2,"432",Standard
27915,107,1,40,4,3,2,"432",Standard
18662,82,1,40,4,3,2,"432",Standard
21109,80,1,40,4,3,2,"432",Standard
25519,87,1,40,4,3,2,"432",Standard
25515,82,1,40,4,3,2,"432",Standard
25227,114,1,40,4,3,2,"432",Standard
26397,83,1,40,4,3,2,"432",Standard
22021,89,1,24,4,3,1,"431",Standard
21902,89,1,24,4,3,1,"431",Standard
27855,89,1,24,4,3,1,"431",Standard
18450,93,1,25,4,3,1,"431",Standard
25151,89,1,37,4,3,1,"431",Standard
14142,93,1,29,4,3,1,"431",Standard
11477,127,1,35,4,3,1,"431",Standard
21290,74,1,24,4,3,1,"431",Standard
28681,88,1,25,4,3,1,"431",Standard
24532,88,1,39,4,3,1,"431",Standard
14390,88,1,40,4,3,1,"431",Standard
27742,88,1,21,4,3,1,"431",Standard
28938,88,1,10,4,3,1,"431",Standard
17527,93,1,13,4,3,1,"431",Standard
25794,88,1,24,4,3,1,"431",Standard
21454,93,1,10,4,3,1,"431",Standard
15355,88,1,35,4,3,1,"431",Standard
11497,87,1,35,4,3,1,"431",Standard
27608,87,1,34,4,3,1,"431",Standard
23202,87,1,32,4,3,1,"431",Standard
14534,87,1,37,4,3,1,"431",Standard
24849,87,1,28,4,3,1,"431",Standard
26068,87,1,25,4,3,1,"431",Standard
20389,87,1,23,4,3,1,"431",Standard
18456,87,1,13,4,3,1,"431",Standard
16280,87,1,13,4,3,1,"431",Standard
29161,93,1,39,4,3,1,"431",Standard
16419,93,1,27,4,3,1,"431",Standard
17490,86,1,13,4,3,1,"431",Standard
27462,86,1,36,4,3,1,"431",Standard
21677,93,1,21,4,3,1,"431",Standard
25874,86,1,35,4,3,1,"431",Standard
26648,86,1,27,4,3,1,"431",Standard
26039,86,1,27,4,3,1,"431",Standard
28451,86,1,30,4,3,1,"431",Standard
28432,93,1,29,4,3,1,"431",Standard
17146,86,1,40,4,3,1,"431",Standard
13073,85,1,22,4,3,1,"431",Standard
21399,93,1,10,4,3,1,"431",Standard
13932,85,1,22,4,3,1,"431",Standard
13655,85,1,22,4,3,1,"431",Standard
24949,93,1,33,4,3,1,"431",Standard
19179,85,1,13,4,3,1,"431",Standard
18408,85,1,13,4,3,1,"431",Standard
23152,85,1,37,4,3,1,"431",Standard
24578,85,1,28,4,3,1,"431",Standard
15243,94,1,37,4,3,1,"431",Standard
15977,94,1,40,4,3,1,"431",Standard
28261,94,1,28,4,3,1,"431",Standard
23970,94,1,36,4,3,1,"431",Standard
16367,94,1,40,4,3,1,"431",Standard
12312,94,1,35,4,3,1,"431",Standard
27848,94,1,28,4,3,1,"431",Standard
18142,94,1,24,4,3,1,"431",Standard
23501,128,1,37,4,3,1,"431",Standard
25509,94,1,21,4,3,1,"431",Standard
22658,85,1,29,4,3,1,"431",Standard
28973,94,1,25,4,3,1,"431",Standard
14624,94,1,40,4,3,1,"431",Standard
21592,95,1,24,4,3,1,"431",Standard
23957,95,1,39,4,3,1,"431",Standard
21351,95,1,17,4,3,1,"431",Standard
14923,95,1,15,4,3,1,"431",Standard
14489,95,1,40,4,3,1,"431",Standard
23315,95,1,15,4,3,1,"431",Standard
28975,85,1,38,4,3,1,"431",Standard
21078,95,1,24,4,3,1,"431",Standard
14391,128,1,22,4,3,1,"431",Standard
27510,95,1,32,4,3,1,"431",Standard
19081,85,1,32,4,3,1,"431",Standard
11495,96,1,14,4,3,1,"431",Standard
27172,96,1,24,4,3,1,"431",Standard
27445,96,1,34,4,3,1,"431",Standard
11396,96,1,29,4,3,1,"431",Standard
27333,96,1,29,4,3,1,"431",Standard
21096,96,1,14,4,3,1,"431",Standard
29123,96,1,24,4,3,1,"431",Standard
16718,73,1,14,4,3,1,"431",Standard
11391,96,1,34,4,3,1,"431",Standard
14637,128,1,40,4,3,1,"431",Standard
20687,97,1,10,4,3,1,"431",Standard
22454,84,1,13,4,3,1,"431",Standard
25968,73,1,25,4,3,1,"431",Standard
20432,84,1,15,4,3,1,"431",Standard
24896,73,1,15,4,3,1,"431",Standard
28800,84,1,25,4,3,1,"431",Standard
28461,73,1,34,4,3,1,"431",Standard
27827,84,1,25,4,3,1,"431",Standard
22425,98,1,25,4,3,1,"431",Standard
28680,98,1,31,4,3,1,"431",Standard
21544,84,1,30,4,3,1,"431",Standard
22740,84,1,30,4,3,1,"431",Standard
23303,98,1,37,4,3,1,"431",Standard
26526,98,1,38,4,3,1,"431",Standard
24836,98,1,29,4,3,1,"431",Standard
13342,84,1,32,4,3,1,"431",Standard
24509,84,1,35,4,3,1,"431",Standard
17903,98,1,32,4,3,1,"431",Standard
13333,128,1,22,4,3,1,"431",Standard
15335,83,1,40,4,3,1,"431",Standard
22542,98,1,24,4,3,1,"431",Standard
21133,99,1,21,4,3,1,"431",Standard
27923,99,1,29,4,3,1,"431",Standard
22833,99,1,29,4,3,1,"431",Standard
13692,99,1,25,4,3,1,"431",Standard
23677,99,1,30,4,3,1,"431",Standard
23951,99,1,36,4,3,1,"431",Standard
18146,99,1,32,4,3,1,"431",Standard
23519,99,1,24,4,3,1,"431",Standard
24769,99,1,35,4,3,1,"431",Standard
20268,99,1,21,4,3,1,"431",Standard
14619,100,1,40,4,3,1,"431",Standard
27444,100,1,31,4,3,1,"431",Standard
23638,128,1,30,4,3,1,"431",Standard
25176,128,1,37,4,3,1,"431",Standard
25083,83,1,37,4,3,1,"431",Standard
25537,100,1,39,4,3,1,"431",Standard
21227,128,1,27,4,3,1,"431",Standard
28933,100,1,29,4,3,1,"431",Standard
22190,100,1,37,4,3,1,"431",Standard
21707,100,1,15,4,3,1,"431",Standard
28913,100,1,24,4,3,1,"431",Standard
16315,100,1,29,4,3,1,"431",Standard
26347,100,1,25,4,3,1,"431",Standard
28779,128,1,24,4,3,1,"431",Standard
26790,101,1,28,4,3,1,"431",Standard
22485,101,1,24,4,3,1,"431",Standard
28192,101,1,30,4,3,1,"431",Standard
22840,101,1,37,4,3,1,"431",Standard
21697,101,1,15,4,3,1,"431",Standard
27417,101,1,21,4,3,1,"431",Standard
20467,101,1,17,4,3,1,"431",Standard
17650,82,1,39,4,3,1,"431",Standard
22659,82,1,39,4,3,1,"431",Standard
20536,102,1,24,4,3,1,"431",Standard
28637,128,1,31,4,3,1,"431",Standard
26267,102,1,21,4,3,1,"431",Standard
26840,102,1,34,4,3,1,"431",Standard
17905,82,1,25,4,3,1,"431",Standard
13236,102,1,22,4,3,1,"431",Standard
27732,82,1,30,4,3,1,"431",Standard
12887,102,1,22,4,3,1,"431",Standard
20535,102,1,15,4,3,1,"431",Standard
26908,102,1,36,4,3,1,"431",Standard
13834,82,1,22,4,3,1,"431",Standard
28544,102,1,34,4,3,1,"431",Standard
21856,102,1,25,4,3,1,"431",Standard
17117,82,1,40,4,3,1,"431",Standard
14327,73,1,32,4,3,1,"431",Standard
27236,82,1,34,4,3,1,"431",Standard
16719,103,1,40,4,3,1,"431",Standard
23741,103,1,33,4,3,1,"431",Standard
17382,103,1,29,4,3,1,"431",Standard
18119,103,1,14,4,3,1,"431",Standard
24125,103,1,14,4,3,1,"431",Standard
24139,82,1,39,4,3,1,"431",Standard
21512,128,1,25,4,3,1,"431",Standard
25664,103,1,28,4,3,1,"431",Standard
21687,103,1,24,4,3,1,"431",Standard
23335,103,1,32,4,3,1,"431",Standard
25246,82,1,28,4,3,1,"431",Standard
14963,82,1,40,4,3,1,"431",Standard
22350,103,1,15,4,3,1,"431",Standard
15401,103,1,40,4,3,1,"431",Standard
21137,104,1,37,4,3,1,"431",Standard
24637,82,1,14,4,3,1,"431",Standard
21778,104,1,15,4,3,1,"431",Standard
13200,81,1,24,4,3,1,"431",Standard
19044,81,1,30,4,3,1,"431",Standard
25170,104,1,33,4,3,1,"431",Standard
22750,104,1,30,4,3,1,"431",Standard
12127,81,1,35,4,3,1,"431",Standard
27567,81,1,21,4,3,1,"431",Standard
13451,104,1,22,4,3,1,"431",Standard
16335,129,1,37,4,3,1,"431",Standard
23825,105,1,32,4,3,1,"431",Standard
22183,105,1,32,4,3,1,"431",Standard
28074,105,1,13,4,3,1,"431",Standard
11375,105,1,14,4,3,1,"431",Standard
20786,105,1,15,4,3,1,"431",Standard
26574,81,1,29,4,3,1,"431",Standard
27203,105,1,19,4,3,1,"431",Standard
21722,81,1,15,4,3,1,"431",Standard
17340,81,1,29,4,3,1,"431",Standard
27600,105,1,24,4,3,1,"431",Standard
24936,81,1,39,4,3,1,"431",Standard
23843,73,1,39,4,3,1,"431",Standard
13356,106,1,31,4,3,1,"431",Standard
28445,81,1,34,4,3,1,"431",Standard
23738,106,1,37,4,3,1,"431",Standard
24874,106,1,21,4,3,1,"431",Standard
20174,106,1,30,4,3,1,"431",Standard
16809,106,1,14,4,3,1,"431",Standard
19074,129,1,30,4,3,1,"431",Standard
22806,107,1,39,4,3,1,"431",Standard
28861,107,1,29,4,3,1,"431",Standard
21755,107,1,15,4,3,1,"431",Standard
17588,80,1,14,4,3,1,"431",Standard
26450,107,1,30,4,3,1,"431",Standard
24948,129,1,37,4,3,1,"431",Standard
23068,80,1,37,4,3,1,"431",Standard
18001,80,1,31,4,3,1,"431",Standard
29125,80,1,14,4,3,1,"431",Standard
12786,80,1,22,4,3,1,"431",Standard
21879,108,1,35,4,3,1,"431",Standard
28249,108,1,28,4,3,1,"431",Standard
21123,109,1,30,4,3,1,"431",Standard
22184,109,1,37,4,3,1,"431",Standard
17032,109,1,13,4,3,1,"431",Standard
25318,109,1,25,4,3,1,"431",Standard
25771,109,1,25,4,3,1,"431",Standard
26851,109,1,24,4,3,1,"431",Standard
12422,109,1,35,4,3,1,"431",Standard
25360,109,1,32,4,3,1,"431",Standard
18339,109,1,14,4,3,1,"431",Standard
24228,80,1,15,4,3,1,"431",Standard
28883,109,1,39,4,3,1,"431",Standard
21721,109,1,15,4,3,1,"431",Standard
25068,109,1,33,4,3,1,"431",Standard
26996,109,1,15,4,3,1,"431",Standard
21758,109,1,15,4,3,1,"431",Standard
23703,110,1,35,4,3,1,"431",Standard
16450,110,1,38,4,3,1,"431",Standard
29426,110,1,25,4,3,1,"431",Standard
25880,129,1,32,4,3,1,"431",Standard
29023,110,1,35,4,3,1,"431",Standard
26685,110,1,25,4,3,1,"431",Standard
20516,110,1,15,4,3,1,"431",Standard
16545,110,1,31,4,3,1,"431",Standard
16485,110,1,40,4,3,1,"431",Standard
24014,110,1,39,4,3,1,"431",Standard
23558,110,1,35,4,3,1,"431",Standard
27655,111,1,21,4,3,1,"431",Standard
25082,111,1,35,4,3,1,"431",Standard
26518,111,1,32,4,3,1,"431",Standard
25897,111,1,33,4,3,1,"431",Standard
28361,111,1,14,4,3,1,"431",Standard
24319,79,1,37,4,3,1,"431",Standard
23497,112,1,30,4,3,1,"431",Standard
27278,79,1,29,4,3,1,"431",Standard
22902,131,1,32,4,3,1,"431",Standard
28050,112,1,21,4,3,1,"431",Standard
25797,112,1,21,4,3,1,"431",Standard
25684,112,1,24,4,3,1,"431",Standard
24628,79,1,33,4,3,1,"431",Standard
24253,113,1,10,4,3,1,"431",Standard
25836,113,1,35,4,3,1,"431",Standard
22124,79,1,35,4,3,1,"431",Standard
24856,113,1,28,4,3,1,"431",Standard
22079,113,1,24,4,3,1,"431",Standard
18796,113,1,24,4,3,1,"431",Standard
27312,113,1,34,4,3,1,"431",Standard
16202,113,1,31,4,3,1,"431",Standard
19666,113,1,35,4,3,1,"431",Standard
24750,114,1,30,4,3,1,"431",Standard
25009,114,1,15,4,3,1,"431",Standard
23229,114,1,28,4,3,1,"431",Standard
26704,79,1,34,4,3,1,"431",Standard
17084,114,1,31,4,3,1,"431",Standard
27160,114,1,32,4,3,1,"431",Standard
26778,114,1,34,4,3,1,"431",Standard
28305,114,1,29,4,3,1,"431",Standard
22157,114,1,32,4,3,1,"431",Standard
29444,114,1,25,4,3,1,"431",Standard
27432,79,1,28,4,3,1,"431",Standard
24070,114,1,36,4,3,1,"431",Standard
26479,115,1,32,4,3,1,"431",Standard
24879,115,1,21,4,3,1,"431",Standard
14889,115,1,22,4,3,1,"431",Standard
19374,115,1,29,4,3,1,"431",Standard
17907,115,1,28,4,3,1,"431",Standard
23001,115,1,37,4,3,1,"431",Standard
26394,115,1,34,4,3,1,"431",Standard
15911,115,1,27,4,3,1,"431",Standard
28467,115,1,36,4,3,1,"431",Standard
22677,79,1,13,4,3,1,"431",Standard
12274,115,1,35,4,3,1,"431",Standard
17145,78,1,14,4,3,1,"431",Standard
23748,115,1,36,4,3,1,"431",Standard
22101,116,1,32,4,3,1,"431",Standard
24758,116,1,35,4,3,1,"431",Standard
21831,116,1,35,4,3,1,"431",Standard
24519,116,1,39,4,3,1,"431",Standard
26258,116,1,36,4,3,1,"431",Standard
20571,116,1,25,4,3,1,"431",Standard
22053,116,1,10,4,3,1,"431",Standard
20539,129,1,15,4,3,1,"431",Standard
14693,116,1,40,4,3,1,"431",Standard
20774,117,1,23,4,3,1,"431",Standard
15563,117,1,40,4,3,1,"431",Standard
26494,117,1,27,4,3,1,"431",Standard
26255,117,1,36,4,3,1,"431",Standard
26284,117,1,27,4,3,1,"431",Standard
29259,117,1,14,4,3,1,"431",Standard
26212,117,1,24,4,3,1,"431",Standard
28974,117,1,25,4,3,1,"431",Standard
16473,117,1,25,4,3,1,"431",Standard
13219,117,1,22,4,3,1,"431",Standard
22702,78,1,29,4,3,1,"431",Standard
18446,130,1,21,4,3,1,"431",Standard
27048,78,1,36,4,3,1,"431",Standard
24715,117,1,29,4,3,1,"431",Standard
14506,78,1,40,4,3,1,"431",Standard
20443,118,1,39,4,3,1,"431",Standard
21247,118,1,15,4,3,1,"431",Standard
24625,118,1,14,4,3,1,"431",Standard
28907,130,1,24,4,3,1,"431",Standard
19907,118,1,32,4,3,1,"431",Standard
21689,78,1,15,4,3,1,"431",Standard
26246,118,1,27,4,3,1,"431",Standard
27925,78,1,39,4,3,1,"431",Standard
28448,119,1,21,4,3,1,"431",Standard
23876,119,1,37,4,3,1,"431",Standard
25847,130,1,25,4,3,1,"431",Standard
24222,119,1,37,4,3,1,"431",Standard
14715,119,1,31,4,3,1,"431",Standard
28815,73,1,31,4,3,1,"431",Standard
27012,119,1,36,4,3,1,"431",Standard
18015,77,1,37,4,3,1,"431",Standard
18667,120,1,13,4,3,1,"431",Standard
14430,120,1,31,4,3,1,"431",Standard
20727,73,1,30,4,3,1,"431",Standard
16265,120,1,27,4,3,1,"431",Standard
27748,120,1,24,4,3,1,"431",Standard
25278,120,1,37,4,3,1,"431",Standard
24564,120,1,39,4,3,1,"431",Standard
21826,77,1,13,4,3,1,"431",Standard
22865,120,1,37,4,3,1,"431",Standard
23464,77,1,30,4,3,1,"431",Standard
25834,130,1,27,4,3,1,"431",Standard
27853,130,1,19,4,3,1,"431",Standard
19368,77,1,32,4,3,1,"431",Standard
18016,77,1,35,4,3,1,"431",Standard
25644,121,1,19,4,3,1,"431",Standard
12889,121,1,22,4,3,1,"431",Standard
19478,121,1,24,4,3,1,"431",Standard
14201,77,1,33,4,3,1,"431",Standard
20493,77,1,24,4,3,1,"431",Standard
26621,121,1,29,4,3,1,"431",Standard
26799,77,1,29,4,3,1,"431",Standard
23131,121,1,30,4,3,1,"431",Standard
23615,121,1,32,4,3,1,"431",Standard
20176,121,1,32,4,3,1,"431",Standard
20867,121,1,39,4,3,1,"431",Standard
24884,122,1,24,4,3,1,"431",Standard
12831,76,1,40,4,3,1,"431",Standard
16838,122,1,14,4,3,1,"431",Standard
14618,122,1,40,4,3,1,"431",Standard
15855,122,1,29,4,3,1,"431",Standard
27893,122,1,35,4,3,1,"431",Standard
25212,76,1,28,4,3,1,"431",Standard
17164,76,1,13,4,3,1,"431",Standard
21970,76,1,32,4,3,1,"431",Standard
25202,76,1,37,4,3,1,"431",Standard
14807,130,1,40,4,3,1,"431",Standard
19847,75,1,22,4,3,1,"431",Standard
26925,75,1,36,4,3,1,"431",Standard
26323,75,1,27,4,3,1,"431",Standard
14393,123,1,32,4,3,1,"431",Standard
28552,75,1,21,4,3,1,"431",Standard
14767,123,1,30,4,3,1,"431",Standard
26045,123,1,27,4,3,1,"431",Standard
24724,123,1,29,4,3,1,"431",Standard
23304,123,1,37,4,3,1,"431",Standard
27398,123,1,28,4,3,1,"431",Standard
23448,75,1,32,4,3,1,"431",Standard
27200,75,1,36,4,3,1,"431",Standard
28220,75,1,14,4,3,1,"431",Standard
13588,75,1,15,4,3,1,"431",Standard
11442,123,1,35,4,3,1,"431",Standard
21392,74,1,30,4,3,1,"431",Standard
20939,74,1,14,4,3,1,"431",Standard
21318,124,1,37,4,3,1,"431",Standard
26334,124,1,27,4,3,1,"431",Standard
23337,124,1,30,4,3,1,"431",Standard
28582,124,1,35,4,3,1,"431",Standard
25581,125,1,34,4,3,1,"431",Standard
21101,131,1,32,4,3,1,"431",Standard
20738,125,1,24,4,3,1,"431",Standard
20943,125,1,37,4,3,1,"431",Standard
21260,125,1,15,4,3,1,"431",Standard
13950,125,1,24,4,3,1,"431",Standard
25089,131,1,35,4,3,1,"431",Standard
21119,125,1,25,4,3,1,"431",Standard
29437,125,1,25,4,3,1,"431",Standard
22223,125,1,35,4,3,1,"431",Standard
24659,125,1,15,4,3,1,"431",Standard
21539,125,1,35,4,3,1,"431",Standard
11355,126,1,14,4,3,1,"431",Standard
14556,126,1,20,4,3,1,"431",Standard
25377,74,1,33,4,3,1,"431",Standard
25833,126,1,37,4,3,1,"431",Standard
26168,73,1,31,4,3,1,"431",Standard
26463,126,1,27,4,3,1,"431",Standard
25860,126,1,27,4,3,1,"431",Standard
27320,74,1,34,4,3,1,"431",Standard
14573,126,1,40,4,3,1,"431",Standard
22811,74,1,35,4,3,1,"431",Standard
20431,126,1,15,4,3,1,"431",Standard
12455,74,1,22,4,3,1,"431",Standard
13376,126,1,31,4,3,1,"431",Standard
22563,126,1,13,4,3,1,"431",Standard
17529,126,1,14,4,3,1,"431",Standard
28787,126,1,14,4,3,1,"431",Standard
16901,127,1,40,4,3,1,"431",Standard
16056,127,1,27,4,3,1,"431",Standard
28864,127,1,29,4,3,1,"431",Standard
19484,74,1,39,4,3,1,"431",Standard
23805,127,1,33,4,3,1,"431",Standard
24117,131,1,13,4,3,1,"431",Standard
20632,127,1,22,4,3,1,"431",Standard
12842,127,1,33,4,3,1,"431",Standard
15936,90,1,40,4,3,1,"431",Standard
15407,90,1,40,4,3,1,"431",Standard
13796,90,1,40,4,3,1,"431",Standard
24316,90,1,39,4,3,1,"431",Standard
26265,90,1,36,4,3,1,"431",Standard
28380,90,1,35,4,3,1,"431",Standard
17901,90,1,31,4,3,1,"431",Standard
16472,90,1,27,4,3,1,"431",Standard
22786,89,1,37,4,3,1,"431",Standard
13869,89,1,22,4,3,1,"431",Standard
25205,91,1,32,4,3,1,"431",Standard
21520,91,1,32,4,3,1,"431",Standard
19371,91,1,32,4,3,1,"431",Standard
27245,91,1,34,4,3,1,"431",Standard
22228,91,1,37,4,3,1,"431",Standard
14595,92,1,40,4,3,1,"431",Standard
28033,92,1,25,4,3,1,"431",Standard
24983,92,1,39,4,3,1,"431",Standard
22379,92,1,28,4,3,1,"431",Standard
16724,89,1,40,4,3,1,"431",Standard
23006,92,1,39,4,3,1,"431",Standard
21772,131,1,24,4,3,1,"431",Standard
21854,92,1,25,4,3,1,"431",Standard
14499,92,1,15,4,3,1,"431",Standard
14615,92,1,29,4,3,1,"431",Standard
16421,92,1,31,4,3,1,"431",Standard
20971,89,1,39,4,3,1,"431",Standard
23579,89,1,35,4,3,1,"431",Standard
26063,93,1,30,4,3,1,"431",Standard
20959,89,1,39,4,3,1,"431",Standard
13888,93,1,22,4,3,1,"431",Standard
18012,89,1,25,4,3,1,"431",Standard
19746,81,1,2330,4,2,4,"424",Standard
17009,83,1,2352,4,2,4,"424",Standard
24972,88,1,2398,4,2,4,"424",Standard
17000,79,1,2295,4,2,4,"424",Standard
17542,77,1,2342,4,2,4,"424",Standard
18959,88,1,2341,4,2,4,"424",Standard
25479,105,1,1800,4,2,4,"424",Standard
18352,82,1,2335,4,2,4,"424",Standard
26828,87,1,1732,4,2,4,"424",Standard
16779,98,1,2297,4,2,4,"424",Standard
16645,112,1,2357,4,2,4,"424",Standard
18430,100,1,1775,4,2,4,"424",Standard
18237,122,1,2319,4,2,4,"424",Standard
26231,76,1,1765,4,2,4,"424",Standard
22518,76,1,1736,4,2,4,"424",Standard
22442,95,1,1710,4,2,4,"424",Standard
18232,83,1,2370,4,2,4,"424",Standard
17476,122,1,1701,4,2,4,"424",Standard
17010,76,1,2385,4,2,4,"424",Standard
17140,74,1,2320,4,2,4,"424",Standard
17558,98,1,1750,4,2,4,"424",Standard
17136,85,1,2297,4,2,4,"424",Standard
16114,105,1,2320,4,2,4,"424",Standard
16893,105,1,2326,4,2,4,"424",Standard
16832,100,1,2370,4,2,4,"424",Standard
18589,76,1,1769,4,2,4,"424",Standard
16785,122,1,2343,4,2,4,"424",Standard
17008,76,1,2317,4,2,4,"424",Standard
17363,76,1,2342,4,2,4,"424",Standard
18113,84,1,2392,4,2,4,"424",Standard
17499,85,1,2295,4,2,4,"424",Standard
16146,105,1,2330,4,2,4,"424",Standard
17460,85,1,2340,4,2,4,"424",Standard
25683,76,1,1251,4,2,4,"424",Standard
25452,76,1,2384,4,2,4,"424",Standard
17433,79,1,2341,4,2,4,"424",Standard
16868,106,1,2322,4,2,4,"424",Standard
17595,76,1,1786,4,2,4,"424",Standard
18556,94,1,1701,4,2,4,"424",Standard
18609,76,1,1786,4,2,4,"424",Standard
17470,76,1,2330,4,2,4,"424",Standard
16833,94,1,2344,4,2,4,"424",Standard
13710,92,1,2341,4,2,4,"424",Standard
18680,88,1,1736,4,2,4,"424",Standard
26816,76,1,1736,4,2,4,"424",Standard
16819,109,1,2317,4,2,4,"424",Standard
16967,81,1,2317,4,2,4,"424",Standard
18567,75,1,1701,4,2,4,"424",Standard
18360,123,1,1751,4,2,4,"424",Standard
25634,123,1,1751,4,2,4,"424",Standard
25478,123,1,1736,4,2,4,"424",Standard
18448,109,1,1736,4,2,4,"424",Standard
16881,94,1,2320,4,2,4,"424",Standard
17546,89,1,2319,4,2,4,"424",Standard
13851,80,1,2332,4,2,4,"424",Standard
22599,80,1,1701,4,2,4,"424",Standard
18233,123,1,1732,4,2,4,"424",Standard
17545,74,1,2342,4,2,4,"424",Standard
18227,123,1,1730,4,2,4,"424",Standard
26227,94,1,1710,4,2,4,"424",Standard
18409,123,1,1728,4,2,4,"424",Standard
18597,75,1,1760,4,2,4,"424",Standard
17654,75,1,1760,4,2,4,"424",Standard
22592,75,1,1755,4,2,4,"424",Standard
18551,123,1,1710,4,2,4,"424",Standard
18961,75,1,2370,4,2,4,"424",Standard
22535,75,1,1751,4,2,4,"424",Standard
18543,113,1,1736,4,2,4,"424",Standard
18646,75,1,1736,4,2,4,"424",Standard
16105,123,1,2362,4,2,4,"424",Standard
18568,75,1,1732,4,2,4,"424",Standard
18598,75,1,1701,4,2,4,"424",Standard
22468,75,1,1701,4,2,4,"424",Standard
13711,75,1,2380,4,2,4,"424",Standard
17604,92,1,2370,4,2,4,"424",Standard
11251,104,1,2319,4,2,4,"424",Standard
16961,92,1,2319,4,2,4,"424",Standard
16148,123,1,2320,4,2,4,"424",Standard
17474,85,1,2355,4,2,4,"424",Standard
22536,74,1,1775,4,2,4,"424",Standard
16981,74,1,2318,4,2,4,"424",Standard
24958,74,1,2384,4,2,4,"424",Standard
26230,113,1,2398,4,2,4,"424",Standard
18596,74,1,1775,4,2,4,"424",Standard
18971,74,1,2352,4,2,4,"424",Standard
22434,104,1,1736,4,2,4,"424",Standard
21160,126,1,1775,4,2,4,"424",Standard
18075,86,1,2395,4,2,4,"424",Standard
18067,74,1,2380,4,2,4,"424",Standard
25321,104,1,1736,4,2,4,"424",Standard
17871,124,1,1730,4,2,4,"424",Standard
18564,93,1,1715,4,2,4,"424",Standard
17623,86,1,2327,4,2,4,"424",Standard
13154,86,1,2310,4,2,4,"424",Standard
17157,93,1,2335,4,2,4,"424",Standard
17176,86,1,2370,4,2,4,"424",Standard
18066,79,1,2345,4,2,4,"424",Standard
17002,73,1,2332,4,2,4,"424",Standard
17544,86,1,2360,4,2,4,"424",Standard
18225,86,1,2350,4,2,4,"424",Standard
18605,88,1,1736,4,2,4,"424",Standard
19705,86,1,2342,4,2,4,"424",Standard
13270,125,1,2395,4,2,4,"424",Standard
25661,81,1,1736,4,2,4,"424",Standard
18762,74,1,1765,4,2,4,"424",Standard
18085,125,1,1765,4,2,4,"424",Standard
16865,100,1,2370,4,2,4,"424",Standard
16753,103,1,2320,4,2,4,"424",Standard
18392,103,1,2343,4,2,4,"424",Standard
18373,109,1,1764,4,2,4,"424",Standard
17364,73,1,2352,4,2,4,"424",Standard
18224,86,1,2394,4,2,4,"424",Standard
13399,83,1,2295,4,2,4,"424",Standard
26827,93,1,1751,4,2,4,"424",Standard
16755,103,1,2317,4,2,4,"424",Standard
18431,102,1,1755,4,2,4,"424",Standard
22467,106,1,1732,4,2,4,"424",Standard
18226,102,1,1726,4,2,4,"424",Standard
24797,114,1,2393,4,2,4,"424",Standard
16844,100,1,2370,4,2,4,"424",Standard
17267,82,1,2355,4,2,4,"424",Standard
26353,87,1,1774,4,2,4,"424",Standard
18972,89,1,2370,4,2,4,"424",Standard
17365,79,1,2370,4,2,4,"424",Standard
17537,74,1,2320,4,2,4,"424",Standard
18344,103,1,1760,4,2,4,"424",Standard
18780,87,1,1760,4,2,4,"424",Standard
17458,82,1,2370,4,2,4,"424",Standard
13397,79,1,2397,4,2,4,"424",Standard
16880,98,1,2344,4,2,4,"424",Standard
17414,82,1,2295,4,2,4,"424",Standard
18350,102,1,1736,4,2,4,"424",Standard
28098,80,1,1250,4,2,4,"424",Standard
26228,108,1,1701,4,2,4,"424",Standard
21289,79,1,1764,4,2,4,"424",Standard
20587,89,1,2379,4,2,4,"424",Standard
16756,106,1,2396,4,2,4,"424",Standard
16871,115,1,2317,4,2,4,"424",Standard
18116,110,1,2377,4,2,4,"424",Standard
21268,115,1,1726,4,2,4,"424",Standard
18414,115,1,1760,4,2,4,"424",Standard
16892,97,1,2342,4,2,4,"424",Standard
16344,101,1,2295,4,2,4,"424",Standard
23789,128,1,1251,4,2,4,"424",Standard
18433,110,1,2330,4,2,4,"424",Standard
18234,115,1,1755,4,2,4,"424",Standard
16818,115,1,2392,4,2,4,"424",Standard
18361,115,1,1751,4,2,4,"424",Standard
22570,90,1,1736,4,2,4,"424",Standard
16907,97,1,2342,4,2,4,"424",Standard
16116,97,1,2342,4,2,4,"424",Standard
16095,115,1,2330,4,2,4,"424",Standard
17593,87,1,2380,4,2,4,"424",Standard
18670,81,1,1724,4,2,4,"424",Standard
22594,87,1,1710,4,2,4,"424",Standard
16113,110,1,2392,4,2,4,"424",Standard
22461,108,1,1755,4,2,4,"424",Standard
18684,78,1,1755,4,2,4,"424",Standard
18548,116,1,1755,4,2,4,"424",Standard
17415,93,1,2297,4,2,4,"424",Standard
21269,116,1,1736,4,2,4,"424",Standard
16087,108,1,2370,4,2,4,"424",Standard
16101,108,1,2322,4,2,4,"424",Standard
18379,97,1,2362,4,2,4,"424",Standard
16882,97,1,2295,4,2,4,"424",Standard
16144,107,1,2377,4,2,4,"424",Standard
16908,116,1,2367,4,2,4,"424",Standard
16100,116,1,2370,4,2,4,"424",Standard
18606,80,1,1751,4,2,4,"424",Standard
18377,116,1,2395,4,2,4,"424",Standard
17413,78,1,2366,4,2,4,"424",Standard
18366,107,1,1775,4,2,4,"424",Standard
22596,90,1,1751,4,2,4,"424",Standard
16835,110,1,2295,4,2,4,"424",Standard
22520,108,1,1775,4,2,4,"424",Standard
18794,89,1,1736,4,2,4,"424",Standard
18553,117,1,1701,4,2,4,"424",Standard
18645,84,1,1701,4,2,4,"424",Standard
13709,80,1,2332,4,2,4,"424",Standard
16845,117,1,2380,4,2,4,"424",Standard
18369,110,1,1726,4,2,4,"424",Standard
18654,80,1,1776,4,2,4,"424",Standard
17586,117,1,1751,4,2,4,"424",Standard
16081,96,1,2320,4,2,4,"424",Standard
16111,117,1,2341,4,2,4,"424",Standard
16147,96,1,2367,4,2,4,"424",Standard
17423,78,1,2297,4,2,4,"424",Standard
16786,96,1,2295,4,2,4,"424",Standard
16851,99,1,2370,4,2,4,"424",Standard
16478,110,1,2386,4,2,4,"424",Standard
18438,99,1,1710,4,2,4,"424",Standard
18370,108,1,1701,4,2,4,"424",Standard
18545,117,1,1726,4,2,4,"424",Standard
18801,92,1,1799,4,2,4,"424",Standard
17133,89,1,2357,4,2,4,"424",Standard
16979,78,1,2322,4,2,4,"424",Standard
18502,118,1,1760,4,2,4,"424",Standard
16864,96,1,2370,4,2,4,"424",Standard
16244,108,1,2370,4,2,4,"424",Standard
16145,118,1,2322,4,2,4,"424",Standard
16854,118,1,2343,4,2,4,"424",Standard
25660,73,1,1736,4,2,4,"424",Standard
17268,73,1,2320,4,2,4,"424",Standard
21057,87,1,2395,4,2,4,"424",Standard
18228,118,1,1710,4,2,4,"424",Standard
22439,96,1,1701,4,2,4,"424",Standard
16850,118,1,2355,4,2,4,"424",Standard
17139,84,1,2310,4,2,4,"424",Standard
17462,78,1,2335,4,2,4,"424",Standard
22460,111,1,1751,4,2,4,"424",Standard
16867,118,1,2382,4,2,4,"424",Standard
24707,101,1,2393,4,2,4,"424",Standard
20589,81,1,2345,4,2,4,"424",Standard
13387,89,1,2337,4,2,4,"424",Standard
16869,118,1,2377,4,2,4,"424",Standard
18353,84,1,2317,4,2,4,"424",Standard
17425,78,1,2395,4,2,4,"424",Standard
16641,96,1,2391,4,2,4,"424",Standard
17134,78,1,2377,4,2,4,"424",Standard
16859,105,1,2380,4,2,4,"424",Standard
22470,89,1,1736,4,2,4,"424",Standard
18440,108,1,1775,4,2,4,"424",Standard
17691,82,1,1779,4,2,4,"424",Standard
29357,119,1,2398,4,2,4,"424",Standard
17552,77,1,2357,4,2,4,"424",Standard
17624,87,1,2357,4,2,4,"424",Standard
27139,96,1,1283,4,2,4,"424",Standard
18229,96,1,1701,4,2,4,"424",Standard
17001,84,1,2342,4,2,4,"424",Standard
24796,119,1,2398,4,2,4,"424",Standard
18439,120,1,1701,4,2,4,"424",Standard
13743,84,1,2350,4,2,4,"424",Standard
18595,96,1,2330,4,2,4,"424",Standard
13434,109,1,2355,4,2,4,"424",Standard
21271,105,1,1728,4,2,4,"424",Standard
26854,87,1,1715,4,2,4,"424",Standard
22456,105,1,1728,4,2,4,"424",Standard
17007,80,1,2330,4,2,4,"424",Standard
23794,120,1,1250,4,2,4,"424",Standard
17416,93,1,2371,4,2,4,"424",Standard
17398,89,1,2355,4,2,4,"424",Standard
18562,112,1,1732,4,2,4,"424",Standard
26855,89,1,1701,4,2,4,"424",Standard
18950,85,1,2352,4,2,4,"424",Standard
18501,120,1,1751,4,2,4,"424",Standard
18798,91,1,1728,4,2,4,"424",Standard
22505,91,1,1736,4,2,4,"424",Standard
16872,106,1,2359,4,2,4,"424",Standard
22510,120,1,1764,4,2,4,"424",Standard
16112,121,1,2373,4,2,4,"424",Standard
18371,112,1,1755,4,2,4,"424",Standard
18558,105,1,1751,4,2,4,"424",Standard
25751,112,1,1760,4,2,4,"424",Standard
22428,130,1,1739,4,2,4,"424",Standard
13145,87,1,2337,4,2,4,"424",Standard
26352,121,1,1764,4,2,4,"424",Standard
18318,121,1,1760,4,2,4,"424",Standard
25442,121,1,1736,4,2,4,"424",Standard
17439,93,1,2342,4,2,4,"424",Standard
18839,81,1,2385,4,2,4,"424",Standard
18800,85,1,1755,4,2,4,"424",Standard
17404,128,1,1710,4,2,4,"424",Standard
17581,87,1,2369,4,2,4,"424",Standard
24831,79,1,2398,4,2,4,"424",Standard
18401,95,1,2295,4,2,4,"424",Standard
18357,91,1,2310,4,2,4,"424",Standard
16909,95,1,2377,4,2,4,"424",Standard
16839,112,1,2295,4,2,4,"424",Standard
18559,102,1,1736,4,2,4,"424",Standard
17399,91,1,2367,4,2,4,"424",Standard
25461,101,1,1776,4,2,4,"424",Standard
29358,91,1,2384,4,2,4,"424",Standard
24155,99,1,540,4,2,3,"423",Standard
22307,121,1,804,4,2,3,"423",Standard
21798,80,1,1174,4,2,3,"423",Standard
16131,86,1,166,4,2,3,"423",Standard
23860,86,1,549,4,2,3,"423",Standard
21599,86,1,1170,4,2,3,"423",Standard
27885,124,1,603,4,2,3,"423",Standard
25482,96,1,163,4,2,3,"423",Standard
27982,89,1,603,4,2,3,"423",Standard
25467,86,1,1152,4,2,3,"423",Standard
23147,77,1,157,4,2,3,"423",Standard
23724,74,1,589,4,2,3,"423",Standard
21498,77,1,135,4,2,3,"423",Standard
14885,118,1,1155,4,2,3,"423",Standard
23584,86,1,575,4,2,3,"423",Standard
21143,124,1,1155,4,2,3,"423",Standard
21141,124,1,1155,4,2,3,"423",Standard
25362,102,1,751,4,2,3,"423",Standard
27597,124,1,564,4,2,3,"423",Standard
22450,93,1,799,4,2,3,"423",Standard
29362,80,1,777,4,2,3,"423",Standard
16093,124,1,555,4,2,3,"423",Standard
21461,92,1,142,4,2,3,"423",Standard
14893,118,1,839,4,2,3,"423",Standard
28387,73,1,584,4,2,3,"423",Standard
23186,124,1,549,4,2,3,"423",Standard
23990,83,1,549,4,2,3,"423",Standard
23211,109,1,584,4,2,3,"423",Standard
21585,96,1,1180,4,2,3,"423",Standard
24197,126,1,1155,4,2,3,"423",Standard
24115,114,1,1164,4,2,3,"423",Standard
19209,98,1,575,4,2,3,"423",Standard
22447,83,1,794,4,2,3,"423",Standard
23744,101,1,568,4,2,3,"423",Standard
21607,79,1,1120,4,2,3,"423",Standard
16135,87,1,580,4,2,3,"423",Standard
23506,86,1,540,4,2,3,"423",Standard
24023,93,1,589,4,2,3,"423",Standard
21666,128,1,828,4,2,3,"423",Standard
22377,109,1,184,4,2,3,"423",Standard
27722,114,1,564,4,2,3,"423",Standard
21051,78,1,1120,4,2,3,"423",Standard
18861,112,1,133,4,2,3,"423",Standard
23680,99,1,540,4,2,3,"423",Standard
23585,88,1,565,4,2,3,"423",Standard
22509,82,1,804,4,2,3,"423",Standard
21711,86,1,1180,4,2,3,"423",Standard
28476,87,1,120,4,2,3,"423",Standard
24024,125,1,603,4,2,3,"423",Standard
25508,88,1,540,4,2,3,"423",Standard
21417,101,1,1155,4,2,3,"423",Standard
29455,125,1,751,4,2,3,"423",Standard
25531,88,1,1188,4,2,3,"423",Standard
25357,114,1,147,4,2,3,"423",Standard
15283,112,1,866,4,2,3,"423",Standard
16138,86,1,565,4,2,3,"423",Standard
23837,74,1,575,4,2,3,"423",Standard
21704,79,1,1152,4,2,3,"423",Standard
23739,92,1,573,4,2,3,"423",Standard
16110,98,1,650,4,2,3,"423",Standard
24098,108,1,655,4,2,3,"423",Standard
24705,104,1,1155,4,2,3,"423",Standard
16139,82,1,655,4,2,3,"423",Standard
24010,73,1,565,4,2,3,"423",Standard
23853,74,1,589,4,2,3,"423",Standard
24697,114,1,1170,4,2,3,"423",Standard
20911,79,1,612,4,2,3,"423",Standard
24205,120,1,615,4,2,3,"423",Standard
21047,88,1,1155,4,2,3,"423",Standard
23138,130,1,599,4,2,3,"423",Standard
28386,88,1,600,4,2,3,"423",Standard
21161,130,1,1174,4,2,3,"423",Standard
22095,81,1,142,4,2,3,"423",Standard
29465,102,1,791,4,2,3,"423",Standard
23850,79,1,540,4,2,3,"423",Standard
23342,114,1,556,4,2,3,"423",Standard
21604,77,1,1180,4,2,3,"423",Standard
27147,86,1,124,4,2,3,"423",Standard
22508,79,1,799,4,2,3,"423",Standard
23834,82,1,562,4,2,3,"423",Standard
23460,99,1,649,4,2,3,"423",Standard
21922,85,1,1120,4,2,3,"423",Standard
25576,79,1,1170,4,2,3,"423",Standard
29461,103,1,777,4,2,3,"423",Standard
21817,96,1,791,4,2,3,"423",Standard
24138,100,1,1195,4,2,3,"423",Standard
16108,103,1,634,4,2,3,"423",Standard
27710,112,1,564,4,2,3,"423",Standard
21355,121,1,1184,4,2,3,"423",Standard
29187,99,1,589,4,2,3,"423",Standard
23778,99,1,589,4,2,3,"423",Standard
25312,82,1,1199,4,2,3,"423",Standard
21645,79,1,1183,4,2,3,"423",Standard
23375,99,1,564,4,2,3,"423",Standard
27856,126,1,578,4,2,3,"423",Standard
23407,103,1,561,4,2,3,"423",Standard
28372,95,1,608,4,2,3,"423",Standard
23214,103,1,629,4,2,3,"423",Standard
22712,102,1,575,4,2,3,"423",Standard
27725,98,1,120,4,2,3,"423",Standard
14911,103,1,868,4,2,3,"423",Standard
29365,90,1,779,4,2,3,"423",Standard
21667,120,1,819,4,2,3,"423",Standard
23484,81,1,540,4,2,3,"423",Standard
22075,125,1,144,4,2,3,"423",Standard
25486,80,1,549,4,2,3,"423",Standard
21586,99,1,1120,4,2,3,"423",Standard
27186,82,1,600,4,2,3,"423",Standard
23341,114,1,561,4,2,3,"423",Standard
21329,111,1,1179,4,2,3,"423",Standard
21479,100,1,1149,4,2,3,"423",Standard
29257,103,1,165,4,2,3,"423",Standard
29363,87,1,777,4,2,3,"423",Standard
27769,99,1,776,4,2,3,"423",Standard
20878,103,1,1155,4,2,3,"423",Standard
23462,104,1,568,4,2,3,"423",Standard
21410,77,1,1155,4,2,3,"423",Standard
16141,92,1,590,4,2,3,"423",Standard
28436,91,1,617,4,2,3,"423",Standard
21162,127,1,1155,4,2,3,"423",Standard
21588,81,1,1174,4,2,3,"423",Standard
25550,81,1,575,4,2,3,"423",Standard
25453,101,1,1170,4,2,3,"423",Standard
21019,91,1,630,4,2,3,"423",Standard
27142,128,1,791,4,2,3,"423",Standard
26843,108,1,184,4,2,3,"423",Standard
23586,82,1,563,4,2,3,"423",Standard
23718,104,1,568,4,2,3,"423",Standard
24021,106,1,156,4,2,3,"423",Standard
28027,84,1,120,4,2,3,"423",Standard
20953,73,1,163,4,2,3,"423",Standard
28563,114,1,1198,4,2,3,"423",Standard
17125,114,1,540,4,2,3,"423",Standard
25522,90,1,629,4,2,3,"423",Standard
25454,114,1,1155,4,2,3,"423",Standard
21478,109,1,1155,4,2,3,"423",Standard
16129,79,1,565,4,2,3,"423",Standard
23851,89,1,540,4,2,3,"423",Standard
27906,101,1,540,4,2,3,"423",Standard
20080,89,1,549,4,2,3,"423",Standard
22296,95,1,133,4,2,3,"423",Standard
29371,91,1,777,4,2,3,"423",Standard
23733,114,1,568,4,2,3,"423",Standard
23856,90,1,603,4,2,3,"423",Standard
27721,99,1,166,4,2,3,"423",Standard
20077,90,1,633,4,2,3,"423",Standard
25449,93,1,609,4,2,3,"423",Standard
25500,74,1,1170,4,2,3,"423",Standard
28550,80,1,124,4,2,3,"423",Standard
23478,115,1,589,4,2,3,"423",Standard
22519,91,1,922,4,2,3,"423",Standard
27124,130,1,811,4,2,3,"423",Standard
26086,101,1,150,4,2,3,"423",Standard
23832,89,1,688,4,2,3,"423",Standard
23742,115,1,615,4,2,3,"423",Standard
20122,79,1,129,4,2,3,"423",Standard
20882,79,1,1170,4,2,3,"423",Standard
23589,73,1,589,4,2,3,"423",Standard
23849,82,1,600,4,2,3,"423",Standard
28370,115,1,639,4,2,3,"423",Standard
17675,95,1,125,4,2,3,"423",Standard
22444,90,1,828,4,2,3,"423",Standard
25546,93,1,1179,4,2,3,"423",Standard
21584,115,1,1155,4,2,3,"423",Standard
21147,128,1,1180,4,2,3,"423",Standard
21699,92,1,1159,4,2,3,"423",Standard
25506,79,1,1155,4,2,3,"423",Standard
21504,106,1,1155,4,2,3,"423",Standard
28427,80,1,540,4,2,3,"423",Standard
13506,119,1,124,4,2,3,"423",Standard
26203,101,1,189,4,2,3,"423",Standard
22663,128,1,575,4,2,3,"423",Standard
20074,106,1,589,4,2,3,"423",Standard
21483,106,1,1205,4,2,3,"423",Standard
24107,89,1,124,4,2,3,"423",Standard
21794,90,1,1180,4,2,3,"423",Standard
18588,119,1,120,4,2,3,"423",Standard
24127,107,1,549,4,2,3,"423",Standard
24410,83,1,194,4,2,3,"423",Standard
29099,130,1,549,4,2,3,"423",Standard
23492,77,1,589,4,2,3,"423",Standard
25553,84,1,1120,4,2,3,"423",Standard
24112,110,1,1155,4,2,3,"423",Standard
29299,85,1,549,4,2,3,"423",Standard
18784,107,1,129,4,2,3,"423",Standard
21808,90,1,1155,4,2,3,"423",Standard
27977,82,1,554,4,2,3,"423",Standard
23854,81,1,584,4,2,3,"423",Standard
19803,98,1,575,4,2,3,"423",Standard
23213,100,1,617,4,2,3,"423",Standard
28691,119,1,777,4,2,3,"423",Standard
28701,92,1,1155,4,2,3,"423",Standard
16109,97,1,549,4,2,3,"423",Standard
19769,107,1,540,4,2,3,"423",Standard
27185,83,1,589,4,2,3,"423",Standard
23852,78,1,589,4,2,3,"423",Standard
14548,90,1,125,4,2,3,"423",Standard
23185,128,1,639,4,2,3,"423",Standard
29212,111,1,190,4,2,3,"423",Standard
14910,95,1,839,4,2,3,"423",Standard
27907,98,1,578,4,2,3,"423",Standard
19990,80,1,549,4,2,3,"423",Standard
27808,78,1,866,4,2,3,"423",Standard
20935,80,1,163,4,2,3,"423",Standard
23813,106,1,564,4,2,3,"423",Standard
16151,90,1,639,4,2,3,"423",Standard
28528,129,1,751,4,2,3,"423",Standard
23848,90,1,561,4,2,3,"423",Standard
19982,80,1,590,4,2,3,"423",Standard
19883,99,1,549,4,2,3,"423",Standard
23668,108,1,564,4,2,3,"423",Standard
24702,89,1,1174,4,2,3,"423",Standard
27162,80,1,540,4,2,3,"423",Standard
27402,101,1,129,4,2,3,"423",Standard
21615,87,1,1155,4,2,3,"423",Standard
23899,95,1,574,4,2,3,"423",Standard
23726,97,1,563,4,2,3,"423",Standard
28522,127,1,1198,4,2,3,"423",Standard
25639,105,1,1229,4,2,3,"423",Standard
20338,101,1,124,4,2,3,"423",Standard
21638,84,1,1170,4,2,3,"423",Standard
21476,99,1,1197,4,2,3,"423",Standard
23847,89,1,723,4,2,3,"423",Standard
28698,116,1,765,4,2,3,"423",Standard
27824,90,1,786,4,2,3,"423",Standard
24620,95,1,196,4,2,3,"423",Standard
23146,129,1,603,4,2,3,"423",Standard
23319,110,1,575,4,2,3,"423",Standard
27170,111,1,756,4,2,3,"423",Standard
21812,78,1,1155,4,2,3,"423",Standard
23818,116,1,554,4,2,3,"423",Standard
24835,81,1,1170,4,2,3,"423",Standard
12020,110,1,804,4,2,3,"423",Standard
23444,116,1,549,4,2,3,"423",Standard
23159,128,1,563,4,2,3,"423",Standard
23509,90,1,576,4,2,3,"423",Standard
24717,96,1,540,4,2,3,"423",Standard
27136,127,1,1224,4,2,3,"423",Standard
23474,116,1,600,4,2,3,"423",Standard
21583,106,1,1214,4,2,3,"423",Standard
25548,79,1,603,4,2,3,"423",Standard
27845,89,1,751,4,2,3,"423",Standard
19699,109,1,133,4,2,3,"423",Standard
22689,107,1,549,4,2,3,"423",Standard
21807,78,1,1120,4,2,3,"423",Standard
19845,111,1,640,4,2,3,"423",Standard
19815,130,1,597,4,2,3,"423",Standard
25504,81,1,578,4,2,3,"423",Standard
23505,90,1,617,4,2,3,"423",Standard
22531,120,1,184,4,2,3,"423",Standard
23811,97,1,549,4,2,3,"423",Standard
16122,116,1,570,4,2,3,"423",Standard
21709,88,1,1155,4,2,3,"423",Standard
27130,96,1,540,4,2,3,"423",Standard
23377,101,1,557,4,2,3,"423",Standard
27892,120,1,649,4,2,3,"423",Standard
19187,107,1,147,4,2,3,"423",Standard
24690,99,1,609,4,2,3,"423",Standard
29181,129,1,554,4,2,3,"423",Standard
27771,117,1,777,4,2,3,"423",Standard
24689,100,1,1155,4,2,3,"423",Standard
23857,77,1,600,4,2,3,"423",Standard
29243,97,1,123,4,2,3,"423",Standard
14900,110,1,839,4,2,3,"423",Standard
28744,90,1,776,4,2,3,"423",Standard
28366,110,1,578,4,2,3,"423",Standard
19734,95,1,120,4,2,3,"423",Standard
24706,97,1,578,4,2,3,"423",Standard
27780,77,1,777,4,2,3,"423",Standard
23901,121,1,575,4,2,3,"423",Standard
20069,121,1,575,4,2,3,"423",Standard
23828,79,1,549,4,2,3,"423",Standard
23816,121,1,564,4,2,3,"423",Standard
19868,95,1,120,4,2,3,"423",Standard
28399,93,1,554,4,2,3,"423",Standard
24182,121,1,563,4,2,3,"423",Standard
16090,107,1,605,4,2,3,"423",Standard
19854,121,1,555,4,2,3,"423",Standard
23683,121,1,554,4,2,3,"423",Standard
27776,78,1,751,4,2,3,"423",Standard
23340,121,1,554,4,2,3,"423",Standard
20742,117,1,129,4,2,3,"423",Standard
19869,110,1,609,4,2,3,"423",Standard
20910,127,1,614,4,2,3,"423",Standard
23374,110,1,589,4,2,3,"423",Standard
28425,90,1,589,4,2,3,"423",Standard
27768,105,1,742,4,2,3,"423",Standard
21253,128,1,1155,4,2,3,"423",Standard
24046,128,1,554,4,2,3,"423",Standard
19889,98,1,540,4,2,3,"423",Standard
18023,121,1,188,4,2,3,"423",Standard
28706,105,1,774,4,2,3,"423",Standard
23568,97,1,568,4,2,3,"423",Standard
28424,78,1,564,4,2,3,"423",Standard
19843,117,1,565,4,2,3,"423",Standard
24191,112,1,540,4,2,3,"423",Standard
23582,122,1,629,4,2,3,"423",Standard
27896,95,1,540,4,2,3,"423",Standard
21356,98,1,1174,4,2,3,"423",Standard
27909,112,1,549,4,2,3,"423",Standard
19307,95,1,149,4,2,3,"423",Standard
25480,73,1,1120,4,2,3,"423",Standard
20123,112,1,133,4,2,3,"423",Standard
27763,117,1,785,4,2,3,"423",Standard
19819,98,1,124,4,2,3,"423",Standard
23781,107,1,568,4,2,3,"423",Standard
20767,127,1,1120,4,2,3,"423",Standard
23746,122,1,540,4,2,3,"423",Standard
28602,105,1,144,4,2,3,"423",Standard
25573,88,1,1155,4,2,3,"423",Standard
21594,85,1,1170,4,2,3,"423",Standard
19204,107,1,540,4,2,3,"423",Standard
25308,117,1,1120,4,2,3,"423",Standard
19235,108,1,120,4,2,3,"423",Standard
23167,130,1,540,4,2,3,"423",Standard
13828,91,1,166,4,2,3,"423",Standard
27154,102,1,1229,4,2,3,"423",Standard
24099,122,1,564,4,2,3,"423",Standard
28072,93,1,549,4,2,3,"423",Standard
28699,122,1,777,4,2,3,"423",Standard
25450,76,1,568,4,2,3,"423",Standard
27711,122,1,617,4,2,3,"423",Standard
24033,129,1,575,4,2,3,"423",Standard
21484,113,1,1120,4,2,3,"423",Standard
16137,82,1,555,4,2,3,"423",Standard
21797,88,1,1155,4,2,3,"423",Standard
24121,102,1,540,4,2,3,"423",Standard
23373,130,1,561,4,2,3,"423",Standard
16142,85,1,564,4,2,3,"423",Standard
16127,108,1,618,4,2,3,"423",Standard
21681,105,1,799,4,2,3,"423",Standard
23227,122,1,598,4,2,3,"423",Standard
25528,79,1,565,4,2,3,"423",Standard
22134,127,1,144,4,2,3,"423",Standard
26043,93,1,191,4,2,3,"423",Standard
26155,127,1,129,4,2,3,"423",Standard
18994,85,1,124,4,2,3,"423",Standard
23715,74,1,540,4,2,3,"423",Standard
21388,107,1,1179,4,2,3,"423",Standard
19991,76,1,597,4,2,3,"423",Standard
23359,113,1,540,4,2,3,"423",Standard
29462,122,1,855,4,2,3,"423",Standard
29464,107,1,756,4,2,3,"423",Standard
25166,127,1,135,4,2,3,"423",Standard
21475,94,1,1148,4,2,3,"423",Standard
24211,107,1,1170,4,2,3,"423",Standard
24022,76,1,561,4,2,3,"423",Standard
21401,109,1,1174,4,2,3,"423",Standard
23560,100,1,554,4,2,3,"423",Standard
16072,110,1,166,4,2,3,"423",Standard
25465,76,1,1155,4,2,3,"423",Standard
29463,113,1,751,4,2,3,"423",Standard
28367,112,1,600,4,2,3,"423",Standard
23279,94,1,125,4,2,3,"423",Standard
27166,105,1,827,4,2,3,"423",Standard
21781,87,1,1174,4,2,3,"423",Standard
23704,121,1,600,4,2,3,"423",Standard
23706,91,1,540,4,2,3,"423",Standard
16124,73,1,614,4,2,3,"423",Standard
23721,105,1,589,4,2,3,"423",Standard
23708,78,1,575,4,2,3,"423",Standard
24634,112,1,131,4,2,3,"423",Standard
19229,95,1,124,4,2,3,"423",Standard
23463,117,1,575,4,2,3,"423",Standard
19206,113,1,554,4,2,3,"423",Standard
25460,76,1,554,4,2,3,"423",Standard
19842,94,1,564,4,2,3,"423",Standard
28688,121,1,901,4,2,3,"423",Standard
15291,76,1,889,4,2,3,"423",Standard
27983,91,1,540,4,2,3,"423",Standard
20887,81,1,1164,4,2,3,"423",Standard
22651,130,1,575,4,2,3,"423",Standard
21590,81,1,1169,4,2,3,"423",Standard
27634,76,1,568,4,2,3,"423",Standard
23807,96,1,608,4,2,3,"423",Standard
23991,93,1,549,4,2,3,"423",Standard
23520,129,1,549,4,2,3,"423",Standard
27764,108,1,776,4,2,3,"423",Standard
21330,105,1,1120,4,2,3,"423",Standard
21424,113,1,1170,4,2,3,"423",Standard
13204,87,1,142,4,2,3,"423",Standard
24712,89,1,1120,4,2,3,"423",Standard
19994,90,1,540,4,2,3,"423",Standard
28371,111,1,540,4,2,3,"423",Standard
27719,117,1,599,4,2,3,"423",Standard
23386,129,1,549,4,2,3,"423",Standard
21282,113,1,1120,4,2,3,"423",Standard
18810,82,1,133,4,2,3,"423",Standard
25301,100,1,1170,4,2,3,"423",Standard
27762,85,1,575,4,2,3,"423",Standard
21422,89,1,1184,4,2,3,"423",Standard
27974,75,1,554,4,2,3,"423",Standard
19215,96,1,123,4,2,3,"423",Standard
20392,94,1,133,4,2,3,"423",Standard
23815,118,1,724,4,2,3,"423",Standard
23507,91,1,575,4,2,3,"423",Standard
23671,126,1,194,4,2,3,"423",Standard
19853,111,1,120,4,2,3,"423",Standard
23516,126,1,599,4,2,3,"423",Standard
21587,94,1,1155,4,2,3,"423",Standard
23231,113,1,598,4,2,3,"423",Standard
25488,85,1,1120,4,2,3,"423",Standard
28153,88,1,570,4,2,3,"423",Standard
19821,128,1,565,4,2,3,"423",Standard
27586,75,1,1120,4,2,3,"423",Standard
20311,74,1,120,4,2,3,"423",Standard
29294,94,1,554,4,2,3,"423",Standard
23723,118,1,628,4,2,3,"423",Standard
26672,96,1,124,4,2,3,"423",Standard
21637,78,1,1155,4,2,3,"423",Standard
20888,77,1,1174,4,2,3,"423",Standard
20363,80,1,144,4,2,3,"423",Standard
21396,120,1,1170,4,2,3,"423",Standard
13930,94,1,140,4,2,3,"423",Standard
21357,123,1,1205,4,2,3,"423",Standard
29313,84,1,540,4,2,3,"423",Standard
27403,75,1,133,4,2,3,"423",Standard
24716,123,1,562,4,2,3,"423",Standard
28700,93,1,1170,4,2,3,"423",Standard
27894,104,1,549,4,2,3,"423",Standard
23370,123,1,564,4,2,3,"423",Standard
29291,123,1,564,4,2,3,"423",Standard
26376,104,1,122,4,2,3,"423",Standard
21491,109,1,1174,4,2,3,"423",Standard
21275,106,1,1152,4,2,3,"423",Standard
28554,123,1,1155,4,2,3,"423",Standard
21369,123,1,1155,4,2,3,"423",Standard
21486,123,1,1155,4,2,3,"423",Standard
21281,94,1,1129,4,2,3,"423",Standard
24214,113,1,584,4,2,3,"423",Standard
24200,94,1,1120,4,2,3,"423",Standard
23222,123,1,575,4,2,3,"423",Standard
27009,118,1,575,4,2,3,"423",Standard
25344,104,1,802,4,2,3,"423",Standard
28555,123,1,1134,4,2,3,"423",Standard
21700,92,1,1174,4,2,3,"423",Standard
21482,123,1,1129,4,2,3,"423",Standard
24971,91,1,153,4,2,3,"423",Standard
27131,101,1,603,4,2,3,"423",Standard
23471,104,1,600,4,2,3,"423",Standard
19115,85,1,148,4,2,3,"423",Standard
20883,75,1,1149,4,2,3,"423",Standard
27175,75,1,565,4,2,3,"423",Standard
23909,79,1,549,4,2,3,"423",Standard
25364,78,1,751,4,2,3,"423",Standard
23443,104,1,723,4,2,3,"423",Standard
23835,85,1,604,4,2,3,"423",Standard
25510,75,1,1213,4,2,3,"423",Standard
21426,105,1,1149,4,2,3,"423",Standard
28375,88,1,568,4,2,3,"423",Standard
24508,106,1,122,4,2,3,"423",Standard
28556,98,1,1155,4,2,3,"423",Standard
14509,123,1,164,4,2,3,"423",Standard
29298,98,1,549,4,2,3,"423",Standard
21042,93,1,1155,4,2,3,"423",Standard
24199,101,1,1155,4,2,3,"423",Standard
23454,118,1,568,4,2,3,"423",Standard
23845,75,1,608,4,2,3,"423",Standard
21485,102,1,1149,4,2,3,"423",Standard
16150,80,1,630,4,2,3,"423",Standard
29297,113,1,613,4,2,3,"423",Standard
23479,108,1,589,4,2,3,"423",Standard
21593,85,1,1155,4,2,3,"423",Standard
22773,93,1,216,4,2,3,"423",Standard
21416,101,1,1155,4,2,3,"423",Standard
21728,91,1,1205,4,2,3,"423",Standard
21606,85,1,1155,4,2,3,"423",Standard
28705,120,1,777,4,2,3,"423",Standard
23169,130,1,685,4,2,3,"423",Standard
12031,85,1,769,4,2,3,"423",Standard
24698,118,1,575,4,2,3,"423",Standard
23874,92,1,540,4,2,3,"423",Standard
23453,113,1,632,4,2,3,"423",Standard
24204,99,1,598,4,2,3,"423",Standard
21598,77,1,1120,4,2,3,"423",Standard
18830,74,1,120,4,2,3,"423",Standard
23821,74,1,639,4,2,3,"423",Standard
16123,86,1,630,4,2,3,"423",Standard
18970,74,1,133,4,2,3,"423",Standard
20884,83,1,1230,4,2,3,"423",Standard
25455,78,1,565,4,2,3,"423",Standard
23210,100,1,554,4,2,3,"423",Standard
25459,74,1,554,4,2,3,"423",Standard
27985,74,1,540,4,2,3,"423",Standard
25447,92,1,1164,4,2,3,"423",Standard
21605,87,1,1179,4,2,3,"423",Standard
23701,123,1,589,4,2,3,"423",Standard
16126,123,1,580,4,2,3,"423",Standard
14197,114,1,107,4,1,3,"413",Standard
23062,109,1,120,4,1,3,"413",Standard
20292,92,1,120,4,1,3,"413",Standard
19379,105,1,103,4,1,3,"413",Standard
21499,88,1,100,4,1,3,"413",Standard
15174,129,1,100,4,1,3,"413",Standard
29351,111,1,120,4,1,3,"413",Standard
20203,130,1,120,4,1,3,"413",Standard
14837,74,1,117,4,1,3,"413",Standard
22813,95,1,120,4,1,3,"413",Standard
20927,81,1,102,4,1,3,"413",Standard
21965,74,1,99,4,1,3,"413",Standard
12426,86,1,99,4,1,3,"413",Standard
24765,116,1,100,4,1,3,"413",Standard
21719,91,1,100,4,1,3,"413",Standard
28272,79,1,112,4,1,3,"413",Standard
23247,80,1,111,4,1,3,"413",Standard
12718,79,1,104,4,1,3,"413",Standard
13409,100,1,109,4,1,3,"413",Standard
14663,75,1,105,4,1,3,"413",Standard
18765,120,1,120,4,1,3,"413",Standard
20022,115,1,120,4,1,3,"413",Standard
21964,130,1,103,4,1,3,"413",Standard
12862,116,1,118,4,1,3,"413",Standard
28121,85,1,120,4,1,3,"413",Standard
27999,81,1,103,4,1,3,"413",Standard
26178,110,1,102,4,1,3,"413",Standard
13463,78,1,107,4,1,3,"413",Standard
22738,106,1,120,4,1,3,"413",Standard
18995,98,1,120,4,1,3,"413",Standard
23550,92,1,112,4,1,3,"413",Standard
18690,105,1,120,4,1,3,"413",Standard
23517,102,1,79,4,1,2,"412",Standard
25277,107,1,96,4,1,2,"412",Standard
21732,108,1,83,4,1,2,"412",Standard
27378,108,1,79,4,1,2,"412",Standard
29422,108,1,63,4,1,2,"412",Standard
28941,100,1,70,4,1,2,"412",Standard
19126,126,1,70,4,1,2,"412",Standard
18880,108,1,70,4,1,2,"412",Standard
19685,108,1,79,4,1,2,"412",Standard
19810,80,1,79,4,1,2,"412",Standard
19665,83,1,70,4,1,2,"412",Standard
21502,108,1,50,4,1,2,"412",Standard
24012,108,1,69,4,1,2,"412",Standard
22020,126,1,57,4,1,2,"412",Standard
22337,108,1,50,4,1,2,"412",Standard
20362,80,1,70,4,1,2,"412",Standard
26109,100,1,65,4,1,2,"412",Standard
26733,100,1,93,4,1,2,"412",Standard
24086,127,1,54,4,1,2,"412",Standard
18771,100,1,70,4,1,2,"412",Standard
21316,109,1,69,4,1,2,"412",Standard
27724,126,1,70,4,1,2,"412",Standard
23240,126,1,70,4,1,2,"412",Standard
24545,126,1,70,4,1,2,"412",Standard
21729,126,1,50,4,1,2,"412",Standard
13374,109,1,57,4,1,2,"412",Standard
23262,109,1,50,4,1,2,"412",Standard
14466,109,1,90,4,1,2,"412",Standard
14331,129,1,57,4,1,2,"412",Standard
26412,100,1,56,4,1,2,"412",Standard
19672,100,1,75,4,1,2,"412",Standard
26413,100,1,58,4,1,2,"412",Standard
20335,129,1,70,4,1,2,"412",Standard
15539,109,1,64,4,1,2,"412",Standard
13991,89,1,85,4,1,2,"412",Standard
27804,127,1,54,4,1,2,"412",Standard
24264,109,1,72,4,1,2,"412",Standard
23215,129,1,50,4,1,2,"412",Standard
20771,83,1,46,4,1,2,"412",Standard
15286,80,1,68,4,1,2,"412",Standard
12888,109,1,96,4,1,2,"412",Standard
25179,127,1,72,4,1,2,"412",Standard
13683,109,1,90,4,1,2,"412",Standard
17448,127,1,64,4,1,2,"412",Standard
20010,129,1,70,4,1,2,"412",Standard
13188,110,1,57,4,1,2,"412",Standard
18082,83,1,68,4,1,2,"412",Standard
19444,110,1,59,4,1,2,"412",Standard
26421,99,1,60,4,1,2,"412",Standard
23495,110,1,70,4,1,2,"412",Standard
21829,110,1,64,4,1,2,"412",Standard
25125,127,1,68,4,1,2,"412",Standard
18536,83,1,55,4,1,2,"412",Standard
27015,87,1,69,4,1,2,"412",Standard
13608,110,1,72,4,1,2,"412",Standard
23487,80,1,90,4,1,2,"412",Standard
27643,110,1,55,4,1,2,"412",Standard
20479,110,1,85,4,1,2,"412",Standard
29012,99,1,79,4,1,2,"412",Standard
27830,83,1,60,4,1,2,"412",Standard
20752,111,1,70,4,1,2,"412",Standard
20414,111,1,78,4,1,2,"412",Standard
21295,83,1,57,4,1,2,"412",Standard
24679,74,1,72,4,1,2,"412",Standard
23260,99,1,93,4,1,2,"412",Standard
21809,111,1,50,4,1,2,"412",Standard
26087,111,1,65,4,1,2,"412",Standard
21415,111,1,50,4,1,2,"412",Standard
25373,129,1,72,4,1,2,"412",Standard
20329,99,1,70,4,1,2,"412",Standard
20538,111,1,69,4,1,2,"412",Standard
17988,99,1,60,4,1,2,"412",Standard
24041,92,1,94,4,1,2,"412",Standard
15512,99,1,62,4,1,2,"412",Standard
28426,111,1,60,4,1,2,"412",Standard
28404,111,1,57,4,1,2,"412",Standard
29197,79,1,79,4,1,2,"412",Standard
15814,112,1,94,4,1,2,"412",Standard
29233,99,1,64,4,1,2,"412",Standard
21170,112,1,75,4,1,2,"412",Standard
20932,79,1,48,4,1,2,"412",Standard
26906,112,1,67,4,1,2,"412",Standard
13244,112,1,81,4,1,2,"412",Standard
26709,112,1,69,4,1,2,"412",Standard
24682,98,1,60,4,1,2,"412",Standard
14248,128,1,57,4,1,2,"412",Standard
20381,92,1,70,4,1,2,"412",Standard
20300,127,1,72,4,1,2,"412",Standard
26256,113,1,93,4,1,2,"412",Standard
22763,113,1,70,4,1,2,"412",Standard
15714,113,1,84,4,1,2,"412",Standard
13837,79,1,90,4,1,2,"412",Standard
22476,79,1,59,4,1,2,"412",Standard
20272,128,1,94,4,1,2,"412",Standard
26900,128,1,48,4,1,2,"412",Standard
21898,89,1,75,4,1,2,"412",Standard
23537,79,1,60,4,1,2,"412",Standard
29227,79,1,64,4,1,2,"412",Standard
26368,113,1,54,4,1,2,"412",Standard
29077,84,1,64,4,1,2,"412",Standard
23782,127,1,70,4,1,2,"412",Standard
14488,113,1,68,4,1,2,"412",Standard
13242,113,1,57,4,1,2,"412",Standard
14269,129,1,85,4,1,2,"412",Standard
26715,113,1,69,4,1,2,"412",Standard
14360,98,1,85,4,1,2,"412",Standard
24749,128,1,65,4,1,2,"412",Standard
28052,87,1,68,4,1,2,"412",Standard
25159,128,1,72,4,1,2,"412",Standard
23203,98,1,70,4,1,2,"412",Standard
17528,84,1,55,4,1,2,"412",Standard
28608,79,1,79,4,1,2,"412",Standard
19649,127,1,79,4,1,2,"412",Standard
26477,114,1,49,4,1,2,"412",Standard
27282,114,1,70,4,1,2,"412",Standard
26453,114,1,54,4,1,2,"412",Standard
13196,114,1,57,4,1,2,"412",Standard
24076,114,1,78,4,1,2,"412",Standard
12019,127,1,75,4,1,2,"412",Standard
22084,114,1,70,4,1,2,"412",Standard
20514,127,1,50,4,1,2,"412",Standard
12924,90,1,91,4,1,2,"412",Standard
27301,98,1,69,4,1,2,"412",Standard
23972,97,1,69,4,1,2,"412",Standard
14864,114,1,70,4,1,2,"412",Standard
19221,73,1,60,4,1,2,"412",Standard
22419,128,1,60,4,1,2,"412",Standard
24954,115,1,72,4,1,2,"412",Standard
20342,115,1,79,4,1,2,"412",Standard
25650,129,1,60,4,1,2,"412",Standard
22022,79,1,50,4,1,2,"412",Standard
18988,90,1,70,4,1,2,"412",Standard
17435,115,1,68,4,1,2,"412",Standard
28743,115,1,79,4,1,2,"412",Standard
19767,115,1,94,4,1,2,"412",Standard
13598,115,1,50,4,1,2,"412",Standard
28335,115,1,63,4,1,2,"412",Standard
19540,90,1,70,4,1,2,"412",Standard
29419,115,1,54,4,1,2,"412",Standard
17878,84,1,70,4,1,2,"412",Standard
20486,131,1,50,4,1,2,"412",Standard
21884,116,1,75,4,1,2,"412",Standard
26999,78,1,58,4,1,2,"412",Standard
13294,116,1,87,4,1,2,"412",Standard
13207,116,1,85,4,1,2,"412",Standard
22102,116,1,85,4,1,2,"412",Standard
24288,116,1,72,4,1,2,"412",Standard
27889,97,1,72,4,1,2,"412",Standard
20557,116,1,65,4,1,2,"412",Standard
19799,116,1,79,4,1,2,"412",Standard
23800,116,1,72,4,1,2,"412",Standard
11390,84,1,49,4,1,2,"412",Standard
16604,97,1,57,4,1,2,"412",Standard
17643,84,1,70,4,1,2,"412",Standard
14144,97,1,57,4,1,2,"412",Standard
13723,90,1,75,4,1,2,"412",Standard
12910,116,1,57,4,1,2,"412",Standard
24220,129,1,68,4,1,2,"412",Standard
14384,116,1,94,4,1,2,"412",Standard
27412,97,1,69,4,1,2,"412",Standard
24407,78,1,72,4,1,2,"412",Standard
12734,130,1,50,4,1,2,"412",Standard
20305,116,1,70,4,1,2,"412",Standard
27422,117,1,60,4,1,2,"412",Standard
11476,90,1,54,4,1,2,"412",Standard
26671,117,1,70,4,1,2,"412",Standard
24638,87,1,57,4,1,2,"412",Standard
13223,97,1,57,4,1,2,"412",Standard
26813,87,1,58,4,1,2,"412",Standard
15736,84,1,77,4,1,2,"412",Standard
16581,97,1,50,4,1,2,"412",Standard
24448,117,1,72,4,1,2,"412",Standard
20383,96,1,94,4,1,2,"412",Standard
26554,90,1,69,4,1,2,"412",Standard
12565,117,1,93,4,1,2,"412",Standard
22496,117,1,49,4,1,2,"412",Standard
18913,117,1,79,4,1,2,"412",Standard
21760,117,1,50,4,1,2,"412",Standard
20101,78,1,68,4,1,2,"412",Standard
26766,78,1,79,4,1,2,"412",Standard
19050,117,1,57,4,1,2,"412",Standard
20630,90,1,75,4,1,2,"412",Standard
21204,130,1,75,4,1,2,"412",Standard
21535,78,1,70,4,1,2,"412",Standard
17636,118,1,74,4,1,2,"412",Standard
26046,118,1,93,4,1,2,"412",Standard
21381,78,1,70,4,1,2,"412",Standard
18940,84,1,79,4,1,2,"412",Standard
20794,90,1,54,4,1,2,"412",Standard
20881,118,1,79,4,1,2,"412",Standard
13921,118,1,57,4,1,2,"412",Standard
19755,96,1,70,4,1,2,"412",Standard
20692,118,1,50,4,1,2,"412",Standard
12428,96,1,75,4,1,2,"412",Standard
26213,78,1,63,4,1,2,"412",Standard
15988,96,1,90,4,1,2,"412",Standard
26149,118,1,79,4,1,2,"412",Standard
20633,118,1,69,4,1,2,"412",Standard
26501,118,1,49,4,1,2,"412",Standard
15292,118,1,55,4,1,2,"412",Standard
20119,118,1,70,4,1,2,"412",Standard
20020,118,1,79,4,1,2,"412",Standard
24510,119,1,61,4,1,2,"412",Standard
23327,119,1,74,4,1,2,"412",Standard
21007,119,1,59,4,1,2,"412",Standard
16283,119,1,64,4,1,2,"412",Standard
12389,78,1,50,4,1,2,"412",Standard
26770,119,1,70,4,1,2,"412",Standard
20849,119,1,70,4,1,2,"412",Standard
19846,119,1,70,4,1,2,"412",Standard
13368,96,1,72,4,1,2,"412",Standard
24845,119,1,69,4,1,2,"412",Standard
27395,119,1,75,4,1,2,"412",Standard
27238,77,1,69,4,1,2,"412",Standard
17106,119,1,73,4,1,2,"412",Standard
12432,96,1,92,4,1,2,"412",Standard
28912,120,1,55,4,1,2,"412",Standard
23812,120,1,70,4,1,2,"412",Standard
20355,120,1,79,4,1,2,"412",Standard
21025,96,1,70,4,1,2,"412",Standard
22564,120,1,59,4,1,2,"412",Standard
13826,85,1,49,4,1,2,"412",Standard
21834,120,1,59,4,1,2,"412",Standard
21450,93,1,60,4,1,2,"412",Standard
20396,120,1,70,4,1,2,"412",Standard
21213,96,1,64,4,1,2,"412",Standard
26742,120,1,70,4,1,2,"412",Standard
28469,96,1,60,4,1,2,"412",Standard
17955,77,1,64,4,1,2,"412",Standard
13445,77,1,76,4,1,2,"412",Standard
22793,128,1,70,4,1,2,"412",Standard
13386,120,1,85,4,1,2,"412",Standard
26780,120,1,79,4,1,2,"412",Standard
25153,120,1,96,4,1,2,"412",Standard
21664,88,1,60,4,1,2,"412",Standard
15279,120,1,57,4,1,2,"412",Standard
25274,120,1,72,4,1,2,"412",Standard
12407,96,1,75,4,1,2,"412",Standard
22979,85,1,79,4,1,2,"412",Standard
20113,95,1,70,4,1,2,"412",Standard
16843,95,1,90,4,1,2,"412",Standard
20704,121,1,78,4,1,2,"412",Standard
22985,121,1,81,4,1,2,"412",Standard
16423,121,1,84,4,1,2,"412",Standard
19066,121,1,85,4,1,2,"412",Standard
19445,95,1,64,4,1,2,"412",Standard
13681,121,1,75,4,1,2,"412",Standard
26756,130,1,79,4,1,2,"412",Standard
19022,121,1,70,4,1,2,"412",Standard
28048,91,1,84,4,1,2,"412",Standard
21198,121,1,70,4,1,2,"412",Standard
14815,77,1,64,4,1,2,"412",Standard
13922,77,1,57,4,1,2,"412",Standard
29370,121,1,98,4,1,2,"412",Standard
18585,95,1,79,4,1,2,"412",Standard
22342,121,1,69,4,1,2,"412",Standard
11596,121,1,50,4,1,2,"412",Standard
12258,121,1,50,4,1,2,"412",Standard
20325,91,1,79,4,1,2,"412",Standard
29402,121,1,54,4,1,2,"412",Standard
21870,77,1,73,4,1,2,"412",Standard
20800,77,1,64,4,1,2,"412",Standard
16336,121,1,64,4,1,2,"412",Standard
21737,88,1,60,4,1,2,"412",Standard
25431,88,1,72,4,1,2,"412",Standard
21763,77,1,50,4,1,2,"412",Standard
28567,91,1,70,4,1,2,"412",Standard
14251,85,1,72,4,1,2,"412",Standard
21383,91,1,70,4,1,2,"412",Standard
22744,122,1,54,4,1,2,"412",Standard
27345,95,1,70,4,1,2,"412",Standard
21145,91,1,70,4,1,2,"412",Standard
23353,122,1,45,4,1,2,"412",Standard
29246,122,1,88,4,1,2,"412",Standard
26497,122,1,65,4,1,2,"412",Standard
29329,76,1,54,4,1,2,"412",Standard
18410,122,1,59,4,1,2,"412",Standard
29022,122,1,64,4,1,2,"412",Standard
29119,91,1,70,4,1,2,"412",Standard
25196,85,1,55,4,1,2,"412",Standard
21116,94,1,79,4,1,2,"412",Standard
22661,91,1,69,4,1,2,"412",Standard
27620,130,1,89,4,1,2,"412",Standard
18579,94,1,70,4,1,2,"412",Standard
28214,122,1,60,4,1,2,"412",Standard
14695,88,1,49,4,1,2,"412",Standard
21069,76,1,70,4,1,2,"412",Standard
21286,76,1,69,4,1,2,"412",Standard
26430,130,1,70,4,1,2,"412",Standard
12224,76,1,85,4,1,2,"412",Standard
13587,94,1,78,4,1,2,"412",Standard
23948,76,1,68,4,1,2,"412",Standard
20333,76,1,70,4,1,2,"412",Standard
22696,76,1,69,4,1,2,"412",Standard
18892,76,1,70,4,1,2,"412",Standard
13413,91,1,57,4,1,2,"412",Standard
26875,76,1,60,4,1,2,"412",Standard
18455,75,1,64,4,1,2,"412",Standard
25621,123,1,90,4,1,2,"412",Standard
27436,75,1,94,4,1,2,"412",Standard
21736,75,1,95,4,1,2,"412",Standard
25424,93,1,72,4,1,2,"412",Standard
26578,94,1,58,4,1,2,"412",Standard
23053,94,1,70,4,1,2,"412",Standard
24861,94,1,75,4,1,2,"412",Standard
11386,89,1,69,4,1,2,"412",Standard
18576,75,1,79,4,1,2,"412",Standard
26464,94,1,60,4,1,2,"412",Standard
18660,75,1,70,4,1,2,"412",Standard
23004,92,1,57,4,1,2,"412",Standard
22723,123,1,70,4,1,2,"412",Standard
22010,94,1,50,4,1,2,"412",Standard
23275,85,1,69,4,1,2,"412",Standard
12629,75,1,54,4,1,2,"412",Standard
23705,75,1,94,4,1,2,"412",Standard
23010,92,1,64,4,1,2,"412",Standard
18076,93,1,68,4,1,2,"412",Standard
29104,85,1,79,4,1,2,"412",Standard
12425,74,1,90,4,1,2,"412",Standard
21744,123,1,50,4,1,2,"412",Standard
28965,86,1,64,4,1,2,"412",Standard
21094,86,1,60,4,1,2,"412",Standard
16236,127,1,99,4,1,2,"412",Standard
18741,74,1,60,4,1,2,"412",Standard
27971,92,1,59,4,1,2,"412",Standard
23595,93,1,68,4,1,2,"412",Standard
16578,86,1,75,4,1,2,"412",Standard
22762,124,1,94,4,1,2,"412",Standard
29296,86,1,50,4,1,2,"412",Standard
28970,86,1,64,4,1,2,"412",Standard
19866,124,1,70,4,1,2,"412",Standard
23194,86,1,70,4,1,2,"412",Standard
20619,86,1,75,4,1,2,"412",Standard
19151,124,1,70,4,1,2,"412",Standard
11389,74,1,69,4,1,2,"412",Standard
28348,130,1,68,4,1,2,"412",Standard
27381,73,1,69,4,1,2,"412",Standard
26366,86,1,50,4,1,2,"412",Standard
13272,93,1,81,4,1,2,"412",Standard
17438,124,1,60,4,1,2,"412",Standard
12663,74,1,69,4,1,2,"412",Standard
13218,89,1,85,4,1,2,"412",Standard
13673,74,1,94,4,1,2,"412",Standard
23349,125,1,66,4,1,2,"412",Standard
19551,125,1,70,4,1,2,"412",Standard
22551,93,1,67,4,1,2,"412",Standard
18879,86,1,70,4,1,2,"412",Standard
23980,128,1,69,4,1,2,"412",Standard
20027,89,1,79,4,1,2,"412",Standard
27115,88,1,58,4,1,2,"412",Standard
16279,125,1,49,4,1,2,"412",Standard
21457,125,1,70,4,1,2,"412",Standard
23946,102,1,54,4,1,2,"412",Standard
24453,103,1,60,4,1,2,"412",Standard
12393,125,1,74,4,1,2,"412",Standard
27922,103,1,60,4,1,2,"412",Standard
26157,125,1,70,4,1,2,"412",Standard
25293,125,1,68,4,1,2,"412",Standard
16152,102,1,64,4,1,2,"412",Standard
20897,102,1,89,4,1,2,"412",Standard
19017,86,1,70,4,1,2,"412",Standard
19398,82,1,70,4,1,2,"412",Standard
22890,82,1,70,4,1,2,"412",Standard
26612,102,1,58,4,1,2,"412",Standard
20098,103,1,68,4,1,2,"412",Standard
15741,102,1,90,4,1,2,"412",Standard
16825,74,1,61,4,1,2,"412",Standard
26036,87,1,89,4,1,2,"412",Standard
19554,128,1,87,4,1,2,"412",Standard
17961,87,1,74,4,1,2,"412",Standard
20112,102,1,79,4,1,2,"412",Standard
26523,104,1,49,4,1,2,"412",Standard
20743,92,1,79,4,1,2,"412",Standard
27168,104,1,67,4,1,2,"412",Standard
11474,126,1,50,4,1,2,"412",Standard
25139,104,1,60,4,1,2,"412",Standard
18938,104,1,70,4,1,2,"412",Standard
22956,102,1,64,4,1,2,"412",Standard
27310,104,1,69,4,1,2,"412",Standard
20898,102,1,52,4,1,2,"412",Standard
20900,126,1,79,4,1,2,"412",Standard
20025,81,1,94,4,1,2,"412",Standard
27579,104,1,69,4,1,2,"412",Standard
26847,102,1,60,4,1,2,"412",Standard
24975,104,1,68,4,1,2,"412",Standard
12909,104,1,72,4,1,2,"412",Standard
18872,102,1,79,4,1,2,"412",Standard
25013,81,1,70,4,1,2,"412",Standard
26835,82,1,69,4,1,2,"412",Standard
23625,105,1,79,4,1,2,"412",Standard
20918,129,1,67,4,1,2,"412",Standard
19464,105,1,59,4,1,2,"412",Standard
24719,102,1,69,4,1,2,"412",Standard
20288,82,1,94,4,1,2,"412",Standard
15628,105,1,64,4,1,2,"412",Standard
13192,82,1,57,4,1,2,"412",Standard
18587,105,1,70,4,1,2,"412",Standard
20008,105,1,70,4,1,2,"412",Standard
17349,105,1,64,4,1,2,"412",Standard
24075,101,1,69,4,1,2,"412",Standard
23754,101,1,69,4,1,2,"412",Standard
26590,105,1,70,4,1,2,"412",Standard
12743,105,1,70,4,1,2,"412",Standard
19488,105,1,48,4,1,2,"412",Standard
20770,81,1,50,4,1,2,"412",Standard
13332,105,1,57,4,1,2,"412",Standard
18062,130,1,64,4,1,2,"412",Standard
14395,105,1,96,4,1,2,"412",Standard
15248,82,1,64,4,1,2,"412",Standard
26065,105,1,49,4,1,2,"412",Standard
21420,92,1,78,4,1,2,"412",Standard
17466,106,1,68,4,1,2,"412",Standard
17394,101,1,68,4,1,2,"412",Standard
28609,106,1,64,4,1,2,"412",Standard
20240,106,1,57,4,1,2,"412",Standard
19742,101,1,94,4,1,2,"412",Standard
27215,101,1,64,4,1,2,"412",Standard
20397,106,1,78,4,1,2,"412",Standard
20972,106,1,70,4,1,2,"412",Standard
18184,106,1,90,4,1,2,"412",Standard
13168,126,1,75,4,1,2,"412",Standard
19741,106,1,79,4,1,2,"412",Standard
29031,81,1,64,4,1,2,"412",Standard
23514,126,1,70,4,1,2,"412",Standard
17180,81,1,69,4,1,2,"412",Standard
23250,128,1,65,4,1,2,"412",Standard
23259,81,1,50,4,1,2,"412",Standard
26793,73,1,89,4,1,2,"412",Standard
17100,129,1,96,4,1,2,"412",Standard
18101,73,1,64,4,1,2,"412",Standard
25438,106,1,96,4,1,2,"412",Standard
26879,106,1,75,4,1,2,"412",Standard
18682,126,1,70,4,1,2,"412",Standard
17090,107,1,65,4,1,2,"412",Standard
21981,81,1,76,4,1,2,"412",Standard
24426,101,1,72,4,1,2,"412",Standard
27805,80,1,49,4,1,2,"412",Standard
27456,107,1,58,4,1,2,"412",Standard
11376,107,1,78,4,1,2,"412",Standard
26378,101,1,60,4,1,2,"412",Standard
26943,107,1,69,4,1,2,"412",Standard
18886,126,1,70,4,1,2,"412",Standard
25201,101,1,96,4,1,2,"412",Standard
20081,107,1,59,4,1,2,"412",Standard
19754,101,1,79,4,1,2,"412",Standard
14515,107,1,57,4,1,2,"412",Standard
12396,107,1,50,4,1,2,"412",Standard
25211,101,1,79,4,1,2,"412",Standard
13951,126,1,57,4,1,2,"412",Standard
13392,82,1,57,4,1,2,"412",Standard
18575,107,1,79,4,1,2,"412",Standard
13699,107,1,76,4,1,2,"412",Standard
26239,82,1,52,4,1,2,"412",Standard
14844,107,1,85,4,1,2,"412",Standard
25264,100,1,81,4,1,2,"412",Standard
13459,80,1,57,4,1,2,"412",Standard
18910,80,1,60,4,1,2,"412",Standard
20141,83,1,4,4,1,1,"411",Standard
26176,120,1,5,4,1,1,"411",Standard
16075,96,1,7,4,1,1,"411",Standard
28929,111,1,7,4,1,1,"411",Standard
23604,126,1,4,4,1,1,"411",Standard
24150,101,1,4,4,1,1,"411",Standard
21866,99,1,5,4,1,1,"411",Standard
24562,119,1,4,4,1,1,"411",Standard
18779,88,1,5,4,1,1,"411",Standard
12815,96,1,7,4,1,1,"411",Standard
16669,89,1,5,4,1,1,"411",Standard
17406,118,1,7,4,1,1,"411",Standard
28926,78,1,7,4,1,1,"411",Standard
12552,109,1,9,4,1,1,"411",Standard
18421,96,1,5,4,1,1,"411",Standard
28768,90,1,5,4,1,1,"411",Standard
28358,109,1,5,4,1,1,"411",Standard
17166,96,1,5,4,1,1,"411",Standard
19431,130,1,5,4,1,1,"411",Standard
27376,78,1,6,4,1,1,"411",Standard
15296,117,1,7,4,1,1,"411",Standard
15416,108,1,5,4,1,1,"411",Standard
15573,117,1,5,4,1,1,"411",Standard
12651,117,1,9,4,1,1,"411",Standard
20986,117,1,7,4,1,1,"411",Standard
24045,117,1,5,4,1,1,"411",Standard
29269,117,1,4,4,1,1,"411",Standard
25906,78,1,6,4,1,1,"411",Standard
25673,130,1,7,4,1,1,"411",Standard
18316,97,1,7,4,1,1,"411",Standard
23362,84,1,7,4,1,1,"411",Standard
17603,130,1,5,4,1,1,"411",Standard
21682,117,1,7,4,1,1,"411",Standard
16769,105,1,5,4,1,1,"411",Standard
27997,90,1,5,4,1,1,"411",Standard
17473,129,1,5,4,1,1,"411",Standard
24986,89,1,5,4,1,1,"411",Standard
24132,107,1,5,4,1,1,"411",Standard
15282,116,1,7,4,1,1,"411",Standard
29134,116,1,6,4,1,1,"411",Standard
28906,108,1,5,4,1,1,"411",Standard
15938,97,1,7,4,1,1,"411",Standard
16817,109,1,5,4,1,1,"411",Standard
22918,116,1,5,4,1,1,"411",Standard
24156,126,1,6,4,1,1,"411",Standard
18397,84,1,5,4,1,1,"411",Standard
21032,79,1,5,4,1,1,"411",Standard
26730,115,1,5,4,1,1,"411",Standard
28610,111,1,9,4,1,1,"411",Standard
27317,99,1,6,4,1,1,"411",Standard
18661,115,1,5,4,1,1,"411",Standard
27031,84,1,5,4,1,1,"411",Standard
17344,110,1,5,4,1,1,"411",Standard
17587,87,1,5,4,1,1,"411",Standard
12811,97,1,5,4,1,1,"411",Standard
28137,109,1,7,4,1,1,"411",Standard
15836,108,1,7,4,1,1,"411",Standard
21277,110,1,5,4,1,1,"411",Standard
28310,84,1,5,4,1,1,"411",Standard
23437,110,1,5,4,1,1,"411",Standard
22387,107,1,5,4,1,1,"411",Standard
27188,115,1,5,4,1,1,"411",Standard
15857,99,1,5,4,1,1,"411",Standard
14527,81,1,5,4,1,1,"411",Standard
28878,101,1,6,4,1,1,"411",Standard
19905,90,1,7,4,1,1,"411",Standard
17160,79,1,5,4,1,1,"411",Standard
16903,79,1,5,4,1,1,"411",Standard
16842,97,1,5,4,1,1,"411",Standard
29039,93,1,5,4,1,1,"411",Standard
25433,90,1,5,4,1,1,"411",Standard
25753,81,1,4,4,1,1,"411",Standard
29083,126,1,4,4,1,1,"411",Standard
28252,103,1,5,4,1,1,"411",Standard
12517,103,1,9,4,1,1,"411",Standard
21823,127,1,5,4,1,1,"411",Standard
27151,114,1,6,4,1,1,"411",Standard
17377,125,1,5,4,1,1,"411",Standard
15370,114,1,7,4,1,1,"411",Standard
27988,103,1,7,4,1,1,"411",Standard
27158,125,1,6,4,1,1,"411",Standard
14630,89,1,5,4,1,1,"411",Standard
21850,129,1,5,4,1,1,"411",Standard
25239,125,1,7,4,1,1,"411",Standard
19494,108,1,6,4,1,1,"411",Standard
28123,124,1,5,4,1,1,"411",Standard
15316,92,1,7,4,1,1,"411",Standard
14628,113,1,5,4,1,1,"411",Standard
23912,89,1,4,4,1,1,"411",Standard
17469,86,1,7,4,1,1,"411",Standard
27038,82,1,7,4,1,1,"411",Standard
15159,74,1,7,4,1,1,"411",Standard
17684,74,1,5,4,1,1,"411",Standard
15898,86,1,7,4,1,1,"411",Standard
27950,85,1,5,4,1,1,"411",Standard
27213,110,1,7,4,1,1,"411",Standard
24122,126,1,5,4,1,1,"411",Standard
14389,92,1,7,4,1,1,"411",Standard
13532,127,1,7,4,1,1,"411",Standard
16650,85,1,5,4,1,1,"411",Standard
17520,113,1,5,4,1,1,"411",Standard
14607,81,1,5,4,1,1,"411",Standard
28925,75,1,7,4,1,1,"411",Standard
26387,73,1,5,4,1,1,"411",Standard
27374,75,1,6,4,1,1,"411",Standard
23945,113,1,5,4,1,1,"411",Standard
15950,113,1,7,4,1,1,"411",Standard
16120,92,1,7,4,1,1,"411",Standard
18750,123,1,5,4,1,1,"411",Standard
23488,85,1,5,4,1,1,"411",Standard
15421,94,1,5,4,1,1,"411",Standard
20269,94,1,5,4,1,1,"411",Standard
14625,93,1,7,4,1,1,"411",Standard
13824,102,1,5,4,1,1,"411",Standard
17173,79,1,5,4,1,1,"411",Standard
20760,87,1,7,4,1,1,"411",Standard
12649,123,1,9,4,1,1,"411",Standard
25527,126,1,7,4,1,1,"411",Standard
16759,99,1,7,4,1,1,"411",Standard
24369,94,1,5,4,1,1,"411",Standard
21674,94,1,5,4,1,1,"411",Standard
18328,113,1,7,4,1,1,"411",Standard
27947,94,1,5,4,1,1,"411",Standard
24142,105,1,7,4,1,1,"411",Standard
24744,113,1,5,4,1,1,"411",Standard
21546,122,1,5,4,1,1,"411",Standard
22530,128,1,5,4,1,1,"411",Standard
24559,122,1,6,4,1,1,"411",Standard
14513,102,1,5,4,1,1,"411",Standard
11586,94,1,9,4,1,1,"411",Standard
24600,122,1,5,4,1,1,"411",Standard
23085,105,1,7,4,1,1,"411",Standard
15907,121,1,5,4,1,1,"411",Standard
27110,77,1,5,4,1,1,"411",Standard
16904,112,1,5,4,1,1,"411",Standard
27041,98,1,7,4,1,1,"411",Standard
15982,121,1,5,4,1,1,"411",Standard
25913,77,1,6,4,1,1,"411",Standard
18453,87,1,5,4,1,1,"411",Standard
16960,121,1,5,4,1,1,"411",Standard
25058,95,1,7,4,1,1,"411",Standard
18162,112,1,7,4,1,1,"411",Standard
14780,95,1,7,4,1,1,"411",Standard
29101,91,1,7,4,1,1,"411",Standard
26182,91,1,6,4,1,1,"411",Standard
16092,128,1,7,4,1,1,"411",Standard
28016,112,1,2,4,1,1,"411",Standard
16376,89,1,7,4,1,1,"411",Standard
16766,87,1,5,4,1,1,"411",Standard
14569,100,1,7,4,1,1,"411",Standard
20956,85,1,4,4,1,1,"411",Standard
28920,84,1,7,4,1,1,"411",Standard
19753,112,1,5,4,1,1,"411",Standard
15258,127,1,5,4,1,1,"411",Standard
29028,111,1,7,4,1,1,"411",Standard
23657,107,1,5,4,1,1,"411",Standard
17183,167,3,7176,3,5,5,"355",Loyal
25865,206,2,4644,3,5,5,"355",Loyal
26055,206,2,5784,3,5,5,"355",Loyal
13345,205,2,4760,3,5,5,"355",Loyal
25973,205,2,5793,3,5,5,"355",Loyal
15116,205,3,7213,3,5,5,"355",Loyal
28662,205,2,4827,3,5,5,"355",Loyal
12198,205,2,5970,3,5,5,"355",Loyal
19874,205,2,4544,3,5,5,"355",Loyal
15080,205,3,8305,3,5,5,"355",Loyal
26075,205,2,5768,3,5,5,"355",Loyal
25980,205,2,5819,3,5,5,"355",Loyal
11759,205,3,8054,3,5,5,"355",Loyal
15926,205,3,6979,3,5,5,"355",Loyal
26061,205,2,5838,3,5,5,"355",Loyal
13591,204,3,8355,3,5,5,"355",Loyal
11766,204,3,8280,3,5,5,"355",Loyal
26056,204,2,5838,3,5,5,"355",Loyal
25990,203,2,5847,3,5,5,"355",Loyal
11896,203,3,8118,3,5,5,"355",Loyal
26060,203,2,5794,3,5,5,"355",Loyal
11900,203,3,8257,3,5,5,"355",Loyal
22234,202,2,5976,3,5,5,"355",Loyal
11767,202,3,8320,3,5,5,"355",Loyal
12807,202,3,5025,3,5,5,"355",Loyal
11906,202,3,8151,3,5,5,"355",Loyal
25979,202,2,5784,3,5,5,"355",Loyal
23819,202,2,4802,3,5,5,"355",Loyal
25943,202,2,5808,3,5,5,"355",Loyal
12042,202,2,5975,3,5,5,"355",Loyal
14428,201,3,8321,3,5,5,"355",Loyal
12109,201,2,5930,3,5,5,"355",Loyal
11465,201,3,8158,3,5,5,"355",Loyal
11903,201,3,8108,3,5,5,"355",Loyal
12033,201,2,5949,3,5,5,"355",Loyal
15085,201,3,7229,3,5,5,"355",Loyal
22247,200,2,5979,3,5,5,"355",Loyal
11333,200,3,8163,3,5,5,"355",Loyal
11768,200,3,8139,3,5,5,"355",Loyal
26058,199,2,5838,3,5,5,"355",Loyal
12211,199,2,5908,3,5,5,"355",Loyal
14191,199,3,8301,3,5,5,"355",Loyal
15357,199,3,7232,3,5,5,"355",Loyal
14940,198,3,8368,3,5,5,"355",Loyal
17732,198,2,4753,3,5,5,"355",Loyal
25975,198,2,5807,3,5,5,"355",Loyal
11751,197,3,8215,3,5,5,"355",Loyal
26066,196,2,5832,3,5,5,"355",Loyal
12437,196,2,5983,3,5,5,"355",Loyal
12177,196,2,4812,3,5,5,"355",Loyal
26041,196,2,5861,3,5,5,"355",Loyal
13101,196,2,4736,3,5,5,"355",Loyal
11244,195,4,7176,3,5,5,"355",Loyal
13585,195,3,8368,3,5,5,"355",Loyal
11337,195,3,8162,3,5,5,"355",Loyal
11341,195,3,8192,3,5,5,"355",Loyal
12084,195,2,5985,3,5,5,"355",Loyal
15101,195,3,6944,3,5,5,"355",Loyal
11483,195,3,4966,3,5,5,"355",Loyal
25982,195,2,5819,3,5,5,"355",Loyal
11400,195,3,6968,3,5,5,"355",Loyal
15920,194,3,6248,3,5,5,"355",Loyal
20241,194,2,5347,3,5,5,"355",Loyal
11907,194,3,8135,3,5,5,"355",Loyal
12221,194,2,5968,3,5,5,"355",Loyal
12096,194,2,5901,3,5,5,"355",Loyal
17733,194,2,4758,3,5,5,"355",Loyal
25974,194,2,5819,3,5,5,"355",Loyal
12255,194,2,5883,3,5,5,"355",Loyal
25978,193,2,5813,3,5,5,"355",Loyal
25972,193,2,5781,3,5,5,"355",Loyal
11461,193,3,8089,3,5,5,"355",Loyal
16429,193,2,4958,3,5,5,"355",Loyal
13249,193,2,4795,3,5,5,"355",Loyal
13590,192,3,8306,3,5,5,"355",Loyal
11892,192,3,8119,3,5,5,"355",Loyal
15114,192,3,6919,3,5,5,"355",Loyal
15710,192,3,6317,3,5,5,"355",Loyal
12441,192,2,5876,3,5,5,"355",Loyal
15685,192,3,7188,3,5,5,"355",Loyal
20264,191,2,5333,3,5,5,"355",Loyal
12154,191,2,4799,3,5,5,"355",Loyal
26057,191,2,5928,3,5,5,"355",Loyal
15928,191,3,6960,3,5,5,"355",Loyal
11344,191,3,8120,3,5,5,"355",Loyal
11893,191,3,8123,3,5,5,"355",Loyal
11898,191,3,8179,3,5,5,"355",Loyal
11097,190,3,8099,3,5,5,"355",Loyal
25976,190,2,5759,3,5,5,"355",Loyal
25924,190,2,5819,3,5,5,"355",Loyal
13405,190,4,10779,3,5,5,"355",Loyal
15693,190,3,6905,3,5,5,"355",Loyal
13343,190,2,4720,3,5,5,"355",Loyal
19884,190,2,4588,3,5,5,"355",Loyal
20249,190,2,5333,3,5,5,"355",Loyal
11343,190,3,8222,3,5,5,"355",Loyal
11462,189,3,8116,3,5,5,"355",Loyal
12075,189,2,5933,3,5,5,"355",Loyal
11480,189,3,4935,3,5,5,"355",Loyal
12094,189,2,5963,3,5,5,"355",Loyal
11895,189,3,8149,3,5,5,"355",Loyal
25863,188,2,4631,3,5,5,"355",Loyal
11765,188,3,8143,3,5,5,"355",Loyal
16442,188,2,4923,3,5,5,"355",Loyal
12030,188,2,5970,3,5,5,"355",Loyal
13584,188,3,8361,3,5,5,"355",Loyal
12027,188,2,5913,3,5,5,"355",Loyal
12710,188,2,4774,3,5,5,"355",Loyal
15625,188,3,7169,3,5,5,"355",Loyal
12110,187,2,5888,3,5,5,"355",Loyal
19829,187,2,4533,3,5,5,"355",Loyal
12219,187,2,5967,3,5,5,"355",Loyal
14183,187,3,8321,3,5,5,"355",Loyal
13540,187,3,6528,3,5,5,"355",Loyal
15084,187,3,6999,3,5,5,"355",Loyal
26070,187,2,5768,3,5,5,"355",Loyal
11334,187,3,8154,3,5,5,"355",Loyal
11547,186,3,4976,3,5,5,"355",Loyal
12120,185,2,5908,3,5,5,"355",Loyal
12435,185,2,5920,3,5,5,"355",Loyal
11761,185,3,8149,3,5,5,"355",Loyal
12220,185,2,5950,3,5,5,"355",Loyal
12254,185,2,5968,3,5,5,"355",Loyal
26011,185,2,5768,3,5,5,"355",Loyal
12121,185,2,5946,3,5,5,"355",Loyal
26042,185,2,5759,3,5,5,"355",Loyal
15117,185,3,6975,3,5,5,"355",Loyal
11754,184,3,8164,3,5,5,"355",Loyal
11096,184,3,8063,3,5,5,"355",Loyal
20261,184,2,5314,3,5,5,"355",Loyal
26091,183,2,5828,3,5,5,"355",Loyal
14185,183,4,9523,3,5,5,"355",Loyal
15924,183,3,5744,3,5,5,"355",Loyal
30042,183,11,12056,3,5,5,"355",Loyal
14215,183,3,5666,3,5,5,"355",Loyal
14071,183,3,5618,3,5,5,"355",Loyal
16824,183,3,6939,3,5,5,"355",Loyal
30004,183,7,109075,3,5,5,"355",Loyal
29765,183,3,3922,3,5,5,"355",Loyal
25888,183,2,4624,3,5,5,"355",Loyal
15692,183,3,8392,3,5,5,"355",Loyal
12452,183,2,5936,3,5,5,"355",Loyal
12448,183,2,5916,3,5,5,"355",Loyal
28393,182,2,4539,3,5,5,"355",Loyal
13679,182,2,5933,3,5,5,"355",Loyal
21169,182,2,4648,3,5,5,"355",Loyal
13605,182,4,9615,3,5,5,"355",Loyal
11909,182,3,8105,3,5,5,"355",Loyal
14102,182,3,3667,3,5,5,"355",Loyal
15691,181,3,8341,3,5,5,"355",Loyal
11398,181,3,8114,3,5,5,"355",Loyal
14224,181,3,5621,3,5,5,"355",Loyal
11394,181,3,8162,3,5,5,"355",Loyal
14063,181,3,5676,3,5,5,"355",Loyal
11999,181,3,7043,3,5,5,"355",Loyal
12442,181,2,5901,3,5,5,"355",Loyal
11996,181,3,7059,3,5,5,"355",Loyal
18125,181,3,5739,3,5,5,"355",Loyal
14058,180,3,5653,3,5,5,"355",Loyal
26106,180,2,5768,3,5,5,"355",Loyal
14192,180,4,9452,3,5,5,"355",Loyal
14216,180,3,5654,3,5,5,"355",Loyal
11910,180,3,8113,3,5,5,"355",Loyal
13575,180,4,9458,3,5,5,"355",Loyal
12002,180,3,8145,3,5,5,"355",Loyal
12339,180,3,6865,3,5,5,"355",Loyal
15097,180,3,8377,3,5,5,"355",Loyal
16580,179,3,5430,3,5,5,"355",Loyal
21205,179,2,4887,3,5,5,"355",Loyal
14214,179,3,5760,3,5,5,"355",Loyal
14050,179,3,5650,3,5,5,"355",Loyal
14195,179,3,8316,3,5,5,"355",Loyal
12290,179,2,5873,3,5,5,"355",Loyal
14211,178,3,5663,3,5,5,"355",Loyal
12492,178,3,5166,3,5,5,"355",Loyal
12756,178,2,5908,3,5,5,"355",Loyal
12777,178,2,5901,3,5,5,"355",Loyal
13460,178,2,4693,3,5,5,"355",Loyal
17904,178,2,4734,3,5,5,"355",Loyal
12039,177,3,8213,3,5,5,"355",Loyal
26114,177,2,5853,3,5,5,"355",Loyal
13661,177,2,5913,3,5,5,"355",Loyal
17209,177,3,7182,3,5,5,"355",Loyal
13440,177,2,4819,3,5,5,"355",Loyal
11989,177,3,8140,3,5,5,"355",Loyal
17909,177,2,4762,3,5,5,"355",Loyal
11988,177,3,8078,3,5,5,"355",Loyal
13680,177,2,5948,3,5,5,"355",Loyal
12010,177,3,8204,3,5,5,"355",Loyal
25866,177,2,4604,3,5,5,"355",Loyal
11250,177,4,7116,3,5,5,"355",Loyal
12265,177,2,5964,3,5,5,"355",Loyal
12771,176,2,5908,3,5,5,"355",Loyal
15354,176,3,8297,3,5,5,"355",Loyal
21173,176,2,4660,3,5,5,"355",Loyal
16513,176,2,4669,3,5,5,"355",Loyal
11100,176,3,8173,3,5,5,"355",Loyal
11952,176,3,8169,3,5,5,"355",Loyal
17199,176,3,6998,3,5,5,"355",Loyal
11967,176,3,8153,3,5,5,"355",Loyal
17735,175,2,4753,3,5,5,"355",Loyal
11353,175,3,8078,3,5,5,"355",Loyal
13563,175,2,5948,3,5,5,"355",Loyal
12004,175,3,8114,3,5,5,"355",Loyal
21165,175,2,4674,3,5,5,"355",Loyal
12337,175,3,8137,3,5,5,"355",Loyal
12383,175,2,5898,3,5,5,"355",Loyal
14066,174,3,3612,3,5,5,"355",Loyal
12769,174,2,5948,3,5,5,"355",Loyal
11964,174,3,8174,3,5,5,"355",Loyal
12773,174,2,5908,3,5,5,"355",Loyal
21166,174,2,4910,3,5,5,"355",Loyal
25895,174,2,4650,3,5,5,"355",Loyal
18130,174,3,5744,3,5,5,"355",Loyal
12761,174,2,5929,3,5,5,"355",Loyal
26110,174,2,5759,3,5,5,"355",Loyal
12003,173,3,8257,3,5,5,"355",Loyal
12599,173,3,5649,3,5,5,"355",Loyal
14065,173,3,5609,3,5,5,"355",Loyal
15931,173,3,5362,3,5,5,"355",Loyal
26098,173,2,5793,3,5,5,"355",Loyal
21179,173,2,4936,3,5,5,"355",Loyal
13529,172,2,4615,3,5,5,"355",Loyal
13592,172,4,9696,3,5,5,"355",Loyal
15699,172,3,6970,3,5,5,"355",Loyal
14070,171,3,5619,3,5,5,"355",Loyal
16603,171,3,7001,3,5,5,"355",Loyal
26112,171,2,5794,3,5,5,"355",Loyal
14186,171,4,9796,3,5,5,"355",Loyal
14051,171,3,5607,3,5,5,"355",Loyal
17191,170,3,6896,3,5,5,"355",Loyal
13260,170,4,7240,3,5,5,"355",Loyal
14047,170,3,5644,3,5,5,"355",Loyal
12279,170,2,5974,3,5,5,"355",Loyal
12009,170,3,8196,3,5,5,"355",Loyal
12280,170,2,5923,3,5,5,"355",Loyal
14101,170,3,3680,3,5,5,"355",Loyal
21183,169,2,4658,3,5,5,"355",Loyal
26084,169,2,5768,3,5,5,"355",Loyal
26096,169,2,5844,3,5,5,"355",Loyal
13660,169,2,4750,3,5,5,"355",Loyal
13418,169,2,4768,3,5,5,"355",Loyal
11997,169,3,7030,3,5,5,"355",Loyal
15106,169,3,8421,3,5,5,"355",Loyal
12001,169,3,8113,3,5,5,"355",Loyal
12285,169,2,5968,3,5,5,"355",Loyal
15675,169,3,7206,3,5,5,"355",Loyal
13595,168,4,9391,3,5,5,"355",Loyal
16476,168,2,4715,3,5,5,"355",Loyal
21201,168,2,4922,3,5,5,"355",Loyal
11977,168,3,8213,3,5,5,"355",Loyal
12000,168,3,8183,3,5,5,"355",Loyal
19988,168,2,4555,3,5,5,"355",Loyal
12256,167,2,5953,3,5,5,"355",Loyal
21211,167,2,4901,3,5,5,"355",Loyal
26082,167,2,5768,3,5,5,"355",Loyal
14429,167,3,8394,3,5,5,"355",Loyal
25886,167,2,4673,3,5,5,"355",Loyal
11969,167,3,8173,3,5,5,"355",Loyal
14062,167,3,5648,3,5,5,"355",Loyal
14046,167,3,5645,3,5,5,"355",Loyal
12267,167,2,5873,3,5,5,"355",Loyal
13577,167,4,9450,3,5,5,"355",Loyal
25878,166,2,4650,3,5,5,"355",Loyal
13908,166,2,4715,3,5,5,"355",Loyal
11968,166,3,8079,3,5,5,"355",Loyal
12560,166,3,5637,3,5,5,"355",Loyal
12770,166,2,5944,3,5,5,"355",Loyal
12338,166,3,8265,3,5,5,"355",Loyal
11247,166,4,7132,3,5,5,"355",Loyal
12005,166,3,6985,3,5,5,"355",Loyal
25879,166,2,4659,3,5,5,"355",Loyal
12373,166,2,5938,3,5,5,"355",Loyal
17184,166,3,7253,3,5,5,"355",Loyal
12559,165,3,5634,3,5,5,"355",Loyal
11381,165,3,8161,3,5,5,"355",Loyal
25889,165,2,4651,3,5,5,"355",Loyal
14218,165,3,5652,3,5,5,"355",Loyal
25876,165,2,4629,3,5,5,"355",Loyal
12450,165,2,5955,3,5,5,"355",Loyal
11917,164,3,8121,3,5,5,"355",Loyal
17221,164,3,7292,3,5,5,"355",Loyal
20283,164,2,5314,3,5,5,"355",Loyal
16821,164,3,7221,3,5,5,"355",Loyal
20427,164,2,5314,3,5,5,"355",Loyal
14064,164,3,5694,3,5,5,"355",Loyal
15925,164,3,5906,3,5,5,"355",Loyal
16199,164,3,6918,3,5,5,"355",Loyal
23830,163,2,4802,3,5,5,"355",Loyal
15118,163,3,8301,3,5,5,"355",Loyal
11110,163,3,8093,3,5,5,"355",Loyal
14220,163,3,5696,3,5,5,"355",Loyal
12772,163,2,5913,3,5,5,"355",Loyal
28394,163,2,4555,3,5,5,"355",Loyal
26107,163,2,5800,3,5,5,"355",Loyal
25887,163,2,4673,3,5,5,"355",Loyal
17198,162,3,7233,3,5,5,"355",Loyal
15932,162,3,7186,3,5,5,"355",Loyal
11916,162,3,8179,3,5,5,"355",Loyal
12261,162,2,5973,3,5,5,"355",Loyal
26089,162,2,5798,3,5,5,"355",Loyal
21168,162,2,4625,3,5,5,"355",Loyal
11468,162,3,6960,3,5,5,"355",Loyal
17181,161,3,6945,3,5,5,"355",Loyal
13678,161,2,5933,3,5,5,"355",Loyal
12779,161,2,5980,3,5,5,"355",Loyal
11111,161,3,8137,3,5,5,"355",Loyal
11990,161,3,8164,3,5,5,"355",Loyal
26111,161,2,5794,3,5,5,"355",Loyal
26097,161,2,5773,3,5,5,"355",Loyal
16830,160,3,7139,3,5,5,"355",Loyal
15086,160,3,6959,3,5,5,"355",Loyal
11963,160,3,8068,3,5,5,"355",Loyal
11908,160,3,8079,3,5,5,"355",Loyal
16826,160,3,6954,3,5,5,"355",Loyal
11914,160,3,8166,3,5,5,"355",Loyal
26090,160,2,5819,3,5,5,"355",Loyal
11994,160,3,8169,3,5,5,"355",Loyal
11915,159,3,8143,3,5,5,"355",Loyal
13560,159,3,6453,3,5,5,"355",Loyal
22251,159,2,5971,3,5,5,"355",Loyal
13689,159,2,5898,3,5,5,"355",Loyal
16451,158,2,4633,3,5,5,"355",Loyal
12446,158,2,5945,3,5,5,"355",Loyal
13685,158,3,6510,3,5,5,"355",Loyal
16206,158,3,7203,3,5,5,"355",Loyal
11976,158,3,8087,3,5,5,"355",Loyal
15695,158,3,8324,3,5,5,"355",Loyal
26116,157,2,5794,3,5,5,"355",Loyal
17220,157,3,6915,3,5,5,"355",Loyal
14225,157,3,5604,3,5,5,"355",Loyal
17736,157,2,4743,3,5,5,"355",Loyal
12774,157,2,5943,3,5,5,"355",Loyal
15627,156,3,6944,3,5,5,"355",Loyal
21203,156,2,4634,3,5,5,"355",Loyal
26083,156,2,5794,3,5,5,"355",Loyal
21202,156,2,4633,3,5,5,"355",Loyal
14427,156,3,8451,3,5,5,"355",Loyal
11986,156,3,8245,3,5,5,"355",Loyal
16196,156,3,7237,3,5,5,"355",Loyal
14219,156,3,5744,3,5,5,"355",Loyal
16587,156,3,7064,3,5,5,"355",Loyal
13687,155,2,5873,3,5,5,"355",Loyal
20284,155,2,5328,3,5,5,"355",Loyal
13691,155,2,5977,3,5,5,"355",Loyal
21167,155,2,4658,3,5,5,"355",Loyal
20429,155,2,5378,3,5,5,"355",Loyal
14210,155,3,5621,3,5,5,"355",Loyal
11351,155,3,8068,3,5,5,"355",Loyal
11998,155,3,6962,3,5,5,"355",Loyal
14276,154,3,5259,3,5,5,"355",Loyal
29581,154,9,94374,3,5,5,"355",Loyal
12353,154,3,6765,3,5,5,"355",Loyal
14287,154,3,5141,3,5,5,"355",Loyal
21561,154,2,4948,3,5,5,"355",Loyal
12671,154,3,6802,3,5,5,"355",Loyal
29758,154,4,4009,3,5,5,"355",Loyal
11488,153,3,8090,3,5,5,"355",Loyal
17911,153,2,4699,3,5,5,"355",Loyal
17917,152,2,4734,3,5,5,"355",Loyal
12901,152,2,5917,3,5,5,"355",Loyal
22373,152,2,5976,3,5,5,"355",Loyal
13697,152,3,6486,3,5,5,"355",Loyal
14203,152,3,7081,3,5,5,"355",Loyal
15702,151,3,6918,3,5,5,"355",Loyal
14260,151,3,3716,3,5,5,"355",Loyal
12349,151,3,6772,3,5,5,"355",Loyal
12904,151,2,5916,3,5,5,"355",Loyal
16575,150,3,6995,3,5,5,"355",Loyal
12354,150,3,6797,3,5,5,"355",Loyal
16207,150,3,7226,3,5,5,"355",Loyal
16594,150,3,7231,3,5,5,"355",Loyal
11112,150,3,8295,3,5,5,"355",Loyal
13847,150,2,5888,3,5,5,"355",Loyal
21408,150,2,4625,3,5,5,"355",Loyal
17913,150,2,4734,3,5,5,"355",Loyal
14286,149,3,5234,3,5,5,"355",Loyal
21216,149,2,4936,3,5,5,"355",Loyal
14264,149,3,5218,3,5,5,"355",Loyal
13909,149,2,4764,3,5,5,"355",Loyal
21404,149,2,4684,3,5,5,"355",Loyal
12358,148,3,6788,3,5,5,"355",Loyal
12674,148,3,6829,3,5,5,"355",Loyal
12612,148,3,5658,3,5,5,"355",Loyal
14478,148,2,4795,3,5,5,"355",Loyal
21214,148,2,4660,3,5,5,"355",Loyal
21218,148,2,4662,3,5,5,"355",Loyal
12998,147,3,5695,3,5,5,"355",Loyal
25905,147,2,4599,3,5,5,"355",Loyal
14299,147,3,5109,3,5,5,"355",Loyal
11413,147,4,7190,3,5,5,"355",Loyal
12673,147,3,6768,3,5,5,"355",Loyal
16588,147,3,6995,3,5,5,"355",Loyal
21553,147,2,4667,3,5,5,"355",Loyal
25955,146,2,4644,3,5,5,"355",Loyal
14041,146,2,4765,3,5,5,"355",Loyal
21558,146,2,4919,3,5,5,"355",Loyal
12784,146,2,5985,3,5,5,"355",Loyal
13686,146,3,6493,3,5,5,"355",Loyal
12676,146,3,6859,3,5,5,"355",Loyal
14308,146,3,5140,3,5,5,"355",Loyal
14277,146,3,5197,3,5,5,"355",Loyal
14226,146,3,5656,3,5,5,"355",Loyal
25910,145,2,4624,3,5,5,"355",Loyal
11491,145,3,8158,3,5,5,"355",Loyal
17915,145,2,4793,3,5,5,"355",Loyal
16595,145,3,6901,3,5,5,"355",Loyal
17918,145,2,4734,3,5,5,"355",Loyal
21226,145,2,4660,3,5,5,"355",Loyal
18139,144,3,5764,3,5,5,"355",Loyal
14103,144,3,3612,3,5,5,"355",Loyal
12881,144,2,5908,3,5,5,"355",Loyal
13783,144,2,5955,3,5,5,"355",Loyal
16475,143,2,4674,3,5,5,"355",Loyal
25909,143,2,4659,3,5,5,"355",Loyal
12341,143,3,6841,3,5,5,"355",Loyal
18133,143,3,5780,3,5,5,"355",Loyal
14322,143,3,5111,3,5,5,"355",Loyal
12037,143,3,7107,3,5,5,"355",Loyal
13821,142,2,5941,3,5,5,"355",Loyal
22765,142,2,5979,3,5,5,"355",Loyal
25952,142,2,4599,3,5,5,"355",Loyal
21394,142,2,4658,3,5,5,"355",Loyal
15929,142,3,6945,3,5,5,"355",Loyal
15933,142,3,6932,3,5,5,"355",Loyal
12898,142,2,5959,3,5,5,"355",Loyal
12474,142,2,5928,3,5,5,"355",Loyal
28395,142,2,4554,3,5,5,"355",Loyal
14302,142,3,5141,3,5,5,"355",Loyal
11482,142,3,8143,3,5,5,"355",Loyal
12607,141,3,6490,3,5,5,"355",Loyal
12882,141,2,5930,3,5,5,"355",Loyal
11493,140,3,6959,3,5,5,"355",Loyal
12670,140,3,6785,3,5,5,"355",Loyal
11485,140,3,7048,3,5,5,"355",Loyal
12348,140,3,6906,3,5,5,"355",Loyal
21555,140,2,4715,3,5,5,"355",Loyal
17919,139,2,4734,3,5,5,"355",Loyal
17914,139,2,4699,3,5,5,"355",Loyal
15630,139,3,5136,3,5,5,"355",Loyal
12464,139,2,5898,3,5,5,"355",Loyal
21556,139,2,4931,3,5,5,"355",Loyal
14459,138,2,4775,3,5,5,"355",Loyal
14281,138,2,4746,3,5,5,"355",Loyal
18134,138,3,5732,3,5,5,"355",Loyal
11433,138,6,12910,3,5,5,"355",Loyal
21393,138,2,4925,3,5,5,"355",Loyal
14259,138,3,3631,3,5,5,"355",Loyal
12675,138,3,6813,3,5,5,"355",Loyal
11249,137,4,9890,3,5,5,"355",Loyal
28419,137,2,4564,3,5,5,"355",Loyal
14310,137,3,5201,3,5,5,"355",Loyal
18140,137,3,5741,3,5,5,"355",Loyal
12483,137,2,5898,3,5,5,"355",Loyal
21560,137,2,4702,3,5,5,"355",Loyal
21217,137,2,4660,3,5,5,"355",Loyal
11414,137,4,7192,3,5,5,"355",Loyal
21215,137,2,4625,3,5,5,"355",Loyal
12667,136,3,6813,3,5,5,"355",Loyal
21402,136,2,4625,3,5,5,"355",Loyal
14324,136,3,5121,3,5,5,"355",Loyal
16822,136,3,7176,3,5,5,"355",Loyal
25916,136,2,4650,3,5,5,"355",Loyal
12886,136,2,5965,3,5,5,"355",Loyal
13846,136,2,5933,3,5,5,"355",Loyal
11575,136,3,6806,3,5,5,"355",Loyal
12884,136,2,5901,3,5,5,"355",Loyal
12680,135,3,6880,3,5,5,"355",Loyal
12991,135,3,5642,3,5,5,"355",Loyal
12355,135,3,6818,3,5,5,"355",Loyal
16589,135,3,7344,3,5,5,"355",Loyal
25964,135,2,4650,3,5,5,"355",Loyal
12398,135,3,6499,3,5,5,"355",Loyal
12780,135,2,5941,3,5,5,"355",Loyal
12468,135,2,5876,3,5,5,"355",Loyal
21559,135,2,4901,3,5,5,"355",Loyal
21225,134,2,4733,3,5,5,"355",Loyal
12681,134,3,6784,3,5,5,"355",Loyal
25917,134,2,4700,3,5,5,"355",Loyal
23842,134,2,4828,3,5,5,"355",Loyal
12346,134,3,6864,3,5,5,"355",Loyal
14118,134,2,4741,3,5,5,"355",Loyal
16263,133,3,7243,3,5,5,"355",Loyal
12668,133,3,6839,3,5,5,"355",Loyal
12669,133,3,6791,3,5,5,"355",Loyal
12356,133,3,6810,3,5,5,"355",Loyal
11120,133,3,8242,3,5,5,"355",Loyal
25942,133,2,4599,3,5,5,"355",Loyal
12343,132,3,5568,3,5,5,"355",Loyal
21403,132,2,4896,3,5,5,"355",Loyal
23865,132,2,4892,3,5,5,"355",Loyal
11568,132,3,6789,3,5,5,"355",Loyal
21552,132,2,4625,3,5,5,"355",Loyal
12510,132,3,6441,3,5,5,"355",Loyal
14303,132,3,3637,3,5,5,"355",Loyal
13772,132,2,5928,3,5,5,"355",Loyal
12677,131,3,6785,3,5,5,"355",Loyal
12683,131,3,6801,3,5,5,"355",Loyal
12609,131,3,5637,3,5,5,"355",Loyal
14301,131,3,5143,3,5,5,"355",Loyal
12007,131,3,7024,3,5,5,"355",Loyal
25249,160,2,1869,3,5,4,"354",Loyal
26640,167,2,1288,3,5,4,"354",Loyal
25958,151,2,1903,3,5,4,"354",Loyal
25271,155,2,1855,3,5,4,"354",Loyal
19366,139,2,1617,3,5,4,"354",Loyal
25831,139,2,1883,3,5,4,"354",Loyal
15908,202,2,1414,3,5,4,"354",Loyal
14652,156,2,1528,3,5,4,"354",Loyal
29926,183,3,3289,3,5,4,"354",Loyal
14610,188,2,1469,3,5,4,"354",Loyal
30079,154,3,1525,3,5,4,"354",Loyal
25272,178,2,1874,3,5,4,"354",Loyal
14727,170,2,1563,3,5,4,"354",Loyal
25920,181,2,1820,3,5,4,"354",Loyal
14649,181,2,1602,3,5,4,"354",Loyal
25819,170,2,1874,3,5,4,"354",Loyal
29547,183,3,3289,3,5,4,"354",Loyal
14614,196,2,1646,3,5,4,"354",Loyal
26533,168,2,1629,3,5,4,"354",Loyal
20843,141,2,1903,3,5,4,"354",Loyal
25273,166,2,1898,3,5,4,"354",Loyal
14757,144,2,1539,3,5,4,"354",Loyal
14646,181,2,1539,3,5,4,"354",Loyal
19324,203,2,1602,3,5,4,"354",Loyal
14576,203,2,1477,3,5,4,"354",Loyal
14744,131,2,1506,3,5,4,"354",Loyal
25822,168,2,1820,3,5,4,"354",Loyal
25252,161,2,1893,3,5,4,"354",Loyal
25946,178,2,1874,3,5,4,"354",Loyal
25961,142,2,1938,3,5,4,"354",Loyal
14591,205,2,1501,3,5,4,"354",Loyal
14660,173,2,1589,3,5,4,"354",Loyal
20854,136,2,1938,3,5,4,"354",Loyal
26373,175,2,1566,3,5,4,"354",Loyal
25821,159,2,1879,3,5,4,"354",Loyal
26529,173,2,1549,3,5,4,"354",Loyal
14577,205,2,1506,3,5,4,"354",Loyal
25948,169,2,1820,3,5,4,"354",Loyal
14651,169,2,1589,3,5,4,"354",Loyal
25826,136,2,1855,3,5,4,"354",Loyal
26154,131,2,1938,3,5,4,"354",Loyal
19192,131,2,1682,3,5,4,"354",Loyal
20870,136,2,1938,3,5,4,"354",Loyal
14636,204,2,1539,3,5,4,"354",Loyal
14739,136,2,1501,3,5,4,"354",Loyal
26187,132,2,1932,3,5,4,"354",Loyal
14722,179,2,1469,3,5,4,"354",Loyal
14738,152,2,1504,3,5,4,"354",Loyal
14643,163,2,1613,3,5,4,"354",Loyal
20836,164,2,1938,3,5,4,"354",Loyal
14617,201,2,1539,3,5,4,"354",Loyal
25294,157,2,1883,3,5,4,"354",Loyal
14589,199,2,1469,3,5,4,"354",Loyal
14650,163,2,1539,3,5,4,"354",Loyal
26162,154,2,1903,3,5,4,"354",Loyal
21540,205,2,1602,3,5,4,"354",Loyal
26161,148,2,1903,3,5,4,"354",Loyal
19338,167,2,1583,3,5,4,"354",Loyal
15986,200,2,1423,3,5,4,"354",Loyal
25270,164,2,1855,3,5,4,"354",Loyal
14740,148,2,1534,3,5,4,"354",Loyal
14634,188,2,1539,3,5,4,"354",Loyal
26683,135,2,1271,3,5,4,"354",Loyal
14590,200,2,1598,3,5,4,"354",Loyal
14653,178,2,1548,3,5,4,"354",Loyal
14752,132,2,1528,3,5,4,"354",Loyal
20841,175,2,1938,3,5,4,"354",Loyal
25829,153,2,1894,3,5,4,"354",Loyal
14647,160,2,1589,3,5,4,"354",Loyal
15909,195,2,1380,3,5,4,"354",Loyal
14728,160,2,1563,3,5,4,"354",Loyal
14746,139,2,1589,3,5,4,"354",Loyal
25250,155,2,1884,3,5,4,"354",Loyal
15953,184,2,1358,3,5,4,"354",Loyal
25947,167,2,1855,3,5,4,"354",Loyal
19323,186,2,1585,3,5,4,"354",Loyal
14662,172,2,1602,3,5,4,"354",Loyal
29902,154,5,1715,3,5,4,"354",Loyal
15987,159,2,1405,3,5,4,"354",Loyal
19173,193,2,1594,3,5,4,"354",Loyal
14639,199,2,1548,3,5,4,"354",Loyal
26167,154,2,1903,3,5,4,"354",Loyal
14726,162,2,1484,3,5,4,"354",Loyal
26188,133,2,1938,3,5,4,"354",Loyal
14741,133,2,1589,3,5,4,"354",Loyal
14852,140,2,1469,3,5,4,"354",Loyal
14645,166,2,1539,3,5,4,"354",Loyal
30080,154,3,1292,3,5,4,"354",Loyal
15994,183,2,1392,3,5,4,"354",Loyal
25823,171,2,1888,3,5,4,"354",Loyal
14756,149,2,1589,3,5,4,"354",Loyal
14091,178,5,251,3,5,3,"353",Loyal
14099,138,3,200,3,5,3,"353",Loyal
12107,185,4,222,3,5,3,"353",Loyal
15507,185,3,268,3,5,3,"353",Loyal
13621,143,3,167,3,5,3,"353",Loyal
12372,195,3,99,3,5,3,"353",Loyal
13732,158,3,109,3,5,3,"353",Loyal
14312,179,3,191,3,5,3,"353",Loyal
11146,137,3,113,3,5,3,"353",Loyal
14332,153,4,102,3,5,3,"353",Loyal
12183,205,4,228,3,5,3,"353",Loyal
16771,131,3,105,3,5,3,"353",Loyal
15942,131,3,192,3,5,3,"353",Loyal
19801,131,3,193,3,5,3,"353",Loyal
13231,135,4,248,3,5,3,"353",Loyal
16717,135,3,234,3,5,3,"353",Loyal
14370,189,3,123,3,5,3,"353",Loyal
12752,135,3,156,3,5,3,"353",Loyal
30068,154,4,1060,3,5,3,"353",Loyal
11641,165,5,303,3,5,3,"353",Loyal
11719,132,5,287,3,5,3,"353",Loyal
12944,148,4,164,3,5,3,"353",Loyal
13003,200,3,230,3,5,3,"353",Loyal
16005,179,3,199,3,5,3,"353",Loyal
11769,134,5,479,3,5,3,"353",Loyal
13047,133,3,242,3,5,3,"353",Loyal
15478,160,3,183,3,5,3,"353",Loyal
13144,146,4,281,3,5,3,"353",Loyal
13268,149,4,290,3,5,3,"353",Loyal
16959,161,3,135,3,5,3,"353",Loyal
12490,149,3,168,3,5,3,"353",Loyal
16950,191,3,211,3,5,3,"353",Loyal
16097,197,3,104,3,5,3,"353",Loyal
14084,156,4,139,3,5,3,"353",Loyal
13486,150,3,225,3,5,3,"353",Loyal
11150,199,3,192,3,5,3,"353",Loyal
17348,146,3,205,3,5,3,"353",Loyal
13121,146,3,121,3,5,3,"353",Loyal
13004,146,3,190,3,5,3,"353",Loyal
13206,150,3,163,3,5,3,"353",Loyal
12992,175,3,159,3,5,3,"353",Loyal
15879,168,3,197,3,5,3,"353",Loyal
19648,162,3,101,3,5,3,"353",Loyal
15413,150,3,319,3,5,3,"353",Loyal
15564,146,3,189,3,5,3,"353",Loyal
30036,183,3,1220,3,5,3,"353",Loyal
13185,193,4,150,3,5,3,"353",Loyal
11073,162,3,192,3,5,3,"353",Loyal
11660,167,5,325,3,5,3,"353",Loyal
15943,157,3,365,3,5,3,"353",Loyal
14291,167,3,258,3,5,3,"353",Loyal
14307,199,3,196,3,5,3,"353",Loyal
17374,203,3,207,3,5,3,"353",Loyal
14661,179,3,195,3,5,3,"353",Loyal
14458,138,3,134,3,5,3,"353",Loyal
15863,200,3,243,3,5,3,"353",Loyal
12006,185,3,145,3,5,3,"353",Loyal
12729,177,2,45,3,5,2,"352",Loyal
18411,192,2,57,3,5,2,"352",Loyal
12715,180,3,75,3,5,2,"352",Loyal
11620,187,2,45,3,5,2,"352",Loyal
11755,166,3,46,3,5,2,"352",Loyal
11306,145,2,42,3,5,2,"352",Loyal
11122,161,3,43,3,5,2,"352",Loyal
11466,162,3,90,3,5,2,"352",Loyal
19962,195,2,47,3,5,2,"352",Loyal
16247,192,3,96,3,5,2,"352",Loyal
11181,203,2,41,3,5,2,"352",Loyal
11258,199,2,49,3,5,2,"352",Loyal
12344,170,3,69,3,5,2,"352",Loyal
13330,142,3,95,3,5,2,"352",Loyal
12201,174,2,58,3,5,2,"352",Loyal
19103,156,2,64,3,5,2,"352",Loyal
12095,180,2,57,3,5,2,"352",Loyal
11174,189,2,49,3,5,2,"352",Loyal
15233,133,2,60,3,5,2,"352",Loyal
14008,189,2,64,3,5,2,"352",Loyal
15234,185,2,60,3,5,2,"352",Loyal
15136,144,2,62,3,5,2,"352",Loyal
13138,185,3,84,3,5,2,"352",Loyal
13045,197,2,62,3,5,2,"352",Loyal
12012,171,3,74,3,5,2,"352",Loyal
13303,146,3,66,3,5,2,"352",Loyal
18600,200,2,52,3,5,2,"352",Loyal
17331,148,2,41,3,5,2,"352",Loyal
16464,145,2,45,3,5,2,"352",Loyal
14123,199,2,62,3,5,2,"352",Loyal
12595,179,2,40,3,5,2,"352",Loyal
15031,159,2,41,3,5,2,"352",Loyal
18705,189,2,59,3,5,2,"352",Loyal
12509,151,3,83,3,5,2,"352",Loyal
11163,178,2,46,3,5,2,"352",Loyal
15809,194,2,63,3,5,2,"352",Loyal
11193,165,2,41,3,5,2,"352",Loyal
16511,199,2,47,3,5,2,"352",Loyal
15592,135,2,60,3,5,2,"352",Loyal
12593,154,2,43,3,5,2,"352",Loyal
16543,144,2,54,3,5,2,"352",Loyal
11882,202,2,48,3,5,2,"352",Loyal
12636,200,2,49,3,5,2,"352",Loyal
12150,148,2,43,3,5,2,"352",Loyal
18081,184,2,52,3,5,2,"352",Loyal
13516,167,2,44,3,5,2,"352",Loyal
11043,165,2,48,3,5,2,"352",Loyal
11635,131,2,42,3,5,2,"352",Loyal
11863,148,2,48,3,5,2,"352",Loyal
11024,188,2,57,3,5,2,"352",Loyal
12733,146,2,43,3,5,2,"352",Loyal
15241,177,2,52,3,5,2,"352",Loyal
15310,138,3,94,3,5,2,"352",Loyal
20764,182,2,57,3,5,2,"352",Loyal
11283,155,2,45,3,5,2,"352",Loyal
18253,169,2,46,3,5,2,"352",Loyal
18221,157,2,46,3,5,2,"352",Loyal
11157,141,2,41,3,5,2,"352",Loyal
12985,191,2,44,3,5,2,"352",Loyal
19622,186,2,62,3,5,2,"352",Loyal
11269,142,2,42,3,5,2,"352",Loyal
18192,169,2,64,3,5,2,"352",Loyal
19751,156,2,37,3,5,1,"351",Loyal
19729,197,2,37,3,5,1,"351",Loyal
15232,164,2,40,3,5,1,"351",Loyal
19626,192,2,39,3,5,1,"351",Loyal
19757,154,2,37,3,5,1,"351",Loyal
15242,160,2,37,3,5,1,"351",Loyal
15264,149,2,39,3,5,1,"351",Loyal
15603,167,2,40,3,5,1,"351",Loyal
15032,186,2,3800,3,4,5,"345",At Risk
20256,197,2,6030,3,4,5,"345",At Risk
17240,174,2,4385,3,4,5,"345",At Risk
23432,199,2,4179,3,4,5,"345",At Risk
20621,176,2,6118,3,4,5,"345",At Risk
20447,188,2,6036,3,4,5,"345",At Risk
23651,174,2,3918,3,4,5,"345",At Risk
26201,176,2,4498,3,4,5,"345",At Risk
26490,176,2,4468,3,4,5,"345",At Risk
23652,175,2,3908,3,4,5,"345",At Risk
14148,175,2,4407,3,4,5,"345",At Risk
17929,175,2,3897,3,4,5,"345",At Risk
20613,199,2,6057,3,4,5,"345",At Risk
20625,175,2,6030,3,4,5,"345",At Risk
12270,204,2,4455,3,4,5,"345",At Risk
29223,175,2,4356,3,4,5,"345",At Risk
18188,175,2,6093,3,4,5,"345",At Risk
17353,204,2,6036,3,4,5,"345",At Risk
20023,146,2,4530,3,4,5,"345",At Risk
26684,146,2,4468,3,4,5,"345",At Risk
21200,146,2,3933,3,4,5,"345",At Risk
26293,157,2,4455,3,4,5,"345",At Risk
24502,197,2,3623,3,4,5,"345",At Risk
12378,189,2,4366,3,4,5,"345",At Risk
21191,161,2,4169,3,4,5,"345",At Risk
17246,161,2,4380,3,4,5,"345",At Risk
26320,156,2,4464,3,4,5,"345",At Risk
12475,160,2,4438,3,4,5,"345",At Risk
18268,156,2,6102,3,4,5,"345",At Risk
12499,156,2,4379,3,4,5,"345",At Risk
20600,196,2,6057,3,4,5,"345",At Risk
20446,196,2,6030,3,4,5,"345",At Risk
26491,161,2,4469,3,4,5,"345",At Risk
17352,191,2,6022,3,4,5,"345",At Risk
20610,191,2,6022,3,4,5,"345",At Risk
20444,191,2,6086,3,4,5,"345",At Risk
22268,157,2,6031,3,4,5,"345",At Risk
20445,191,2,6079,3,4,5,"345",At Risk
26326,155,2,4442,3,4,5,"345",At Risk
29168,191,2,4344,3,4,5,"345",At Risk
18196,161,2,4133,3,4,5,"345",At Risk
17241,162,2,4383,3,4,5,"345",At Risk
12484,162,2,4441,3,4,5,"345",At Risk
15073,162,2,4143,3,4,5,"345",At Risk
26338,155,2,4468,3,4,5,"345",At Risk
26319,162,2,4456,3,4,5,"345",At Risk
20608,187,2,6036,3,4,5,"345",At Risk
29236,157,2,4330,3,4,5,"345",At Risk
20000,162,2,4495,3,4,5,"345",At Risk
20245,193,2,6086,3,4,5,"345",At Risk
23422,193,2,3912,3,4,5,"345",At Risk
23533,194,2,3918,3,4,5,"345",At Risk
12768,196,2,4427,3,4,5,"345",At Risk
16596,163,2,4487,3,4,5,"345",At Risk
29202,194,2,4321,3,4,5,"345",At Risk
26511,155,2,4464,3,4,5,"345",At Risk
26530,163,2,4468,3,4,5,"345",At Risk
17242,163,2,4387,3,4,5,"345",At Risk
20259,195,2,6030,3,4,5,"345",At Risk
12388,163,2,4379,3,4,5,"345",At Risk
21192,163,2,4229,3,4,5,"345",At Risk
12251,195,2,3925,3,4,5,"345",At Risk
20456,187,2,6030,3,4,5,"345",At Risk
15055,195,2,4178,3,4,5,"345",At Risk
17898,195,2,4208,3,4,5,"345",At Risk
15037,163,2,3856,3,4,5,"345",At Risk
20606,195,2,6054,3,4,5,"345",At Risk
29174,195,2,4335,3,4,5,"345",At Risk
23433,202,2,3883,3,4,5,"345",At Risk
23434,195,2,3883,3,4,5,"345",At Risk
26642,154,2,4490,3,4,5,"345",At Risk
20258,201,2,6030,3,4,5,"345",At Risk
21230,131,2,4172,3,4,5,"345",At Risk
23544,164,2,3971,3,4,5,"345",At Risk
26641,132,2,4464,3,4,5,"345",At Risk
20611,186,2,6022,3,4,5,"345",At Risk
21229,132,2,4198,3,4,5,"345",At Risk
17934,164,2,3907,3,4,5,"345",At Risk
12479,164,2,4401,3,4,5,"345",At Risk
26695,132,2,4524,3,4,5,"345",At Risk
24664,164,2,4369,3,4,5,"345",At Risk
27103,132,2,4468,3,4,5,"345",At Risk
26324,164,2,4464,3,4,5,"345",At Risk
15044,154,2,3804,3,4,5,"345",At Risk
12548,154,2,4368,3,4,5,"345",At Risk
26247,164,2,4468,3,4,5,"345",At Risk
21195,154,2,4144,3,4,5,"345",At Risk
14541,133,2,4398,3,4,5,"345",At Risk
20620,159,2,6045,3,4,5,"345",At Risk
17946,133,2,3883,3,4,5,"345",At Risk
23659,133,2,4179,3,4,5,"345",At Risk
23649,157,2,3946,3,4,5,"345",At Risk
22117,200,2,4158,3,4,5,"345",At Risk
26603,134,2,4487,3,4,5,"345",At Risk
20624,157,2,6022,3,4,5,"345",At Risk
13528,164,2,4531,3,4,5,"345",At Risk
21228,154,2,3937,3,4,5,"345",At Risk
12252,189,2,3939,3,4,5,"345",At Risk
17928,189,2,3918,3,4,5,"345",At Risk
12118,186,2,6004,3,4,5,"345",At Risk
26610,154,2,4509,3,4,5,"345",At Risk
23653,165,2,3975,3,4,5,"345",At Risk
23429,205,2,3937,3,4,5,"345",At Risk
20623,159,2,6093,3,4,5,"345",At Risk
23435,186,2,3918,3,4,5,"345",At Risk
18269,135,2,6113,3,4,5,"345",At Risk
20007,153,2,4495,3,4,5,"345",At Risk
12495,165,2,4416,3,4,5,"345",At Risk
17229,200,2,4472,3,4,5,"345",At Risk
20617,165,2,6058,3,4,5,"345",At Risk
29238,135,2,4398,3,4,5,"345",At Risk
20452,203,2,6157,3,4,5,"345",At Risk
23421,187,2,4208,3,4,5,"345",At Risk
26604,136,2,4442,3,4,5,"345",At Risk
21199,136,2,4144,3,4,5,"345",At Risk
18281,136,2,6081,3,4,5,"345",At Risk
18276,153,2,6107,3,4,5,"345",At Risk
26611,137,2,4490,3,4,5,"345",At Risk
17941,137,2,3932,3,4,5,"345",At Risk
26703,137,2,4468,3,4,5,"345",At Risk
15425,137,2,3772,3,4,5,"345",At Risk
26727,153,2,4482,3,4,5,"345",At Risk
26313,166,2,4487,3,4,5,"345",At Risk
26534,153,2,4490,3,4,5,"345",At Risk
23655,138,2,4144,3,4,5,"345",At Risk
13527,200,2,4529,3,4,5,"345",At Risk
26325,159,2,4478,3,4,5,"345",At Risk
29167,185,2,4365,3,4,5,"345",At Risk
29222,166,2,4375,3,4,5,"345",At Risk
23538,197,2,4198,3,4,5,"345",At Risk
26602,152,2,4468,3,4,5,"345",At Risk
26728,152,2,4455,3,4,5,"345",At Risk
17945,152,2,3961,3,4,5,"345",At Risk
26609,138,2,4509,3,4,5,"345",At Risk
21206,152,2,3883,3,4,5,"345",At Risk
24503,184,2,3618,3,4,5,"345",At Risk
17248,151,2,4383,3,4,5,"345",At Risk
14997,184,2,4143,3,4,5,"345",At Risk
12275,184,2,4435,3,4,5,"345",At Risk
15262,139,2,3772,3,4,5,"345",At Risk
23545,167,2,3883,3,4,5,"345",At Risk
17502,167,2,6071,3,4,5,"345",At Risk
20629,183,2,6061,3,4,5,"345",At Risk
21193,151,2,3906,3,4,5,"345",At Risk
14149,160,2,4418,3,4,5,"345",At Risk
18255,183,2,6067,3,4,5,"345",At Risk
20247,189,2,6057,3,4,5,"345",At Risk
26694,151,2,4456,3,4,5,"345",At Risk
22252,183,2,6047,3,4,5,"345",At Risk
15033,183,2,3797,3,4,5,"345",At Risk
23660,140,2,3918,3,4,5,"345",At Risk
20626,168,2,6039,3,4,5,"345",At Risk
15435,140,2,3801,3,4,5,"345",At Risk
23656,141,2,4144,3,4,5,"345",At Risk
29255,141,2,4390,3,4,5,"345",At Risk
23661,141,2,3961,3,4,5,"345",At Risk
23640,182,2,3937,3,4,5,"345",At Risk
29225,168,2,4321,3,4,5,"345",At Risk
12487,168,2,4401,3,4,5,"345",At Risk
26327,169,2,4433,3,4,5,"345",At Risk
26539,141,2,4469,3,4,5,"345",At Risk
19989,182,2,4495,3,4,5,"345",At Risk
17351,200,2,6118,3,4,5,"345",At Risk
27097,150,2,4464,3,4,5,"345",At Risk
26638,150,2,4518,3,4,5,"345",At Risk
27073,142,2,4433,3,4,5,"345",At Risk
17354,200,2,6030,3,4,5,"345",At Risk
17247,181,2,4433,3,4,5,"345",At Risk
13994,142,2,4529,3,4,5,"345",At Risk
18193,181,2,4146,3,4,5,"345",At Risk
15036,169,2,3785,3,4,5,"345",At Risk
26301,169,2,4484,3,4,5,"345",At Risk
12253,198,2,4067,3,4,5,"345",At Risk
12276,198,2,4416,3,4,5,"345",At Risk
23534,200,2,4179,3,4,5,"345",At Risk
26708,142,2,4504,3,4,5,"345",At Risk
23593,180,2,3990,3,4,5,"345",At Risk
12501,143,2,4416,3,4,5,"345",At Risk
22128,189,2,4142,3,4,5,"345",At Risk
15043,149,2,3847,3,4,5,"345",At Risk
29242,143,2,4356,3,4,5,"345",At Risk
22118,188,2,4158,3,4,5,"345",At Risk
20614,203,2,6036,3,4,5,"345",At Risk
26698,143,2,4442,3,4,5,"345",At Risk
23539,180,2,4144,3,4,5,"345",At Risk
12755,180,2,5999,3,4,5,"345",At Risk
26339,180,2,4455,3,4,5,"345",At Risk
20253,188,2,6036,3,4,5,"345",At Risk
26718,143,2,4478,3,4,5,"345",At Risk
20451,198,2,6054,3,4,5,"345",At Risk
12250,204,2,3965,3,4,5,"345",At Risk
13557,188,2,4443,3,4,5,"345",At Risk
20430,188,2,6057,3,4,5,"345",At Risk
23425,204,2,3952,3,4,5,"345",At Risk
15030,198,2,3786,3,4,5,"345",At Risk
21222,148,2,3937,3,4,5,"345",At Risk
15035,158,2,3772,3,4,5,"345",At Risk
12500,148,2,4475,3,4,5,"345",At Risk
17947,143,2,3933,3,4,5,"345",At Risk
15040,158,2,3807,3,4,5,"345",At Risk
18245,160,2,6022,3,4,5,"345",At Risk
20450,204,2,6022,3,4,5,"345",At Risk
15042,143,2,3807,3,4,5,"345",At Risk
26342,179,2,4489,3,4,5,"345",At Risk
29237,171,2,4356,3,4,5,"345",At Risk
17893,198,2,3883,3,4,5,"345",At Risk
12860,189,2,4464,3,4,5,"345",At Risk
27093,148,2,4509,3,4,5,"345",At Risk
14709,144,2,4398,3,4,5,"345",At Risk
21180,178,2,3883,3,4,5,"345",At Risk
23648,178,2,4144,3,4,5,"345",At Risk
23645,158,2,4198,3,4,5,"345",At Risk
27092,144,2,4519,3,4,5,"345",At Risk
26292,178,2,4456,3,4,5,"345",At Risk
26487,178,2,4456,3,4,5,"345",At Risk
20622,172,2,6140,3,4,5,"345",At Risk
26328,178,2,4518,3,4,5,"345",At Risk
20628,178,2,6057,3,4,5,"345",At Risk
21189,172,2,4208,3,4,5,"345",At Risk
12248,204,2,3940,3,4,5,"345",At Risk
27074,147,2,4433,3,4,5,"345",At Risk
21197,144,2,3918,3,4,5,"345",At Risk
17255,147,2,4442,3,4,5,"345",At Risk
26540,147,2,4468,3,4,5,"345",At Risk
15038,157,2,3750,3,4,5,"345",At Risk
21194,145,2,3912,3,4,5,"345",At Risk
15063,173,2,4133,3,4,5,"345",At Risk
20627,160,2,6045,3,4,5,"345",At Risk
26245,173,2,4490,3,4,5,"345",At Risk
17873,199,2,4203,3,4,5,"345",At Risk
17940,177,2,3883,3,4,5,"345",At Risk
15041,177,2,3826,3,4,5,"345",At Risk
26532,145,2,4469,3,4,5,"345",At Risk
12546,147,2,4416,3,4,5,"345",At Risk
14167,176,2,4407,3,4,5,"345",At Risk
14147,176,2,4398,3,4,5,"345",At Risk
18277,145,2,6071,3,4,5,"345",At Risk
15003,164,2,3049,3,4,4,"344",At Risk
15302,174,2,3135,3,4,4,"344",At Risk
23994,163,2,2791,3,4,4,"344",At Risk
15781,143,2,3210,3,4,4,"344",At Risk
23993,177,2,3072,3,4,4,"344",At Risk
15349,179,2,3140,3,4,4,"344",At Risk
14473,190,2,3414,3,4,4,"344",At Risk
17830,189,2,2751,3,4,4,"344",At Risk
15348,171,2,3198,3,4,4,"344",At Risk
18183,143,2,3343,3,4,4,"344",At Risk
15169,143,2,2920,3,4,4,"344",At Risk
24004,176,2,2745,3,4,4,"344",At Risk
20060,176,2,3142,3,4,4,"344",At Risk
15991,148,2,3127,3,4,4,"344",At Risk
14461,201,2,3310,3,4,4,"344",At Risk
16277,177,2,3010,3,4,4,"344",At Risk
12576,133,2,2653,3,4,4,"344",At Risk
15322,164,2,3153,3,4,4,"344",At Risk
16329,133,2,3272,3,4,4,"344",At Risk
20165,145,2,3191,3,4,4,"344",At Risk
14501,201,2,2994,3,4,4,"344",At Risk
17944,164,2,2751,3,4,4,"344",At Risk
14154,159,2,3018,3,4,4,"344",At Risk
25113,164,2,2180,3,4,4,"344",At Risk
24478,188,2,3337,3,4,4,"344",At Risk
13029,201,2,2961,3,4,4,"344",At Risk
24248,133,2,2771,3,4,4,"344",At Risk
15492,164,2,3117,3,4,4,"344",At Risk
15280,164,2,3115,3,4,4,"344",At Risk
15321,177,2,3113,3,4,4,"344",At Risk
17962,164,2,2778,3,4,4,"344",At Risk
14599,206,2,3054,3,4,4,"344",At Risk
15949,154,2,3158,3,4,4,"344",At Risk
15196,179,2,3159,3,4,4,"344",At Risk
15199,164,2,3080,3,4,4,"344",At Risk
25234,199,2,2175,3,4,4,"344",At Risk
17827,189,2,2755,3,4,4,"344",At Risk
15071,133,2,2747,3,4,4,"344",At Risk
15328,164,2,3199,3,4,4,"344",At Risk
15070,133,2,2771,3,4,4,"344",At Risk
13716,134,2,3078,3,4,4,"344",At Risk
24251,147,2,2983,3,4,4,"344",At Risk
15002,171,2,2782,3,4,4,"344",At Risk
15350,160,2,3145,3,4,4,"344",At Risk
24171,134,2,3006,3,4,4,"344",At Risk
15203,164,2,3211,3,4,4,"344",At Risk
16328,134,2,3001,3,4,4,"344",At Risk
19030,132,2,3310,3,4,4,"344",At Risk
17897,165,2,2780,3,4,4,"344",At Risk
15899,154,2,3134,3,4,4,"344",At Risk
14169,165,2,3263,3,4,4,"344",At Risk
15769,146,2,3160,3,4,4,"344",At Risk
17892,186,2,2788,3,4,4,"344",At Risk
18176,134,2,3345,3,4,4,"344",At Risk
17196,165,2,3318,3,4,4,"344",At Risk
26632,134,2,2849,3,4,4,"344",At Risk
20164,134,2,3150,3,4,4,"344",At Risk
14477,187,2,3342,3,4,4,"344",At Risk
13055,146,2,3084,3,4,4,"344",At Risk
24008,165,2,2731,3,4,4,"344",At Risk
15022,146,2,3000,3,4,4,"344",At Risk
15457,135,2,2782,3,4,4,"344",At Risk
25033,178,2,2121,3,4,4,"344",At Risk
12574,132,2,2626,3,4,4,"344",At Risk
17829,132,2,2983,3,4,4,"344",At Risk
24173,132,2,2772,3,4,4,"344",At Risk
26631,132,2,2814,3,4,4,"344",At Risk
14524,178,2,3001,3,4,4,"344",At Risk
24177,153,2,2722,3,4,4,"344",At Risk
15959,143,2,3118,3,4,4,"344",At Risk
12577,132,2,2614,3,4,4,"344",At Risk
14498,205,2,3394,3,4,4,"344",At Risk
15542,143,2,3118,3,4,4,"344",At Risk
15990,132,2,3100,3,4,4,"344",At Risk
15534,147,2,3199,3,4,4,"344",At Risk
20048,186,2,3142,3,4,4,"344",At Risk
15194,165,2,3174,3,4,4,"344",At Risk
15484,157,2,3180,3,4,4,"344",At Risk
15200,175,2,3143,3,4,4,"344",At Risk
15451,136,2,2757,3,4,4,"344",At Risk
15965,136,2,3109,3,4,4,"344",At Risk
24241,153,2,2997,3,4,4,"344",At Risk
20847,136,2,1947,3,4,4,"344",At Risk
20835,165,2,2002,3,4,4,"344",At Risk
14657,206,2,3076,3,4,4,"344",At Risk
15079,136,2,2732,3,4,4,"344",At Risk
15517,157,2,3113,3,4,4,"344",At Risk
15983,153,2,3135,3,4,4,"344",At Risk
24175,136,2,2743,3,4,4,"344",At Risk
15944,153,2,3235,3,4,4,"344",At Risk
18143,145,2,3063,3,4,4,"344",At Risk
15739,153,2,3140,3,4,4,"344",At Risk
14411,186,2,3360,3,4,4,"344",At Risk
17937,178,2,3069,3,4,4,"344",At Risk
24172,148,2,2736,3,4,4,"344",At Risk
15778,131,2,3178,3,4,4,"344",At Risk
15964,131,2,3118,3,4,4,"344",At Risk
23322,186,2,3043,3,4,4,"344",At Risk
23323,186,2,2745,3,4,4,"344",At Risk
15873,136,2,3124,3,4,4,"344",At Risk
23100,202,2,3007,3,4,4,"344",At Risk
16317,137,2,3001,3,4,4,"344",At Risk
14538,137,2,3017,3,4,4,"344",At Risk
17782,199,2,3021,3,4,4,"344",At Risk
15845,137,2,3245,3,4,4,"344",At Risk
18131,144,2,3021,3,4,4,"344",At Risk
15780,137,2,3245,3,4,4,"344",At Risk
15888,137,2,3179,3,4,4,"344",At Risk
17956,146,2,2431,3,4,4,"344",At Risk
19034,131,2,3323,3,4,4,"344",At Risk
24161,174,2,2983,3,4,4,"344",At Risk
16163,148,2,2641,3,4,4,"344",At Risk
16103,178,2,3142,3,4,4,"344",At Risk
14481,186,2,3360,3,4,4,"344",At Risk
15737,154,2,3117,3,4,4,"344",At Risk
17974,131,2,2791,3,4,4,"344",At Risk
26202,205,2,2749,3,4,4,"344",At Risk
21067,200,2,2484,3,4,4,"344",At Risk
21622,137,2,2612,3,4,4,"344",At Risk
24169,153,2,2736,3,4,4,"344",At Risk
15843,137,2,3143,3,4,4,"344",At Risk
15501,166,2,3198,3,4,4,"344",At Risk
26619,166,2,2973,3,4,4,"344",At Risk
15208,138,2,2952,3,4,4,"344",At Risk
24163,176,2,2757,3,4,4,"344",At Risk
15954,138,2,3118,3,4,4,"344",At Risk
15842,138,2,3153,3,4,4,"344",At Risk
20864,138,2,3234,3,4,4,"344",At Risk
25138,195,2,2121,3,4,4,"344",At Risk
15976,138,2,3158,3,4,4,"344",At Risk
24005,172,2,2757,3,4,4,"344",At Risk
13705,160,2,3018,3,4,4,"344",At Risk
14603,186,2,3034,3,4,4,"344",At Risk
14438,188,2,3352,3,4,4,"344",At Risk
24506,195,2,3564,3,4,4,"344",At Risk
23313,185,2,2906,3,4,4,"344",At Risk
13715,138,2,2779,3,4,4,"344",At Risk
15372,166,2,3105,3,4,4,"344",At Risk
26618,185,2,2826,3,4,4,"344",At Risk
24007,163,2,3043,3,4,4,"344",At Risk
15480,163,2,3078,3,4,4,"344",At Risk
23314,197,2,2745,3,4,4,"344",At Risk
15417,174,2,3120,3,4,4,"344",At Risk
16678,157,2,3162,3,4,4,"344",At Risk
14664,195,2,3101,3,4,4,"344",At Risk
15027,138,2,2854,3,4,4,"344",At Risk
25231,203,2,2190,3,4,4,"344",At Risk
23316,185,2,2835,3,4,4,"344",At Risk
14392,185,2,3295,3,4,4,"344",At Risk
15404,172,2,3115,3,4,4,"344",At Risk
14400,200,2,3357,3,4,4,"344",At Risk
26115,197,2,3053,3,4,4,"344",At Risk
15961,138,2,3127,3,4,4,"344",At Risk
17890,186,2,2754,3,4,4,"344",At Risk
24485,200,2,3356,3,4,4,"344",At Risk
22582,201,2,2757,3,4,4,"344",At Risk
14457,188,2,3360,3,4,4,"344",At Risk
14439,195,2,3313,3,4,4,"344",At Risk
25225,186,2,2130,3,4,4,"344",At Risk
13714,174,2,3033,3,4,4,"344",At Risk
13840,186,2,3010,3,4,4,"344",At Risk
25242,176,2,2121,3,4,4,"344",At Risk
24000,166,2,2983,3,4,4,"344",At Risk
15481,166,2,3153,3,4,4,"344",At Risk
25218,203,2,2185,3,4,4,"344",At Risk
16164,138,2,2639,3,4,4,"344",At Risk
21423,138,2,2889,3,4,4,"344",At Risk
23099,200,2,2983,3,4,4,"344",At Risk
25229,198,2,2156,3,4,4,"344",At Risk
14485,202,2,3313,3,4,4,"344",At Risk
14440,195,2,3367,3,4,4,"344",At Risk
15499,156,2,3223,3,4,4,"344",At Risk
18171,152,2,3319,3,4,4,"344",At Risk
15980,139,2,3078,3,4,4,"344",At Risk
17932,159,2,2765,3,4,4,"344",At Risk
15992,152,2,3195,3,4,4,"344",At Risk
26623,176,2,2841,3,4,4,"344",At Risk
26113,194,2,2731,3,4,4,"344",At Risk
15840,139,2,3080,3,4,4,"344",At Risk
17972,152,2,2792,3,4,4,"344",At Risk
25226,194,2,2159,3,4,4,"344",At Risk
13039,139,2,3283,3,4,4,"344",At Risk
12573,152,2,2668,3,4,4,"344",At Risk
22583,201,2,2822,3,4,4,"344",At Risk
15320,167,2,3153,3,4,4,"344",At Risk
15374,162,2,3178,3,4,4,"344",At Risk
26627,139,2,2791,3,4,4,"344",At Risk
25228,184,2,2121,3,4,4,"344",At Risk
15303,155,2,3078,3,4,4,"344",At Risk
23102,199,2,2731,3,4,4,"344",At Risk
17632,202,2,3001,3,4,4,"344",At Risk
17849,151,2,3026,3,4,4,"344",At Risk
26153,151,2,1957,3,4,4,"344",At Risk
14442,197,2,3370,3,4,4,"344",At Risk
25133,184,2,2156,3,4,4,"344",At Risk
24247,151,2,2722,3,4,4,"344",At Risk
23097,184,2,2771,3,4,4,"344",At Risk
20862,193,2,3240,3,4,4,"344",At Risk
15770,144,2,3180,3,4,4,"344",At Risk
25029,184,2,2272,3,4,4,"344",At Risk
14995,193,2,2832,3,4,4,"344",At Risk
23996,172,2,2745,3,4,4,"344",At Risk
17206,174,2,3295,3,4,4,"344",At Risk
15380,167,2,3145,3,4,4,"344",At Risk
16098,167,2,3101,3,4,4,"344",At Risk
16201,193,2,3058,3,4,4,"344",At Risk
15067,151,2,2804,3,4,4,"344",At Risk
17943,167,2,2782,3,4,4,"344",At Risk
20842,146,2,1952,3,4,4,"344",At Risk
24505,202,2,3302,3,4,4,"344",At Risk
15518,144,2,3115,3,4,4,"344",At Risk
15166,196,2,3125,3,4,4,"344",At Risk
15419,183,2,3103,3,4,4,"344",At Risk
24176,144,2,3043,3,4,4,"344",At Risk
25114,167,2,2156,3,4,4,"344",At Risk
24006,162,2,2722,3,4,4,"344",At Risk
15061,183,2,2782,3,4,4,"344",At Risk
16491,167,2,3106,3,4,4,"344",At Risk
15388,183,2,3128,3,4,4,"344",At Risk
20863,160,2,3261,3,4,4,"344",At Risk
15193,156,2,3210,3,4,4,"344",At Risk
26142,140,2,1952,3,4,4,"344",At Risk
15454,147,2,2747,3,4,4,"344",At Risk
25030,162,2,2180,3,4,4,"344",At Risk
15491,183,2,3181,3,4,4,"344",At Risk
15948,140,2,3093,3,4,4,"344",At Risk
14447,204,2,3385,3,4,4,"344",At Risk
14394,192,2,3345,3,4,4,"344",At Risk
17187,183,2,3310,3,4,4,"344",At Risk
15396,157,2,3148,3,4,4,"344",At Risk
16654,176,2,3056,3,4,4,"344",At Risk
15365,168,2,3142,3,4,4,"344",At Risk
14584,196,2,3040,3,4,4,"344",At Risk
14656,201,2,3084,3,4,4,"344",At Risk
15989,145,2,3141,3,4,4,"344",At Risk
17959,158,2,2749,3,4,4,"344",At Risk
15897,150,2,3115,3,4,4,"344",At Risk
23098,188,2,2745,3,4,4,"344",At Risk
17894,160,2,2710,3,4,4,"344",At Risk
15841,150,2,3105,3,4,4,"344",At Risk
24167,148,2,2983,3,4,4,"344",At Risk
15399,157,2,3148,3,4,4,"344",At Risk
15535,150,2,3100,3,4,4,"344",At Risk
14596,192,2,3056,3,4,4,"344",At Risk
15346,172,2,3247,3,4,4,"344",At Risk
14966,192,2,2747,3,4,4,"344",At Risk
18137,144,2,3043,3,4,4,"344",At Risk
14109,168,2,2701,3,4,4,"344",At Risk
15934,144,2,3148,3,4,4,"344",At Risk
15985,150,2,3180,3,4,4,"344",At Risk
14572,192,2,3016,3,4,4,"344",At Risk
14998,176,2,3058,3,4,4,"344",At Risk
26617,199,2,2882,3,4,4,"344",At Risk
24001,174,2,2983,3,4,4,"344",At Risk
16758,161,2,3062,3,4,4,"344",At Risk
26616,200,2,2800,3,4,4,"344",At Risk
14470,204,2,3382,3,4,4,"344",At Risk
18157,141,2,3399,3,4,4,"344",At Risk
17188,182,2,3350,3,4,4,"344",At Risk
15371,182,2,3179,3,4,4,"344",At Risk
15969,141,2,3110,3,4,4,"344",At Risk
15483,176,2,3120,3,4,4,"344",At Risk
26625,169,2,2828,3,4,4,"344",At Risk
16318,150,2,3021,3,4,4,"344",At Risk
23998,177,2,2757,3,4,4,"344",At Risk
15329,169,2,3135,3,4,4,"344",At Risk
15429,182,2,3170,3,4,4,"344",At Risk
20149,177,2,3165,3,4,4,"344",At Risk
14170,182,2,3292,3,4,4,"344",At Risk
24166,147,2,2790,3,4,4,"344",At Risk
12572,141,2,2611,3,4,4,"344",At Risk
25221,182,2,2144,3,4,4,"344",At Risk
14448,191,2,3370,3,4,4,"344",At Risk
25235,158,2,2156,3,4,4,"344",At Risk
18185,141,2,3332,3,4,4,"344",At Risk
17891,177,2,2736,3,4,4,"344",At Risk
26624,158,2,2826,3,4,4,"344",At Risk
17948,169,2,3045,3,4,4,"344",At Risk
24002,169,2,2745,3,4,4,"344",At Risk
14421,191,2,3369,3,4,4,"344",At Risk
14510,191,2,3036,3,4,4,"344",At Risk
19029,142,2,3339,3,4,4,"344",At Risk
14585,191,2,3016,3,4,4,"344",At Risk
23325,191,2,2997,3,4,4,"344",At Risk
15851,147,2,3198,3,4,4,"344",At Risk
23999,181,2,2731,3,4,4,"344",At Risk
24504,203,2,3564,3,4,4,"344",At Risk
24160,169,2,3047,3,4,4,"344",At Risk
25222,158,2,2121,3,4,4,"344",At Risk
16272,169,2,3021,3,4,4,"344",At Risk
25240,169,2,2121,3,4,4,"344",At Risk
14348,191,2,2989,3,4,4,"344",At Risk
17639,196,2,3075,3,4,4,"344",At Risk
15167,169,2,3181,3,4,4,"344",At Risk
15521,142,2,3173,3,4,4,"344",At Risk
24164,169,2,2760,3,4,4,"344",At Risk
16754,181,2,3119,3,4,4,"344",At Risk
15351,169,2,3115,3,4,4,"344",At Risk
14601,203,2,3076,3,4,4,"344",At Risk
15345,181,2,3102,3,4,4,"344",At Risk
20049,160,2,3150,3,4,4,"344",At Risk
25214,191,2,2150,3,4,4,"344",At Risk
15389,161,2,3153,3,4,4,"344",At Risk
23320,204,2,2731,3,4,4,"344",At Risk
20825,204,2,3226,3,4,4,"344",At Risk
17793,142,2,3250,3,4,4,"344",At Risk
15367,177,2,3178,3,4,4,"344",At Risk
24003,181,2,2807,3,4,4,"344",At Risk
17968,158,2,3043,3,4,4,"344",At Risk
25243,181,2,2156,3,4,4,"344",At Risk
25108,177,2,2199,3,4,4,"344",At Risk
24170,142,2,3018,3,4,4,"344",At Risk
14965,191,2,2754,3,4,4,"344",At Risk
26622,181,2,2820,3,4,4,"344",At Risk
25032,181,2,2185,3,4,4,"344",At Risk
15493,170,2,3100,3,4,4,"344",At Risk
15364,177,2,3184,3,4,4,"344",At Risk
23321,199,2,3061,3,4,4,"344",At Risk
24242,149,2,2757,3,4,4,"344",At Risk
14141,189,2,3283,3,4,4,"344",At Risk
14347,198,2,2900,3,4,4,"344",At Risk
15852,142,2,3223,3,4,4,"344",At Risk
24159,170,2,2757,3,4,4,"344",At Risk
21669,191,2,2484,3,4,4,"344",At Risk
15394,156,2,3135,3,4,4,"344",At Risk
17195,181,2,3331,3,4,4,"344",At Risk
15398,170,2,3133,3,4,4,"344",At Risk
17828,149,2,3263,3,4,4,"344",At Risk
14453,190,2,3401,3,4,4,"344",At Risk
24165,170,2,3047,3,4,4,"344",At Risk
24009,173,2,2746,3,4,4,"344",At Risk
23995,161,2,2983,3,4,4,"344",At Risk
21060,189,2,2508,3,4,4,"344",At Risk
17885,170,2,2701,3,4,4,"344",At Risk
15411,160,2,3128,3,4,4,"344",At Risk
15914,145,2,3080,3,4,4,"344",At Risk
17889,190,2,3043,3,4,4,"344",At Risk
15379,170,2,3184,3,4,4,"344",At Risk
14671,173,2,2934,3,4,4,"344",At Risk
26019,145,2,1957,3,4,4,"344",At Risk
24179,147,2,3052,3,4,4,"344",At Risk
16260,176,2,3001,3,4,4,"344",At Risk
15941,143,2,3105,3,4,4,"344",At Risk
14472,187,2,3504,3,4,4,"344",At Risk
15369,173,2,3128,3,4,4,"344",At Risk
14419,198,2,3371,3,4,4,"344",At Risk
17973,145,2,2551,3,4,4,"344",At Risk
17900,171,2,2751,3,4,4,"344",At Risk
12570,171,2,2654,3,4,4,"344",At Risk
20845,143,2,1957,3,4,4,"344",At Risk
15500,158,2,3154,3,4,4,"344",At Risk
16275,173,2,3283,3,4,4,"344",At Risk
22986,198,2,2757,3,4,4,"344",At Risk
17792,171,2,3267,3,4,4,"344",At Risk
26131,143,2,1952,3,4,4,"344",At Risk
14451,203,2,3363,3,4,4,"344",At Risk
17958,161,2,2812,3,4,4,"344",At Risk
16161,188,2,2700,3,4,4,"344",At Risk
14471,203,2,3355,3,4,4,"344",At Risk
15952,143,2,3175,3,4,4,"344",At Risk
15482,180,2,3124,3,4,4,"344",At Risk
15195,158,2,3155,3,4,4,"344",At Risk
17950,179,2,2733,3,4,4,"344",At Risk
23992,179,2,3168,3,4,4,"344",At Risk
24162,177,2,3005,3,4,4,"344",At Risk
25112,161,2,2156,3,4,4,"344",At Risk
15023,188,2,3080,3,4,4,"344",At Risk
15064,156,2,2992,3,4,4,"344",At Risk
18132,143,2,3034,3,4,4,"344",At Risk
23101,196,2,2795,3,4,4,"344",At Risk
15004,179,2,3073,3,4,4,"344",At Risk
17969,149,2,3040,3,4,4,"344",At Risk
17787,199,2,2726,3,4,4,"344",At Risk
24178,148,2,2811,3,4,4,"344",At Risk
17933,197,2,3103,3,4,4,"344",At Risk
18167,147,2,3405,3,4,4,"344",At Risk
12571,179,2,2641,3,4,4,"344",At Risk
11164,178,2,145,3,4,3,"343",At Risk
15735,145,2,116,3,4,3,"343",At Risk
18707,137,2,123,3,4,3,"343",At Risk
12502,145,2,110,3,4,3,"343",At Risk
19629,181,2,109,3,4,3,"343",At Risk
16709,189,2,144,3,4,3,"343",At Risk
14320,134,2,262,3,4,3,"343",At Risk
16666,188,2,205,3,4,3,"343",At Risk
12260,185,2,242,3,4,3,"343",At Risk
11732,168,2,173,3,4,3,"343",At Risk
18186,177,2,139,3,4,3,"343",At Risk
18756,154,2,128,3,4,3,"343",At Risk
12022,150,2,136,3,4,3,"343",At Risk
18257,165,2,116,3,4,3,"343",At Risk
12931,195,2,156,3,4,3,"343",At Risk
16613,163,2,129,3,4,3,"343",At Risk
19955,158,2,173,3,4,3,"343",At Risk
14311,172,2,138,3,4,3,"343",At Risk
14836,165,2,115,3,4,3,"343",At Risk
11720,190,2,118,3,4,3,"343",At Risk
14184,185,2,105,3,4,3,"343",At Risk
11838,155,2,135,3,4,3,"343",At Risk
16617,138,2,161,3,4,3,"343",At Risk
17060,138,2,124,3,4,3,"343",At Risk
15146,201,2,162,3,4,3,"343",At Risk
12927,191,2,108,3,4,3,"343",At Risk
11731,179,2,121,3,4,3,"343",At Risk
11807,140,2,153,3,4,3,"343",At Risk
11788,163,2,255,3,4,3,"343",At Risk
16023,174,2,167,3,4,3,"343",At Risk
17710,188,2,114,3,4,3,"343",At Risk
18852,145,2,268,3,4,3,"343",At Risk
11646,189,2,113,3,4,3,"343",At Risk
11672,134,2,113,3,4,3,"343",At Risk
18278,198,2,159,3,4,3,"343",At Risk
14840,140,2,158,3,4,3,"343",At Risk
11670,134,2,100,3,4,3,"343",At Risk
16689,163,2,290,3,4,3,"343",At Risk
11804,171,2,134,3,4,3,"343",At Risk
15606,165,2,116,3,4,3,"343",At Risk
16711,202,2,133,3,4,3,"343",At Risk
14554,174,2,178,3,4,3,"343",At Risk
13505,185,2,128,3,4,3,"343",At Risk
13816,153,2,261,3,4,3,"343",At Risk
14809,181,2,115,3,4,3,"343",At Risk
16590,166,2,169,3,4,3,"343",At Risk
15153,153,2,114,3,4,3,"343",At Risk
14199,159,2,119,3,4,3,"343",At Risk
20746,205,2,120,3,4,3,"343",At Risk
11852,150,2,125,3,4,3,"343",At Risk
16584,201,2,173,3,4,3,"343",At Risk
16564,158,2,132,3,4,3,"343",At Risk
13791,142,2,108,3,4,3,"343",At Risk
11970,131,2,110,3,4,3,"343",At Risk
14518,182,2,127,3,4,3,"343",At Risk
14278,159,2,177,3,4,3,"343",At Risk
11658,190,2,112,3,4,3,"343",At Risk
17303,143,2,123,3,4,3,"343",At Risk
12414,152,2,157,3,4,3,"343",At Risk
16177,200,2,133,3,4,3,"343",At Risk
16910,201,2,142,3,4,3,"343",At Risk
13180,157,2,201,3,4,3,"343",At Risk
12085,159,2,108,3,4,3,"343",At Risk
11197,194,2,208,3,4,3,"343",At Risk
15581,157,2,114,3,4,3,"343",At Risk
12138,152,2,120,3,4,3,"343",At Risk
13981,194,2,124,3,4,3,"343",At Risk
11699,174,2,122,3,4,3,"343",At Risk
11932,189,2,136,3,4,3,"343",At Risk
21251,182,2,191,3,4,3,"343",At Risk
19618,184,2,119,3,4,3,"343",At Risk
17213,201,2,180,3,4,3,"343",At Risk
18644,205,2,135,3,4,3,"343",At Risk
20740,141,2,141,3,4,3,"343",At Risk
11128,171,2,144,3,4,3,"343",At Risk
14540,149,2,156,3,4,3,"343",At Risk
11695,164,2,129,3,4,3,"343",At Risk
17422,182,2,175,3,4,3,"343",At Risk
15025,153,2,129,3,4,3,"343",At Risk
11821,149,2,151,3,4,3,"343",At Risk
14318,158,2,138,3,4,3,"343",At Risk
18055,174,2,144,3,4,3,"343",At Risk
18285,165,2,142,3,4,3,"343",At Risk
11814,144,2,101,3,4,3,"343",At Risk
11962,167,2,103,3,4,3,"343",At Risk
11208,135,2,134,3,4,3,"343",At Risk
16241,139,2,127,3,4,3,"343",At Risk
19610,167,2,119,3,4,3,"343",At Risk
15577,171,2,143,3,4,3,"343",At Risk
11087,174,2,200,3,4,3,"343",At Risk
14208,196,2,117,3,4,3,"343",At Risk
14016,147,2,121,3,4,3,"343",At Risk
17551,161,2,161,3,4,3,"343",At Risk
14067,167,2,115,3,4,3,"343",At Risk
16198,204,2,115,3,4,3,"343",At Risk
15235,156,2,191,3,4,3,"343",At Risk
14314,174,2,123,3,4,3,"343",At Risk
17410,146,2,169,3,4,3,"343",At Risk
14804,186,2,139,3,4,3,"343",At Risk
11669,164,2,113,3,4,3,"343",At Risk
15239,178,2,123,3,4,3,"343",At Risk
17053,139,2,124,3,4,3,"343",At Risk
13983,188,2,180,3,4,3,"343",At Risk
12610,136,2,102,3,4,3,"343",At Risk
12100,135,2,129,3,4,3,"343",At Risk
12067,188,2,134,3,4,3,"343",At Risk
14993,197,2,153,3,4,3,"343",At Risk
16386,158,2,130,3,4,3,"343",At Risk
14955,167,2,104,3,4,3,"343",At Risk
19619,195,2,113,3,4,3,"343",At Risk
18875,140,2,115,3,4,3,"343",At Risk
13043,131,2,176,3,4,3,"343",At Risk
15593,198,2,116,3,4,3,"343",At Risk
17077,205,2,138,3,4,3,"343",At Risk
18978,140,2,119,3,4,3,"343",At Risk
17298,174,2,174,3,4,3,"343",At Risk
11517,160,2,102,3,4,3,"343",At Risk
12195,187,2,124,3,4,3,"343",At Risk
11782,136,2,152,3,4,3,"343",At Risk
11187,177,2,107,3,4,3,"343",At Risk
11201,143,2,181,3,4,3,"343",At Risk
12413,170,2,162,3,4,3,"343",At Risk
18492,180,2,218,3,4,3,"343",At Risk
12920,142,2,106,3,4,3,"343",At Risk
17482,181,2,147,3,4,3,"343",At Risk
18523,179,2,161,3,4,3,"343",At Risk
11832,143,2,125,3,4,3,"343",At Risk
28291,138,1,40,3,4,2,"342",At Risk
16704,202,2,91,3,4,2,"342",At Risk
15019,158,2,73,3,4,2,"342",At Risk
16243,157,2,92,3,4,2,"342",At Risk
14231,189,2,84,3,4,2,"342",At Risk
28187,201,1,40,3,4,2,"342",At Risk
11771,190,2,94,3,4,2,"342",At Risk
29338,190,1,40,3,4,2,"342",At Risk
18306,191,2,88,3,4,2,"342",At Risk
15811,197,2,71,3,4,2,"342",At Risk
22746,197,1,40,3,4,2,"342",At Risk
19014,196,2,66,3,4,2,"342",At Risk
18211,192,2,66,3,4,2,"342",At Risk
24821,192,1,43,3,4,2,"342",At Risk
24016,193,1,44,3,4,2,"342",At Risk
17087,187,2,75,3,4,2,"342",At Risk
16619,193,2,98,3,4,2,"342",At Risk
26881,194,1,43,3,4,2,"342",At Risk
25416,195,1,40,3,4,2,"342",At Risk
17235,195,2,84,3,4,2,"342",At Risk
18925,132,2,82,3,4,2,"342",At Risk
11234,133,2,76,3,4,2,"342",At Risk
21174,133,1,42,3,4,2,"342",At Risk
11066,133,2,81,3,4,2,"342",At Risk
11960,186,2,75,3,4,2,"342",At Risk
14172,134,2,76,3,4,2,"342",At Risk
12066,134,2,85,3,4,2,"342",At Risk
15261,186,2,71,3,4,2,"342",At Risk
11953,136,2,65,3,4,2,"342",At Risk
21890,187,1,40,3,4,2,"342",At Risk
20280,138,2,96,3,4,2,"342",At Risk
11737,197,2,77,3,4,2,"342",At Risk
17236,187,2,86,3,4,2,"342",At Risk
16681,205,2,69,3,4,2,"342",At Risk
11311,139,2,77,3,4,2,"342",At Risk
15604,139,2,67,3,4,2,"342",At Risk
21960,139,1,40,3,4,2,"342",At Risk
19608,183,2,68,3,4,2,"342",At Risk
11704,197,2,94,3,4,2,"342",At Risk
16487,197,2,73,3,4,2,"342",At Risk
16621,140,2,74,3,4,2,"342",At Risk
11579,183,1,44,3,4,2,"342",At Risk
26712,183,1,43,3,4,2,"342",At Risk
17287,140,2,95,3,4,2,"342",At Risk
11855,141,2,90,3,4,2,"342",At Risk
19570,142,2,75,3,4,2,"342",At Risk
17823,181,1,40,3,4,2,"342",At Risk
17284,181,2,90,3,4,2,"342",At Risk
11846,204,2,85,3,4,2,"342",At Risk
22823,142,1,44,3,4,2,"342",At Risk
23692,204,1,43,3,4,2,"342",At Risk
14233,188,2,79,3,4,2,"342",At Risk
13773,204,1,42,3,4,2,"342",At Risk
11213,143,2,77,3,4,2,"342",At Risk
16683,180,2,70,3,4,2,"342",At Risk
19001,179,2,92,3,4,2,"342",At Risk
11305,179,2,77,3,4,2,"342",At Risk
23491,188,1,44,3,4,2,"342",At Risk
27144,143,1,40,3,4,2,"342",At Risk
18686,179,2,92,3,4,2,"342",At Risk
13034,143,2,95,3,4,2,"342",At Risk
28430,178,1,43,3,4,2,"342",At Risk
13150,178,2,89,3,4,2,"342",At Risk
18194,178,2,86,3,4,2,"342",At Risk
21177,177,1,40,3,4,2,"342",At Risk
21209,145,1,40,3,4,2,"342",At Risk
29229,145,1,40,3,4,2,"342",At Risk
15147,177,2,97,3,4,2,"342",At Risk
19862,197,2,98,3,4,2,"342",At Risk
11280,175,2,77,3,4,2,"342",At Risk
19589,146,2,95,3,4,2,"342",At Risk
28060,175,1,40,3,4,2,"342",At Risk
19973,146,2,83,3,4,2,"342",At Risk
11225,146,2,73,3,4,2,"342",At Risk
11210,146,2,71,3,4,2,"342",At Risk
17061,199,2,86,3,4,2,"342",At Risk
26403,146,1,42,3,4,2,"342",At Risk
22204,199,1,42,3,4,2,"342",At Risk
18270,203,2,94,3,4,2,"342",At Risk
19085,173,2,78,3,4,2,"342",At Risk
23458,173,1,42,3,4,2,"342",At Risk
28213,172,1,40,3,4,2,"342",At Risk
17333,147,2,81,3,4,2,"342",At Risk
14237,172,2,90,3,4,2,"342",At Risk
21178,171,1,40,3,4,2,"342",At Risk
16256,148,2,82,3,4,2,"342",At Risk
11434,199,2,70,3,4,2,"342",At Risk
17290,170,2,93,3,4,2,"342",At Risk
16602,149,2,77,3,4,2,"342",At Risk
11800,170,2,77,3,4,2,"342",At Risk
12091,150,2,84,3,4,2,"342",At Risk
18261,150,2,86,3,4,2,"342",At Risk
11689,150,2,89,3,4,2,"342",At Risk
11648,150,2,89,3,4,2,"342",At Risk
18300,169,2,65,3,4,2,"342",At Risk
21726,200,1,42,3,4,2,"342",At Risk
11366,168,2,77,3,4,2,"342",At Risk
12126,168,2,82,3,4,2,"342",At Risk
21521,167,1,43,3,4,2,"342",At Risk
12294,167,2,75,3,4,2,"342",At Risk
17231,151,2,84,3,4,2,"342",At Risk
16606,167,2,67,3,4,2,"342",At Risk
11785,152,2,75,3,4,2,"342",At Risk
12024,166,2,84,3,4,2,"342",At Risk
21880,152,1,40,3,4,2,"342",At Risk
18927,166,2,89,3,4,2,"342",At Risk
17835,152,2,70,3,4,2,"342",At Risk
11674,165,2,96,3,4,2,"342",At Risk
14072,165,2,75,3,4,2,"342",At Risk
26794,200,1,44,3,4,2,"342",At Risk
12540,165,2,75,3,4,2,"342",At Risk
16674,154,2,76,3,4,2,"342",At Risk
28887,154,1,40,3,4,2,"342",At Risk
11858,202,2,85,3,4,2,"342",At Risk
11320,164,2,72,3,4,2,"342",At Risk
15131,164,2,81,3,4,2,"342",At Risk
14068,164,2,77,3,4,2,"342",At Risk
13017,164,1,42,3,4,2,"342",At Risk
18266,164,2,72,3,4,2,"342",At Risk
20085,163,2,77,3,4,2,"342",At Risk
13676,163,2,69,3,4,2,"342",At Risk
12465,155,2,83,3,4,2,"342",At Risk
14221,155,2,82,3,4,2,"342",At Risk
13582,155,2,78,3,4,2,"342",At Risk
17230,162,2,84,3,4,2,"342",At Risk
11288,162,2,77,3,4,2,"342",At Risk
14665,201,2,81,3,4,2,"342",At Risk
11744,156,2,72,3,4,2,"342",At Risk
17075,161,2,77,3,4,2,"342",At Risk
12168,160,2,73,3,4,2,"342",At Risk
14516,201,2,79,3,4,2,"342",At Risk
14854,160,2,73,3,4,2,"342",At Risk
11822,157,2,87,3,4,2,"342",At Risk
16733,177,2,35,3,4,1,"341",At Risk
17330,133,2,31,3,4,1,"341",At Risk
18190,132,2,31,3,4,1,"341",At Risk
16932,150,2,15,3,4,1,"341",At Risk
18298,156,2,24,3,4,1,"341",At Risk
18299,182,2,32,3,4,1,"341",At Risk
15026,172,2,30,3,4,1,"341",At Risk
18712,155,2,24,3,4,1,"341",At Risk
18197,132,2,31,3,4,1,"341",At Risk
15671,160,2,32,3,4,1,"341",At Risk
16692,167,2,31,3,4,1,"341",At Risk
17701,133,2,34,3,4,1,"341",At Risk
18282,135,2,31,3,4,1,"341",At Risk
18704,156,2,33,3,4,1,"341",At Risk
24760,171,1,2419,3,3,4,"334",At Risk
28697,155,1,2452,3,3,4,"334",At Risk
25744,187,1,2428,3,3,4,"334",At Risk
16077,133,1,2401,3,3,4,"334",At Risk
25756,193,1,2494,3,3,4,"334",At Risk
26221,144,1,2419,3,3,4,"334",At Risk
24790,140,1,2433,3,3,4,"334",At Risk
20527,192,1,2478,3,3,4,"334",At Risk
24668,184,1,2473,3,3,4,"334",At Risk
20496,192,1,2478,3,3,4,"334",At Risk
20638,171,1,2478,3,3,4,"334",At Risk
23328,157,1,2443,3,3,4,"334",At Risk
28549,205,1,2418,3,3,4,"334",At Risk
26038,154,1,2503,3,3,4,"334",At Risk
24788,137,1,2418,3,3,4,"334",At Risk
24770,181,1,2398,3,3,4,"334",At Risk
24782,179,1,2420,3,3,4,"334",At Risk
24761,156,1,2419,3,3,4,"334",At Risk
24203,169,1,2469,3,3,4,"334",At Risk
22647,154,1,2563,3,3,4,"334",At Risk
24654,204,1,2453,3,3,4,"334",At Risk
24868,197,1,2501,3,3,4,"334",At Risk
24754,172,1,2440,3,3,4,"334",At Risk
24870,202,1,2457,3,3,4,"334",At Risk
25745,186,1,2473,3,3,4,"334",At Risk
16752,166,1,2512,3,3,4,"334",At Risk
25774,148,1,2537,3,3,4,"334",At Risk
24783,135,1,2420,3,3,4,"334",At Risk
24791,135,1,2419,3,3,4,"334",At Risk
25758,203,1,2428,3,3,4,"334",At Risk
28704,154,1,2419,3,3,4,"334",At Risk
20641,135,1,2457,3,3,4,"334",At Risk
20545,169,1,2542,3,3,4,"334",At Risk
13143,181,1,2405,3,3,4,"334",At Risk
24219,182,1,2433,3,3,4,"334",At Risk
25742,185,1,2462,3,3,4,"334",At Risk
28733,140,1,2407,3,3,4,"334",At Risk
22632,175,1,2492,3,3,4,"334",At Risk
16987,170,1,2415,3,3,4,"334",At Risk
24785,134,1,2406,3,3,4,"334",At Risk
28703,143,1,2419,3,3,4,"334",At Risk
28902,186,1,2530,3,3,4,"334",At Risk
24738,178,1,2433,3,3,4,"334",At Risk
25637,181,1,2511,3,3,4,"334",At Risk
20640,166,1,2498,3,3,4,"334",At Risk
16732,195,1,2451,3,3,4,"334",At Risk
16004,141,1,2518,3,3,4,"334",At Risk
24739,176,1,2453,3,3,4,"334",At Risk
25762,148,1,2517,3,3,4,"334",At Risk
16751,194,1,2492,3,3,4,"334",At Risk
27867,176,1,2444,3,3,4,"334",At Risk
28695,200,1,2419,3,3,4,"334",At Risk
12783,185,1,2420,3,3,4,"334",At Risk
28696,176,1,2428,3,3,4,"334",At Risk
29480,197,1,2442,3,3,4,"334",At Risk
20543,184,1,2492,3,3,4,"334",At Risk
24053,187,1,2443,3,3,4,"334",At Risk
20639,164,1,2466,3,3,4,"334",At Risk
24865,189,1,2478,3,3,4,"334",At Risk
22648,146,1,2476,3,3,4,"334",At Risk
28901,193,1,2443,3,3,4,"334",At Risk
16770,145,1,2478,3,3,4,"334",At Risk
28557,203,1,2419,3,3,4,"334",At Risk
24201,202,1,2428,3,3,4,"334",At Risk
23569,195,1,40,3,3,2,"332",At Risk
22957,172,1,40,3,3,2,"332",At Risk
25123,141,1,40,3,3,2,"332",At Risk
22371,186,1,40,3,3,2,"332",At Risk
22911,157,1,40,3,3,2,"332",At Risk
17577,199,1,40,3,3,2,"332",At Risk
27812,165,1,40,3,3,2,"332",At Risk
28029,159,1,40,3,3,2,"332",At Risk
17696,205,1,40,3,3,2,"332",At Risk
23329,160,1,40,3,3,2,"332",At Risk
25652,150,1,40,3,3,2,"332",At Risk
22657,144,1,40,3,3,2,"332",At Risk
24853,166,1,40,3,3,2,"332",At Risk
18058,149,1,40,3,3,2,"332",At Risk
25781,188,1,40,3,3,2,"332",At Risk
18347,196,1,40,3,3,2,"332",At Risk
23284,191,1,40,3,3,2,"332",At Risk
26136,173,1,40,3,3,2,"332",At Risk
21370,198,1,40,3,3,2,"332",At Risk
18235,152,1,40,3,3,2,"332",At Risk
21844,186,1,40,3,3,2,"332",At Risk
21043,153,1,40,3,3,2,"332",At Risk
18343,167,1,40,3,3,2,"332",At Risk
22869,133,1,40,3,3,2,"332",At Risk
22528,175,1,40,3,3,2,"332",At Risk
23317,132,1,40,3,3,2,"332",At Risk
17471,179,1,40,3,3,2,"332",At Risk
25147,183,1,40,3,3,2,"332",At Risk
22026,154,1,40,3,3,2,"332",At Risk
23551,133,1,40,3,3,2,"332",At Risk
17598,178,1,40,3,3,2,"332",At Risk
18323,195,1,40,3,3,2,"332",At Risk
24106,145,1,40,3,3,2,"332",At Risk
20070,192,1,40,3,3,2,"332",At Risk
24082,149,1,40,3,3,2,"332",At Risk
23459,132,1,40,3,3,2,"332",At Risk
17674,134,1,40,3,3,2,"332",At Risk
23985,157,1,40,3,3,2,"332",At Risk
27954,162,1,40,3,3,2,"332",At Risk
23968,132,1,40,3,3,2,"332",At Risk
25535,150,1,40,3,3,2,"332",At Risk
23401,140,1,40,3,3,2,"332",At Risk
25518,156,1,40,3,3,2,"332",At Risk
28007,168,1,40,3,3,2,"332",At Risk
21663,164,1,40,3,3,2,"332",At Risk
18417,180,1,40,3,3,2,"332",At Risk
19273,185,1,40,3,3,2,"332",At Risk
21916,169,1,40,3,3,2,"332",At Risk
25494,198,1,40,3,3,2,"332",At Risk
23253,205,1,40,3,3,2,"332",At Risk
25679,146,1,40,3,3,2,"332",At Risk
23428,181,1,40,3,3,2,"332",At Risk
24755,173,1,40,3,3,2,"332",At Risk
20102,138,1,40,3,3,2,"332",At Risk
23087,155,1,40,3,3,2,"332",At Risk
22353,194,1,40,3,3,2,"332",At Risk
24610,142,1,40,3,3,2,"332",At Risk
20441,158,1,40,3,3,2,"332",At Risk
24196,196,1,40,3,3,2,"332",At Risk
25110,188,1,40,3,3,2,"332",At Risk
17618,166,1,40,3,3,2,"332",At Risk
26891,163,1,40,3,3,2,"332",At Risk
17560,168,1,40,3,3,2,"332",At Risk
21551,181,1,30,3,3,1,"331",At Risk
21511,198,1,32,3,3,1,"331",At Risk
12976,150,1,22,3,3,1,"331",At Risk
24871,200,1,36,3,3,1,"331",At Risk
19827,181,1,22,3,3,1,"331",At Risk
16913,160,1,14,3,3,1,"331",At Risk
23108,169,1,32,3,3,1,"331",At Risk
23221,201,1,39,3,3,1,"331",At Risk
25017,157,1,15,3,3,1,"331",At Risk
27990,169,1,39,3,3,1,"331",At Risk
13827,197,1,29,3,3,1,"331",At Risk
24984,181,1,37,3,3,1,"331",At Risk
22812,169,1,32,3,3,1,"331",At Risk
23288,181,1,39,3,3,1,"331",At Risk
19483,157,1,34,3,3,1,"331",At Risk
17219,156,1,35,3,3,1,"331",At Risk
17822,150,1,30,3,3,1,"331",At Risk
23598,142,1,32,3,3,1,"331",At Risk
23712,169,1,39,3,3,1,"331",At Risk
28710,181,1,34,3,3,1,"331",At Risk
13763,142,1,31,3,3,1,"331",At Risk
28892,169,1,21,3,3,1,"331",At Risk
21292,150,1,15,3,3,1,"331",At Risk
22340,150,1,15,3,3,1,"331",At Risk
18383,181,1,14,3,3,1,"331",At Risk
27749,169,1,21,3,3,1,"331",At Risk
24851,204,1,29,3,3,1,"331",At Risk
12558,150,1,15,3,3,1,"331",At Risk
12719,204,1,15,3,3,1,"331",At Risk
21073,182,1,29,3,3,1,"331",At Risk
22362,142,1,35,3,3,1,"331",At Risk
23814,142,1,30,3,3,1,"331",At Risk
20585,156,1,32,3,3,1,"331",At Risk
26769,150,1,37,3,3,1,"331",At Risk
22339,182,1,15,3,3,1,"331",At Risk
28812,169,1,25,3,3,1,"331",At Risk
19300,142,1,37,3,3,1,"331",At Risk
29376,182,1,21,3,3,1,"331",At Risk
13365,141,1,24,3,3,1,"331",At Risk
26410,203,1,29,3,3,1,"331",At Risk
15098,189,1,39,3,3,1,"331",At Risk
17222,200,1,37,3,3,1,"331",At Risk
23286,197,1,30,3,3,1,"331",At Risk
13752,169,1,24,3,3,1,"331",At Risk
16369,150,1,27,3,3,1,"331",At Risk
17800,197,1,37,3,3,1,"331",At Risk
14182,150,1,33,3,3,1,"331",At Risk
28591,187,1,35,3,3,1,"331",At Risk
28956,197,1,15,3,3,1,"331",At Risk
27386,182,1,36,3,3,1,"331",At Risk
26845,182,1,28,3,3,1,"331",At Risk
16544,182,1,29,3,3,1,"331",At Risk
19372,158,1,29,3,3,1,"331",At Risk
26198,150,1,27,3,3,1,"331",At Risk
23263,168,1,24,3,3,1,"331",At Risk
26275,204,1,27,3,3,1,"331",At Risk
21806,141,1,15,3,3,1,"331",At Risk
14826,168,1,40,3,3,1,"331",At Risk
17152,182,1,13,3,3,1,"331",At Risk
17931,156,1,30,3,3,1,"331",At Risk
22955,157,1,14,3,3,1,"331",At Risk
20865,182,1,35,3,3,1,"331",At Risk
21771,203,1,23,3,3,1,"331",At Risk
27052,182,1,36,3,3,1,"331",At Risk
20409,168,1,15,3,3,1,"331",At Risk
11248,200,1,38,3,3,1,"331",At Risk
24119,140,1,14,3,3,1,"331",At Risk
26405,140,1,36,3,3,1,"331",At Risk
24743,168,1,38,3,3,1,"331",At Risk
19175,197,1,25,3,3,1,"331",At Risk
29377,200,1,34,3,3,1,"331",At Risk
28889,168,1,13,3,3,1,"331",At Risk
26254,200,1,34,3,3,1,"331",At Risk
29416,200,1,28,3,3,1,"331",At Risk
25530,168,1,24,3,3,1,"331",At Risk
27622,150,1,29,3,3,1,"331",At Risk
15707,140,1,35,3,3,1,"331",At Risk
26555,168,1,27,3,3,1,"331",At Risk
27451,183,1,37,3,3,1,"331",At Risk
15609,168,1,27,3,3,1,"331",At Risk
25474,189,1,39,3,3,1,"331",At Risk
27619,203,1,34,3,3,1,"331",At Risk
22375,140,1,35,3,3,1,"331",At Risk
25275,168,1,35,3,3,1,"331",At Risk
24188,203,1,13,3,3,1,"331",At Risk
28089,140,1,15,3,3,1,"331",At Risk
16677,183,1,14,3,3,1,"331",At Risk
27220,140,1,39,3,3,1,"331",At Risk
26474,189,1,14,3,3,1,"331",At Risk
14873,140,1,22,3,3,1,"331",At Risk
21125,151,1,28,3,3,1,"331",At Risk
21907,140,1,15,3,3,1,"331",At Risk
23710,167,1,30,3,3,1,"331",At Risk
15744,167,1,13,3,3,1,"331",At Risk
25350,140,1,32,3,3,1,"331",At Risk
16322,167,1,29,3,3,1,"331",At Risk
29046,197,1,31,3,3,1,"331",At Risk
28144,197,1,15,3,3,1,"331",At Risk
22867,183,1,39,3,3,1,"331",At Risk
14432,140,1,22,3,3,1,"331",At Risk
29235,167,1,27,3,3,1,"331",At Risk
29383,151,1,24,3,3,1,"331",At Risk
15813,140,1,31,3,3,1,"331",At Risk
15513,167,1,40,3,3,1,"331",At Risk
21814,204,1,15,3,3,1,"331",At Risk
23809,140,1,30,3,3,1,"331",At Risk
11415,167,1,14,3,3,1,"331",At Risk
25685,183,1,21,3,3,1,"331",At Risk
27306,167,1,29,3,3,1,"331",At Risk
25190,139,1,37,3,3,1,"331",At Risk
18897,151,1,37,3,3,1,"331",At Risk
26318,167,1,14,3,3,1,"331",At Risk
21196,157,1,35,3,3,1,"331",At Risk
23246,167,1,32,3,3,1,"331",At Risk
23295,139,1,35,3,3,1,"331",At Risk
18033,151,1,25,3,3,1,"331",At Risk
20498,184,1,13,3,3,1,"331",At Risk
24696,151,1,24,3,3,1,"331",At Risk
24951,184,1,33,3,3,1,"331",At Risk
22709,139,1,29,3,3,1,"331",At Risk
27834,205,1,14,3,3,1,"331",At Risk
27683,151,1,39,3,3,1,"331",At Risk
20803,139,1,39,3,3,1,"331",At Risk
23521,167,1,22,3,3,1,"331",At Risk
18396,139,1,29,3,3,1,"331",At Risk
15245,184,1,31,3,3,1,"331",At Risk
24626,167,1,39,3,3,1,"331",At Risk
19330,151,1,31,3,3,1,"331",At Risk
23445,139,1,29,3,3,1,"331",At Risk
23122,184,1,14,3,3,1,"331",At Risk
23596,151,1,39,3,3,1,"331",At Risk
29270,158,1,12,3,3,1,"331",At Risk
23969,200,1,36,3,3,1,"331",At Risk
16655,139,1,40,3,3,1,"331",At Risk
17223,152,1,22,3,3,1,"331",At Risk
13861,184,1,22,3,3,1,"331",At Risk
24269,139,1,15,3,3,1,"331",At Risk
24745,189,1,30,3,3,1,"331",At Risk
20153,184,1,14,3,3,1,"331",At Risk
24981,139,1,33,3,3,1,"331",At Risk
21046,167,1,35,3,3,1,"331",At Risk
28459,184,1,21,3,3,1,"331",At Risk
25260,152,1,35,3,3,1,"331",At Risk
27209,184,1,14,3,3,1,"331",At Risk
23197,184,1,39,3,3,1,"331",At Risk
17748,167,1,32,3,3,1,"331",At Risk
23952,152,1,39,3,3,1,"331",At Risk
23292,184,1,35,3,3,1,"331",At Risk
21799,184,1,24,3,3,1,"331",At Risk
24373,184,1,28,3,3,1,"331",At Risk
29171,139,1,25,3,3,1,"331",At Risk
19513,166,1,25,3,3,1,"331",At Risk
27679,185,1,32,3,3,1,"331",At Risk
25806,152,1,24,3,3,1,"331",At Risk
23927,166,1,36,3,3,1,"331",At Risk
21995,166,1,37,3,3,1,"331",At Risk
29009,200,1,29,3,3,1,"331",At Risk
21221,185,1,30,3,3,1,"331",At Risk
26872,166,1,24,3,3,1,"331",At Risk
18041,197,1,32,3,3,1,"331",At Risk
17853,187,1,30,3,3,1,"331",At Risk
22069,185,1,23,3,3,1,"331",At Risk
15408,152,1,40,3,3,1,"331",At Risk
24507,138,1,33,3,3,1,"331",At Risk
15202,185,1,13,3,3,1,"331",At Risk
25533,185,1,28,3,3,1,"331",At Risk
21181,138,1,32,3,3,1,"331",At Risk
29189,166,1,24,3,3,1,"331",At Risk
26380,185,1,34,3,3,1,"331",At Risk
13240,152,1,22,3,3,1,"331",At Risk
22325,185,1,14,3,3,1,"331",At Risk
25809,156,1,21,3,3,1,"331",At Risk
16994,152,1,40,3,3,1,"331",At Risk
19355,158,1,25,3,3,1,"331",At Risk
22237,187,1,30,3,3,1,"331",At Risk
26370,160,1,24,3,3,1,"331",At Risk
17856,138,1,32,3,3,1,"331",At Risk
24950,138,1,39,3,3,1,"331",At Risk
13931,185,1,22,3,3,1,"331",At Risk
15775,166,1,15,3,3,1,"331",At Risk
29348,160,1,39,3,3,1,"331",At Risk
19497,166,1,29,3,3,1,"331",At Risk
16985,158,1,14,3,3,1,"331",At Risk
13379,197,1,24,3,3,1,"331",At Risk
14250,153,1,31,3,3,1,"331",At Risk
22550,166,1,29,3,3,1,"331",At Risk
26448,157,1,21,3,3,1,"331",At Risk
27639,186,1,21,3,3,1,"331",At Risk
29160,205,1,12,3,3,1,"331",At Risk
21543,186,1,37,3,3,1,"331",At Risk
15522,166,1,27,3,3,1,"331",At Risk
17044,138,1,40,3,3,1,"331",At Risk
26384,137,1,34,3,3,1,"331",At Risk
27843,205,1,28,3,3,1,"331",At Risk
29218,153,1,38,3,3,1,"331",At Risk
25505,137,1,39,3,3,1,"331",At Risk
20954,137,1,39,3,3,1,"331",At Risk
25523,166,1,39,3,3,1,"331",At Risk
14850,166,1,40,3,3,1,"331",At Risk
23564,137,1,35,3,3,1,"331",At Risk
27593,137,1,14,3,3,1,"331",At Risk
26462,137,1,27,3,3,1,"331",At Risk
29234,205,1,29,3,3,1,"331",At Risk
22417,136,1,21,3,3,1,"331",At Risk
24524,136,1,35,3,3,1,"331",At Risk
24020,165,1,14,3,3,1,"331",At Risk
24483,136,1,24,3,3,1,"331",At Risk
27433,186,1,28,3,3,1,"331",At Risk
26880,160,1,24,3,3,1,"331",At Risk
28350,165,1,14,3,3,1,"331",At Risk
29026,165,1,25,3,3,1,"331",At Risk
16808,136,1,14,3,3,1,"331",At Risk
27750,136,1,24,3,3,1,"331",At Risk
20390,158,1,15,3,3,1,"331",At Risk
20964,153,1,39,3,3,1,"331",At Risk
21754,136,1,15,3,3,1,"331",At Risk
28687,205,1,29,3,3,1,"331",At Risk
24722,135,1,34,3,3,1,"331",At Risk
24180,135,1,39,3,3,1,"331",At Risk
23030,153,1,30,3,3,1,"331",At Risk
27813,165,1,24,3,3,1,"331",At Risk
14462,135,1,22,3,3,1,"331",At Risk
25144,135,1,25,3,3,1,"331",At Risk
21872,135,1,35,3,3,1,"331",At Risk
23149,153,1,32,3,3,1,"331",At Risk
28473,135,1,21,3,3,1,"331",At Risk
18619,201,1,39,3,3,1,"331",At Risk
21692,202,1,15,3,3,1,"331",At Risk
27495,134,1,35,3,3,1,"331",At Risk
29210,159,1,27,3,3,1,"331",At Risk
23054,200,1,30,3,3,1,"331",At Risk
24473,154,1,14,3,3,1,"331",At Risk
24126,165,1,29,3,3,1,"331",At Risk
24074,134,1,39,3,3,1,"331",At Risk
19656,154,1,14,3,3,1,"331",At Risk
27633,202,1,22,3,3,1,"331",At Risk
21028,134,1,37,3,3,1,"331",At Risk
26527,186,1,29,3,3,1,"331",At Risk
24999,134,1,33,3,3,1,"331",At Risk
18087,154,1,14,3,3,1,"331",At Risk
22688,189,1,39,3,3,1,"331",At Risk
28585,164,1,35,3,3,1,"331",At Risk
15740,134,1,40,3,3,1,"331",At Risk
24490,134,1,37,3,3,1,"331",At Risk
26970,164,1,39,3,3,1,"331",At Risk
21934,164,1,10,3,3,1,"331",At Risk
21346,200,1,15,3,3,1,"331",At Risk
20534,134,1,24,3,3,1,"331",At Risk
21467,134,1,24,3,3,1,"331",At Risk
27644,134,1,24,3,3,1,"331",At Risk
26677,133,1,30,3,3,1,"331",At Risk
28413,133,1,24,3,3,1,"331",At Risk
24838,133,1,24,3,3,1,"331",At Risk
12238,205,1,35,3,3,1,"331",At Risk
16555,133,1,31,3,3,1,"331",At Risk
29320,154,1,24,3,3,1,"331",At Risk
24230,164,1,14,3,3,1,"331",At Risk
23675,133,1,30,3,3,1,"331",At Risk
20143,186,1,32,3,3,1,"331",At Risk
16507,200,1,35,3,3,1,"331",At Risk
21097,164,1,29,3,3,1,"331",At Risk
12401,133,1,37,3,3,1,"331",At Risk
21548,133,1,37,3,3,1,"331",At Risk
16676,133,1,14,3,3,1,"331",At Risk
15704,164,1,35,3,3,1,"331",At Risk
20827,186,1,12,3,3,1,"331",At Risk
16323,164,1,25,3,3,1,"331",At Risk
20781,133,1,15,3,3,1,"331",At Risk
28441,133,1,37,3,3,1,"331",At Risk
26454,187,1,27,3,3,1,"331",At Risk
22390,201,1,29,3,3,1,"331",At Risk
25787,206,1,28,3,3,1,"331",At Risk
29093,164,1,28,3,3,1,"331",At Risk
15168,132,1,40,3,3,1,"331",At Risk
11573,187,1,35,3,3,1,"331",At Risk
25168,160,1,39,3,3,1,"331",At Risk
19489,154,1,39,3,3,1,"331",At Risk
17836,164,1,32,3,3,1,"331",At Risk
19828,164,1,22,3,3,1,"331",At Risk
29272,157,1,39,3,3,1,"331",At Risk
20805,132,1,30,3,3,1,"331",At Risk
24655,132,1,33,3,3,1,"331",At Risk
28440,160,1,39,3,3,1,"331",At Risk
20485,206,1,15,3,3,1,"331",At Risk
26516,201,1,32,3,3,1,"331",At Risk
24642,154,1,39,3,3,1,"331",At Risk
21911,206,1,28,3,3,1,"331",At Risk
14588,132,1,40,3,3,1,"331",At Risk
22047,132,1,24,3,3,1,"331",At Risk
15616,131,1,27,3,3,1,"331",At Risk
27491,202,1,39,3,3,1,"331",At Risk
27650,131,1,24,3,3,1,"331",At Risk
26935,164,1,29,3,3,1,"331",At Risk
21971,202,1,32,3,3,1,"331",At Risk
27642,131,1,30,3,3,1,"331",At Risk
18007,187,1,39,3,3,1,"331",At Risk
12387,131,1,35,3,3,1,"331",At Risk
16439,154,1,25,3,3,1,"331",At Risk
18025,163,1,37,3,3,1,"331",At Risk
15066,163,1,25,3,3,1,"331",At Risk
21906,163,1,15,3,3,1,"331",At Risk
18629,163,1,25,3,3,1,"331",At Risk
27674,163,1,24,3,3,1,"331",At Risk
23647,131,1,13,3,3,1,"331",At Risk
18002,131,1,27,3,3,1,"331",At Risk
20780,195,1,10,3,3,1,"331",At Risk
23543,163,1,13,3,3,1,"331",At Risk
21770,195,1,24,3,3,1,"331",At Risk
26791,163,1,25,3,3,1,"331",At Risk
12794,157,1,22,3,3,1,"331",At Risk
12236,201,1,35,3,3,1,"331",At Risk
15772,195,1,40,3,3,1,"331",At Risk
26707,195,1,34,3,3,1,"331",At Risk
22126,163,1,35,3,3,1,"331",At Risk
17718,195,1,32,3,3,1,"331",At Risk
24624,201,1,39,3,3,1,"331",At Risk
16856,155,1,14,3,3,1,"331",At Risk
27230,196,1,14,3,3,1,"331",At Risk
15001,195,1,31,3,3,1,"331",At Risk
12800,163,1,40,3,3,1,"331",At Risk
21686,195,1,10,3,3,1,"331",At Risk
29430,159,1,29,3,3,1,"331",At Risk
20593,155,1,31,3,3,1,"331",At Risk
28716,163,1,29,3,3,1,"331",At Risk
24514,196,1,37,3,3,1,"331",At Risk
13293,194,1,22,3,3,1,"331",At Risk
23025,155,1,30,3,3,1,"331",At Risk
14188,194,1,33,3,3,1,"331",At Risk
24263,202,1,35,3,3,1,"331",At Risk
13327,194,1,31,3,3,1,"331",At Risk
24588,194,1,14,3,3,1,"331",At Risk
20643,155,1,15,3,3,1,"331",At Risk
28538,159,1,36,3,3,1,"331",At Risk
21091,194,1,14,3,3,1,"331",At Risk
23440,194,1,34,3,3,1,"331",At Risk
17088,194,1,25,3,3,1,"331",At Risk
24280,197,1,28,3,3,1,"331",At Risk
20790,194,1,15,3,3,1,"331",At Risk
26969,196,1,24,3,3,1,"331",At Risk
27505,155,1,25,3,3,1,"331",At Risk
24511,155,1,37,3,3,1,"331",At Risk
28891,162,1,39,3,3,1,"331",At Risk
21273,193,1,15,3,3,1,"331",At Risk
26034,155,1,21,3,3,1,"331",At Risk
26471,155,1,25,3,3,1,"331",At Risk
26519,157,1,30,3,3,1,"331",At Risk
28816,162,1,27,3,3,1,"331",At Risk
21718,157,1,23,3,3,1,"331",At Risk
21175,193,1,35,3,3,1,"331",At Risk
21322,162,1,15,3,3,1,"331",At Risk
21841,195,1,25,3,3,1,"331",At Risk
28922,162,1,29,3,3,1,"331",At Risk
27303,192,1,29,3,3,1,"331",At Risk
21460,192,1,15,3,3,1,"331",At Risk
22304,192,1,37,3,3,1,"331",At Risk
21905,196,1,15,3,3,1,"331",At Risk
25283,192,1,39,3,3,1,"331",At Risk
26271,192,1,24,3,3,1,"331",At Risk
13395,196,1,22,3,3,1,"331",At Risk
13835,155,1,37,3,3,1,"331",At Risk
28944,162,1,24,3,3,1,"331",At Risk
26779,157,1,25,3,3,1,"331",At Risk
22546,162,1,30,3,3,1,"331",At Risk
25358,197,1,27,3,3,1,"331",At Risk
24962,192,1,33,3,3,1,"331",At Risk
26483,192,1,25,3,3,1,"331",At Risk
28229,162,1,28,3,3,1,"331",At Risk
25956,187,1,25,3,3,1,"331",At Risk
28994,187,1,25,3,3,1,"331",At Risk
17707,191,1,32,3,3,1,"331",At Risk
15510,161,1,40,3,3,1,"331",At Risk
26196,161,1,30,3,3,1,"331",At Risk
13902,202,1,22,3,3,1,"331",At Risk
15508,191,1,40,3,3,1,"331",At Risk
28984,191,1,29,3,3,1,"331",At Risk
24290,191,1,33,3,3,1,"331",At Risk
16939,161,1,30,3,3,1,"331",At Risk
26859,196,1,34,3,3,1,"331",At Risk
22838,196,1,30,3,3,1,"331",At Risk
22177,201,1,24,3,3,1,"331",At Risk
22815,155,1,13,3,3,1,"331",At Risk
27337,155,1,12,3,3,1,"331",At Risk
26408,155,1,39,3,3,1,"331",At Risk
20804,191,1,25,3,3,1,"331",At Risk
15608,155,1,40,3,3,1,"331",At Risk
27754,161,1,24,3,3,1,"331",At Risk
21079,191,1,37,3,3,1,"331",At Risk
24456,191,1,21,3,3,1,"331",At Risk
21526,161,1,30,3,3,1,"331",At Risk
27938,202,1,39,3,3,1,"331",At Risk
27311,196,1,34,3,3,1,"331",At Risk
23626,190,1,39,3,3,1,"331",At Risk
25931,190,1,27,3,3,1,"331",At Risk
22499,156,1,24,3,3,1,"331",At Risk
12617,196,1,39,3,3,1,"331",At Risk
19306,201,1,29,3,3,1,"331",At Risk
27822,190,1,34,3,3,1,"331",At Risk
27785,190,1,39,3,3,1,"331",At Risk
21804,190,1,15,3,3,1,"331",At Risk
24512,201,1,33,3,3,1,"331",At Risk
20724,190,1,25,3,3,1,"331",At Risk
19900,156,1,27,3,3,1,"331",At Risk
29226,196,1,39,3,3,1,"331",At Risk
14862,156,1,32,3,3,1,"331",At Risk
23090,161,1,37,3,3,1,"331",At Risk
12732,161,1,15,3,3,1,"331",At Risk
11553,161,1,21,3,3,1,"331",At Risk
18663,190,1,14,3,3,1,"331",At Risk
27430,190,1,33,3,3,1,"331",At Risk
23014,175,1,14,3,3,1,"331",At Risk
12445,175,1,22,3,3,1,"331",At Risk
21447,204,1,22,3,3,1,"331",At Risk
14563,190,1,40,3,3,1,"331",At Risk
11373,156,1,38,3,3,1,"331",At Risk
11557,175,1,21,3,3,1,"331",At Risk
12223,175,1,35,3,3,1,"331",At Risk
26912,204,1,28,3,3,1,"331",At Risk
14635,175,1,37,3,3,1,"331",At Risk
25276,174,1,39,3,3,1,"331",At Risk
22529,174,1,24,3,3,1,"331",At Risk
20721,174,1,25,3,3,1,"331",At Risk
19673,159,1,37,3,3,1,"331",At Risk
14093,160,1,31,3,3,1,"331",At Risk
24568,204,1,14,3,3,1,"331",At Risk
21345,175,1,30,3,3,1,"331",At Risk
24081,145,1,31,3,3,1,"331",At Risk
26476,176,1,30,3,3,1,"331",At Risk
28748,199,1,24,3,3,1,"331",At Risk
18020,160,1,39,3,3,1,"331",At Risk
21820,174,1,39,3,3,1,"331",At Risk
23890,158,1,32,3,3,1,"331",At Risk
29199,146,1,39,3,3,1,"331",At Risk
24935,146,1,39,3,3,1,"331",At Risk
25487,146,1,32,3,3,1,"331",At Risk
11469,174,1,25,3,3,1,"331",At Risk
22721,176,1,37,3,3,1,"331",At Risk
22056,145,1,35,3,3,1,"331",At Risk
27290,188,1,29,3,3,1,"331",At Risk
26177,145,1,29,3,3,1,"331",At Risk
26364,174,1,39,3,3,1,"331",At Risk
19079,174,1,25,3,3,1,"331",At Risk
23207,176,1,30,3,3,1,"331",At Risk
13297,188,1,22,3,3,1,"331",At Risk
13232,145,1,22,3,3,1,"331",At Risk
20094,176,1,14,3,3,1,"331",At Risk
25353,146,1,27,3,3,1,"331",At Risk
19906,174,1,14,3,3,1,"331",At Risk
25754,145,1,24,3,3,1,"331",At Risk
14706,146,1,25,3,3,1,"331",At Risk
22352,145,1,10,3,3,1,"331",At Risk
11602,204,1,35,3,3,1,"331",At Risk
23312,146,1,14,3,3,1,"331",At Risk
25255,176,1,33,3,3,1,"331",At Risk
21463,176,1,24,3,3,1,"331",At Risk
22834,146,1,13,3,3,1,"331",At Risk
28951,199,1,10,3,3,1,"331",At Risk
21481,145,1,10,3,3,1,"331",At Risk
21612,199,1,15,3,3,1,"331",At Risk
26269,160,1,14,3,3,1,"331",At Risk
14027,176,1,22,3,3,1,"331",At Risk
12971,203,1,22,3,3,1,"331",At Risk
21243,177,1,15,3,3,1,"331",At Risk
15837,199,1,40,3,3,1,"331",At Risk
23772,199,1,39,3,3,1,"331",At Risk
26522,177,1,25,3,3,1,"331",At Risk
13876,203,1,22,3,3,1,"331",At Risk
26679,199,1,30,3,3,1,"331",At Risk
27506,199,1,33,3,3,1,"331",At Risk
16498,145,1,40,3,3,1,"331",At Risk
26500,145,1,25,3,3,1,"331",At Risk
22070,177,1,15,3,3,1,"331",At Risk
27648,202,1,24,3,3,1,"331",At Risk
26451,199,1,27,3,3,1,"331",At Risk
24312,188,1,37,3,3,1,"331",At Risk
26636,188,1,36,3,3,1,"331",At Risk
19190,145,1,27,3,3,1,"331",At Risk
28463,145,1,21,3,3,1,"331",At Risk
18044,145,1,32,3,3,1,"331",At Risk
23792,198,1,33,3,3,1,"331",At Risk
11565,144,1,35,3,3,1,"331",At Risk
21049,198,1,32,3,3,1,"331",At Risk
15390,147,1,40,3,3,1,"331",At Risk
20809,156,1,32,3,3,1,"331",At Risk
28231,173,1,24,3,3,1,"331",At Risk
25914,156,1,38,3,3,1,"331",At Risk
21248,173,1,35,3,3,1,"331",At Risk
24320,173,1,39,3,3,1,"331",At Risk
27145,173,1,35,3,3,1,"331",At Risk
23027,173,1,37,3,3,1,"331",At Risk
18623,173,1,37,3,3,1,"331",At Risk
23192,147,1,32,3,3,1,"331",At Risk
17724,172,1,37,3,3,1,"331",At Risk
15270,177,1,40,3,3,1,"331",At Risk
12767,160,1,35,3,3,1,"331",At Risk
19251,177,1,27,3,3,1,"331",At Risk
15747,147,1,40,3,3,1,"331",At Risk
27248,172,1,36,3,3,1,"331",At Risk
27627,172,1,36,3,3,1,"331",At Risk
20449,204,1,10,3,3,1,"331",At Risk
26502,148,1,27,3,3,1,"331",At Risk
17215,144,1,32,3,3,1,"331",At Risk
17758,188,1,32,3,3,1,"331",At Risk
27832,172,1,21,3,3,1,"331",At Risk
20951,172,1,37,3,3,1,"331",At Risk
13825,158,1,37,3,3,1,"331",At Risk
13879,144,1,22,3,3,1,"331",At Risk
22498,172,1,36,3,3,1,"331",At Risk
23627,144,1,39,3,3,1,"331",At Risk
25983,172,1,30,3,3,1,"331",At Risk
25631,144,1,39,3,3,1,"331",At Risk
24867,178,1,21,3,3,1,"331",At Risk
28228,148,1,21,3,3,1,"331",At Risk
25024,172,1,33,3,3,1,"331",At Risk
26798,178,1,29,3,3,1,"331",At Risk
17341,148,1,36,3,3,1,"331",At Risk
24062,178,1,29,3,3,1,"331",At Risk
17599,178,1,14,3,3,1,"331",At Risk
25472,178,1,28,3,3,1,"331",At Risk
25496,172,1,14,3,3,1,"331",At Risk
17108,148,1,25,3,3,1,"331",At Risk
29220,178,1,25,3,3,1,"331",At Risk
26586,198,1,29,3,3,1,"331",At Risk
20968,203,1,35,3,3,1,"331",At Risk
28373,178,1,39,3,3,1,"331",At Risk
21639,172,1,10,3,3,1,"331",At Risk
29349,189,1,39,3,3,1,"331",At Risk
17692,148,1,14,3,3,1,"331",At Risk
19461,144,1,25,3,3,1,"331",At Risk
23737,171,1,35,3,3,1,"331",At Risk
23685,148,1,30,3,3,1,"331",At Risk
22512,171,1,30,3,3,1,"331",At Risk
28218,144,1,19,3,3,1,"331",At Risk
23911,144,1,36,3,3,1,"331",At Risk
22085,178,1,35,3,3,1,"331",At Risk
21867,143,1,14,3,3,1,"331",At Risk
25195,171,1,37,3,3,1,"331",At Risk
13943,148,1,37,3,3,1,"331",At Risk
27391,199,1,34,3,3,1,"331",At Risk
17888,143,1,30,3,3,1,"331",At Risk
26383,179,1,34,3,3,1,"331",At Risk
26982,179,1,29,3,3,1,"331",At Risk
25345,143,1,25,3,3,1,"331",At Risk
21578,157,1,17,3,3,1,"331",At Risk
20388,148,1,10,3,3,1,"331",At Risk
21716,143,1,15,3,3,1,"331",At Risk
27394,148,1,30,3,3,1,"331",At Risk
14190,198,1,37,3,3,1,"331",At Risk
27426,179,1,24,3,3,1,"331",At Risk
11393,198,1,14,3,3,1,"331",At Risk
15545,198,1,40,3,3,1,"331",At Risk
23052,179,1,30,3,3,1,"331",At Risk
14918,179,1,13,3,3,1,"331",At Risk
20533,179,1,32,3,3,1,"331",At Risk
11411,179,1,38,3,3,1,"331",At Risk
26095,171,1,15,3,3,1,"331",At Risk
27003,149,1,21,3,3,1,"331",At Risk
28453,180,1,36,3,3,1,"331",At Risk
17179,198,1,29,3,3,1,"331",At Risk
29330,143,1,39,3,3,1,"331",At Risk
16153,171,1,40,3,3,1,"331",At Risk
22725,180,1,39,3,3,1,"331",At Risk
19250,180,1,31,3,3,1,"331",At Risk
23297,149,1,37,3,3,1,"331",At Risk
21636,189,1,15,3,3,1,"331",At Risk
27503,180,1,21,3,3,1,"331",At Risk
25352,149,1,30,3,3,1,"331",At Risk
21724,202,1,15,3,3,1,"331",At Risk
24227,187,1,35,3,3,1,"331",At Risk
21118,198,1,35,3,3,1,"331",At Risk
24774,204,1,33,3,3,1,"331",At Risk
21338,170,1,24,3,3,1,"331",At Risk
27225,143,1,28,3,3,1,"331",At Risk
23191,199,1,35,3,3,1,"331",At Risk
21938,170,1,15,3,3,1,"331",At Risk
14959,142,1,40,3,3,1,"331",At Risk
12952,170,1,37,3,3,1,"331",At Risk
19358,142,1,14,3,3,1,"331",At Risk
26583,199,1,36,3,3,1,"331",At Risk
22764,149,1,30,3,3,1,"331",At Risk
18761,160,1,14,3,3,1,"331",At Risk
23740,180,1,37,3,3,1,"331",At Risk
17832,170,1,25,3,3,1,"331",At Risk
20599,170,1,32,3,3,1,"331",At Risk
22561,189,1,25,3,3,1,"331",At Risk
17884,180,1,30,3,3,1,"331",At Risk
17155,181,1,14,3,3,1,"331",At Risk
23637,142,1,28,3,3,1,"331",At Risk
23201,170,1,30,3,3,1,"331",At Risk
23786,204,1,39,3,3,1,"331",At Risk
24650,149,1,37,3,3,1,"331",At Risk
20415,170,1,14,3,3,1,"331",At Risk
20907,170,1,32,3,3,1,"331",At Risk
14600,142,1,40,3,3,1,"331",At Risk
15819,142,1,31,3,3,1,"331",At Risk
15271,149,1,40,3,3,1,"331",At Risk
17995,149,1,27,3,3,1,"331",At Risk
21005,170,1,25,3,3,1,"331",At Risk
25269,142,1,24,3,3,1,"331",At Risk
27018,170,1,34,3,3,1,"331",At Risk
24599,170,1,27,3,3,1,"331",At Risk
25607,167,1,1253,3,2,4,"324",At Risk
17533,187,1,1736,3,2,4,"324",At Risk
12785,186,1,2295,3,2,4,"324",At Risk
26379,197,1,1784,3,2,4,"324",At Risk
17497,186,1,1717,3,2,4,"324",At Risk
17034,186,1,1751,3,2,4,"324",At Risk
17565,185,1,1751,3,2,4,"324",At Risk
24653,185,1,2393,3,2,4,"324",At Risk
26977,185,1,1284,3,2,4,"324",At Risk
17677,183,1,1736,3,2,4,"324",At Risk
17609,182,1,1726,3,2,4,"324",At Risk
23699,181,1,1274,3,2,4,"324",At Risk
17566,198,1,1736,3,2,4,"324",At Risk
17620,180,1,1701,3,2,4,"324",At Risk
22313,180,1,1736,3,2,4,"324",At Risk
27878,180,1,1284,3,2,4,"324",At Risk
25432,198,1,1250,3,2,4,"324",At Risk
17147,179,1,1701,3,2,4,"324",At Risk
17662,179,1,1764,3,2,4,"324",At Risk
24209,179,1,1736,3,2,4,"324",At Risk
26390,179,1,1726,3,2,4,"324",At Risk
17659,179,1,1710,3,2,4,"324",At Risk
20700,179,1,1243,3,2,4,"324",At Risk
20709,178,1,1730,3,2,4,"324",At Risk
17615,177,1,1764,3,2,4,"324",At Risk
27004,177,1,1265,3,2,4,"324",At Risk
17608,177,1,1701,3,2,4,"324",At Risk
22416,177,1,1765,3,2,4,"324",At Risk
22320,177,1,1736,3,2,4,"324",At Risk
17661,177,1,1710,3,2,4,"324",At Risk
22311,199,1,1739,3,2,4,"324",At Risk
17660,176,1,1715,3,2,4,"324",At Risk
17568,176,1,1715,3,2,4,"324",At Risk
17574,176,1,1710,3,2,4,"324",At Risk
17617,176,1,1755,3,2,4,"324",At Risk
20703,175,1,1736,3,2,4,"324",At Risk
17614,174,1,1701,3,2,4,"324",At Risk
25606,174,1,1250,3,2,4,"324",At Risk
22418,174,1,1732,3,2,4,"324",At Risk
26963,199,1,1238,3,2,4,"324",At Risk
25421,199,1,1250,3,2,4,"324",At Risk
22396,173,1,1726,3,2,4,"324",At Risk
17600,173,1,1775,3,2,4,"324",At Risk
16906,173,1,2360,3,2,4,"324",At Risk
13027,172,1,2319,3,2,4,"324",At Risk
27879,172,1,1313,3,2,4,"324",At Risk
22321,171,1,1701,3,2,4,"324",At Risk
17025,199,1,1710,3,2,4,"324",At Risk
17572,170,1,1736,3,2,4,"324",At Risk
17596,170,1,1751,3,2,4,"324",At Risk
22309,170,1,1786,3,2,4,"324",At Risk
25602,170,1,1764,3,2,4,"324",At Risk
17573,170,1,1736,3,2,4,"324",At Risk
24383,169,1,2384,3,2,4,"324",At Risk
25840,200,1,1250,3,2,4,"324",At Risk
24764,169,1,2398,3,2,4,"324",At Risk
17667,168,1,1760,3,2,4,"324",At Risk
24762,168,1,2393,3,2,4,"324",At Risk
25498,168,1,1786,3,2,4,"324",At Risk
17576,167,1,1751,3,2,4,"324",At Risk
17263,166,1,1701,3,2,4,"324",At Risk
17571,166,1,1764,3,2,4,"324",At Risk
17621,164,1,1732,3,2,4,"324",At Risk
22437,164,1,1739,3,2,4,"324",At Risk
24701,164,1,1745,3,2,4,"324",At Risk
20707,164,1,1751,3,2,4,"324",At Risk
24756,164,1,2398,3,2,4,"324",At Risk
17575,163,1,1736,3,2,4,"324",At Risk
17597,163,1,1724,3,2,4,"324",At Risk
21679,201,1,1701,3,2,4,"324",At Risk
25617,162,1,1250,3,2,4,"324",At Risk
25613,160,1,1250,3,2,4,"324",At Risk
25497,160,1,1701,3,2,4,"324",At Risk
26386,160,1,1775,3,2,4,"324",At Risk
21139,158,1,1736,3,2,4,"324",At Risk
17148,157,1,1775,3,2,4,"324",At Risk
24688,156,1,2393,3,2,4,"324",At Risk
17666,156,1,1736,3,2,4,"324",At Risk
25600,155,1,1269,3,2,4,"324",At Risk
20706,155,1,1760,3,2,4,"324",At Risk
24208,155,1,1710,3,2,4,"324",At Risk
22427,154,1,1701,3,2,4,"324",At Risk
17403,154,1,2322,3,2,4,"324",At Risk
22502,154,1,1736,3,2,4,"324",At Risk
22504,154,1,1736,3,2,4,"324",At Risk
24709,154,1,1736,3,2,4,"324",At Risk
16007,154,1,2330,3,2,4,"324",At Risk
22452,154,1,1736,3,2,4,"324",At Risk
25658,154,1,1736,3,2,4,"324",At Risk
26398,153,1,1759,3,2,4,"324",At Risk
25619,153,1,1274,3,2,4,"324",At Risk
22433,153,1,1765,3,2,4,"324",At Risk
25635,152,1,1755,3,2,4,"324",At Risk
22429,152,1,1778,3,2,4,"324",At Risk
13209,152,1,2320,3,2,4,"324",At Risk
18108,151,1,1736,3,2,4,"324",At Risk
17678,151,1,1736,3,2,4,"324",At Risk
18060,151,1,1701,3,2,4,"324",At Risk
17345,150,1,1765,3,2,4,"324",At Risk
27120,150,1,1265,3,2,4,"324",At Risk
17690,150,1,1701,3,2,4,"324",At Risk
17870,150,1,1701,3,2,4,"324",At Risk
18057,150,1,1701,3,2,4,"324",At Risk
17388,149,1,1764,3,2,4,"324",At Risk
17037,148,1,2335,3,2,4,"324",At Risk
18080,148,1,1738,3,2,4,"324",At Risk
21265,148,1,1730,3,2,4,"324",At Risk
23276,203,1,2393,3,2,4,"324",At Risk
13241,148,1,2326,3,2,4,"324",At Risk
20682,203,1,1736,3,2,4,"324",At Risk
18056,146,1,1726,3,2,4,"324",At Risk
18120,146,1,1726,3,2,4,"324",At Risk
18096,146,1,1736,3,2,4,"324",At Risk
18098,146,1,1755,3,2,4,"324",At Risk
17869,146,1,1760,3,2,4,"324",At Risk
17860,146,1,1778,3,2,4,"324",At Risk
15999,146,1,2355,3,2,4,"324",At Risk
17864,145,1,1751,3,2,4,"324",At Risk
21267,145,1,1736,3,2,4,"324",At Risk
18059,145,1,1715,3,2,4,"324",At Risk
17116,204,1,1765,3,2,4,"324",At Risk
15998,144,1,2372,3,2,4,"324",At Risk
17175,143,1,2335,3,2,4,"324",At Risk
16079,143,1,2325,3,2,4,"324",At Risk
17862,143,1,1751,3,2,4,"324",At Risk
18050,143,1,1751,3,2,4,"324",At Risk
22503,143,1,1775,3,2,4,"324",At Risk
26209,143,1,2384,3,2,4,"324",At Risk
25737,142,1,1765,3,2,4,"324",At Risk
22302,204,1,1764,3,2,4,"324",At Risk
24787,141,1,2393,3,2,4,"324",At Risk
16078,141,1,2384,3,2,4,"324",At Risk
17400,141,1,2332,3,2,4,"324",At Risk
17866,141,1,1736,3,2,4,"324",At Risk
18086,141,1,1724,3,2,4,"324",At Risk
18088,140,1,1736,3,2,4,"324",At Risk
17372,140,1,1730,3,2,4,"324",At Risk
18049,139,1,1786,3,2,4,"324",At Risk
17859,138,1,1736,3,2,4,"324",At Risk
25311,137,1,1736,3,2,4,"324",At Risk
13271,137,1,2320,3,2,4,"324",At Risk
18079,136,1,1701,3,2,4,"324",At Risk
17622,136,1,2375,3,2,4,"324",At Risk
25462,205,1,1765,3,2,4,"324",At Risk
17681,136,1,1736,3,2,4,"324",At Risk
18121,136,1,1793,3,2,4,"324",At Risk
24833,135,1,1755,3,2,4,"324",At Risk
22446,135,1,1739,3,2,4,"324",At Risk
17559,205,1,1750,3,2,4,"324",At Risk
17868,135,1,1736,3,2,4,"324",At Risk
18052,135,1,1736,3,2,4,"324",At Risk
13217,135,1,2352,3,2,4,"324",At Risk
22451,134,1,1710,3,2,4,"324",At Risk
17373,134,1,1736,3,2,4,"324",At Risk
22422,134,1,1736,3,2,4,"324",At Risk
17402,133,1,2305,3,2,4,"324",At Risk
18084,133,1,1775,3,2,4,"324",At Risk
25651,132,1,1786,3,2,4,"324",At Risk
12903,206,1,2332,3,2,4,"324",At Risk
13358,132,1,2387,3,2,4,"324",At Risk
25593,195,1,1265,3,2,4,"324",At Risk
25420,194,1,1269,3,2,4,"324",At Risk
20702,194,1,1751,3,2,4,"324",At Risk
26974,193,1,1293,3,2,4,"324",At Risk
17548,193,1,1701,3,2,4,"324",At Risk
17561,191,1,1736,3,2,4,"324",At Risk
25436,191,1,1244,3,2,4,"324",At Risk
25492,191,1,1765,3,2,4,"324",At Risk
12902,191,1,2330,3,2,4,"324",At Risk
24685,191,1,2393,3,2,4,"324",At Risk
20684,189,1,1730,3,2,4,"324",At Risk
21246,135,1,1195,3,2,3,"323",At Risk
29186,135,1,603,3,2,3,"323",At Risk
23398,134,1,554,3,2,3,"323",At Risk
18934,134,1,124,3,2,3,"323",At Risk
16220,190,1,563,3,2,3,"323",At Risk
28686,134,1,800,3,2,3,"323",At Risk
19812,156,1,590,3,2,3,"323",At Risk
19806,157,1,120,3,2,3,"323",At Risk
20787,134,1,1134,3,2,3,"323",At Risk
16068,134,1,564,3,2,3,"323",At Risk
28396,164,1,1155,3,2,3,"323",At Risk
21881,134,1,129,3,2,3,"323",At Risk
19203,134,1,540,3,2,3,"323",At Risk
29729,154,1,324,3,2,3,"323",At Risk
20061,190,1,1174,3,2,3,"323",At Risk
29081,190,1,742,3,2,3,"323",At Risk
22641,134,1,589,3,2,3,"323",At Risk
23257,201,1,540,3,2,3,"323",At Risk
20877,134,1,1120,3,2,3,"323",At Risk
26959,134,1,564,3,2,3,"323",At Risk
23187,134,1,575,3,2,3,"323",At Risk
23475,205,1,122,3,2,3,"323",At Risk
15975,134,1,166,3,2,3,"323",At Risk
27690,134,1,575,3,2,3,"323",At Risk
24060,134,1,603,3,2,3,"323",At Risk
23296,161,1,570,3,2,3,"323",At Risk
22471,191,1,561,3,2,3,"323",At Risk
14905,133,1,164,3,2,3,"323",At Risk
26966,187,1,589,3,2,3,"323",At Risk
22298,190,1,578,3,2,3,"323",At Risk
26719,197,1,128,3,2,3,"323",At Risk
20582,187,1,142,3,2,3,"323",At Risk
26892,190,1,554,3,2,3,"323",At Risk
20145,202,1,1184,3,2,3,"323",At Risk
20463,195,1,1148,3,2,3,"323",At Risk
19723,197,1,575,3,2,3,"323",At Risk
24213,133,1,1214,3,2,3,"323",At Risk
27138,131,1,777,3,2,3,"323",At Risk
20768,133,1,1170,3,2,3,"323",At Risk
29459,133,1,805,3,2,3,"323",At Risk
22593,157,1,554,3,2,3,"323",At Risk
23900,161,1,540,3,2,3,"323",At Risk
18542,206,1,124,3,2,3,"323",At Risk
16217,154,1,125,3,2,3,"323",At Risk
23238,206,1,617,3,2,3,"323",At Risk
23515,132,1,540,3,2,3,"323",At Risk
28501,158,1,786,3,2,3,"323",At Risk
23391,131,1,613,3,2,3,"323",At Risk
23384,131,1,549,3,2,3,"323",At Risk
19145,132,1,133,3,2,3,"323",At Risk
21847,190,1,188,3,2,3,"323",At Risk
24036,132,1,608,3,2,3,"323",At Risk
27798,201,1,1174,3,2,3,"323",At Risk
23403,131,1,554,3,2,3,"323",At Risk
19228,132,1,124,3,2,3,"323",At Risk
20422,206,1,1134,3,2,3,"323",At Risk
22649,132,1,589,3,2,3,"323",At Risk
16102,132,1,564,3,2,3,"323",At Risk
27123,158,1,777,3,2,3,"323",At Risk
19841,132,1,604,3,2,3,"323",At Risk
24193,132,1,1199,3,2,3,"323",At Risk
20351,132,1,120,3,2,3,"323",At Risk
22718,186,1,600,3,2,3,"323",At Risk
22993,158,1,565,3,2,3,"323",At Risk
18917,132,1,608,3,2,3,"323",At Risk
19837,132,1,590,3,2,3,"323",At Risk
22892,158,1,561,3,2,3,"323",At Risk
18649,164,1,603,3,2,3,"323",At Risk
23616,132,1,819,3,2,3,"323",At Risk
23404,132,1,625,3,2,3,"323",At Risk
18650,158,1,561,3,2,3,"323",At Risk
23266,201,1,604,3,2,3,"323",At Risk
18471,196,1,540,3,2,3,"323",At Risk
25614,161,1,1229,3,2,3,"323",At Risk
22349,166,1,125,3,2,3,"323",At Risk
22719,196,1,568,3,2,3,"323",At Risk
24069,189,1,1174,3,2,3,"323",At Risk
27811,194,1,1155,3,2,3,"323",At Risk
21640,194,1,124,3,2,3,"323",At Risk
26976,194,1,791,3,2,3,"323",At Risk
22722,194,1,563,3,2,3,"323",At Risk
14640,187,1,812,3,2,3,"323",At Risk
27134,152,1,777,3,2,3,"323",At Risk
23788,161,1,1215,3,2,3,"323",At Risk
23399,154,1,561,3,2,3,"323",At Risk
23338,166,1,568,3,2,3,"323",At Risk
23382,154,1,600,3,2,3,"323",At Risk
12496,163,1,205,3,2,3,"323",At Risk
23392,154,1,554,3,2,3,"323",At Risk
27809,196,1,1164,3,2,3,"323",At Risk
23269,187,1,575,3,2,3,"323",At Risk
24054,191,1,1174,3,2,3,"323",At Risk
20652,165,1,1174,3,2,3,"323",At Risk
24025,154,1,578,3,2,3,"323",At Risk
28336,163,1,139,3,2,3,"323",At Risk
29097,163,1,549,3,2,3,"323",At Risk
22601,161,1,565,3,2,3,"323",At Risk
18648,166,1,557,3,2,3,"323",At Risk
24055,193,1,1170,3,2,3,"323",At Risk
22679,152,1,612,3,2,3,"323",At Risk
24837,166,1,588,3,2,3,"323",At Risk
23195,200,1,639,3,2,3,"323",At Risk
27125,166,1,608,3,2,3,"323",At Risk
23161,152,1,575,3,2,3,"323",At Risk
23073,167,1,540,3,2,3,"323",At Risk
23372,152,1,554,3,2,3,"323",At Risk
20844,167,1,1155,3,2,3,"323",At Risk
23036,167,1,625,3,2,3,"323",At Risk
27501,203,1,578,3,2,3,"323",At Risk
18943,156,1,903,3,2,3,"323",At Risk
23293,151,1,152,3,2,3,"323",At Risk
24044,193,1,1174,3,2,3,"323",At Risk
23898,200,1,603,3,2,3,"323",At Risk
23268,193,1,568,3,2,3,"323",At Risk
21152,151,1,1134,3,2,3,"323",At Risk
14907,153,1,127,3,2,3,"323",At Risk
26962,195,1,554,3,2,3,"323",At Risk
22872,196,1,540,3,2,3,"323",At Risk
23358,167,1,562,3,2,3,"323",At Risk
27137,167,1,617,3,2,3,"323",At Risk
23056,167,1,599,3,2,3,"323",At Risk
24051,203,1,1170,3,2,3,"323",At Risk
20654,167,1,1170,3,2,3,"323",At Risk
23510,151,1,554,3,2,3,"323",At Risk
23189,151,1,600,3,2,3,"323",At Risk
27598,151,1,556,3,2,3,"323",At Risk
23960,168,1,600,3,2,3,"323",At Risk
28548,151,1,751,3,2,3,"323",At Risk
27692,151,1,603,3,2,3,"323",At Risk
16067,151,1,665,3,2,3,"323",At Risk
27511,189,1,549,3,2,3,"323",At Risk
28139,151,1,127,3,2,3,"323",At Risk
21343,153,1,1170,3,2,3,"323",At Risk
23902,168,1,564,3,2,3,"323",At Risk
20735,168,1,1120,3,2,3,"323",At Risk
20526,187,1,1170,3,2,3,"323",At Risk
24978,200,1,155,3,2,3,"323",At Risk
29087,169,1,810,3,2,3,"323",At Risk
27709,150,1,629,3,2,3,"323",At Risk
19718,200,1,580,3,2,3,"323",At Risk
28509,169,1,777,3,2,3,"323",At Risk
28531,150,1,751,3,2,3,"323",At Risk
20846,156,1,1174,3,2,3,"323",At Risk
28684,150,1,777,3,2,3,"323",At Risk
23021,169,1,564,3,2,3,"323",At Risk
27121,200,1,540,3,2,3,"323",At Risk
23035,169,1,562,3,2,3,"323",At Risk
28534,197,1,603,3,2,3,"323",At Risk
27585,169,1,563,3,2,3,"323",At Risk
27159,153,1,791,3,2,3,"323",At Risk
19636,150,1,133,3,2,3,"323",At Risk
23168,150,1,540,3,2,3,"323",At Risk
20395,200,1,1180,3,2,3,"323",At Risk
20661,169,1,1174,3,2,3,"323",At Risk
15995,169,1,609,3,2,3,"323",At Risk
27928,156,1,1120,3,2,3,"323",At Risk
19700,153,1,120,3,2,3,"323",At Risk
24187,170,1,1155,3,2,3,"323",At Risk
24058,160,1,1164,3,2,3,"323",At Risk
16457,170,1,150,3,2,3,"323",At Risk
23017,170,1,564,3,2,3,"323",At Risk
26979,149,1,589,3,2,3,"323",At Risk
15326,170,1,173,3,2,3,"323",At Risk
19882,200,1,124,3,2,3,"323",At Risk
23239,200,1,540,3,2,3,"323",At Risk
19714,200,1,549,3,2,3,"323",At Risk
29453,149,1,742,3,2,3,"323",At Risk
20678,170,1,1155,3,2,3,"323",At Risk
20647,170,1,1155,3,2,3,"323",At Risk
23326,165,1,561,3,2,3,"323",At Risk
24049,149,1,575,3,2,3,"323",At Risk
18989,153,1,133,3,2,3,"323",At Risk
23015,170,1,564,3,2,3,"323",At Risk
23170,149,1,575,3,2,3,"323",At Risk
22749,203,1,600,3,2,3,"323",At Risk
23174,149,1,554,3,2,3,"323",At Risk
24059,149,1,584,3,2,3,"323",At Risk
19721,199,1,564,3,2,3,"323",At Risk
27141,171,1,575,3,2,3,"323",At Risk
16061,171,1,592,3,2,3,"323",At Risk
23042,171,1,590,3,2,3,"323",At Risk
21102,149,1,793,3,2,3,"323",At Risk
22790,189,1,575,3,2,3,"323",At Risk
22925,149,1,135,3,2,3,"323",At Risk
19838,149,1,605,3,2,3,"323",At Risk
20019,148,1,129,3,2,3,"323",At Risk
20765,171,1,1180,3,2,3,"323",At Risk
13803,171,1,186,3,2,3,"323",At Risk
27122,171,1,786,3,2,3,"323",At Risk
22206,171,1,201,3,2,3,"323",At Risk
28376,188,1,1134,3,2,3,"323",At Risk
18873,172,1,129,3,2,3,"323",At Risk
24101,203,1,1170,3,2,3,"323",At Risk
23047,172,1,554,3,2,3,"323",At Risk
29342,172,1,802,3,2,3,"323",At Risk
27877,203,1,1229,3,2,3,"323",At Risk
29094,172,1,796,3,2,3,"323",At Risk
27789,153,1,554,3,2,3,"323",At Risk
20016,172,1,133,3,2,3,"323",At Risk
22490,172,1,549,3,2,3,"323",At Risk
20858,153,1,1155,3,2,3,"323",At Risk
18651,172,1,608,3,2,3,"323",At Risk
18656,148,1,564,3,2,3,"323",At Risk
18916,148,1,659,3,2,3,"323",At Risk
27171,172,1,589,3,2,3,"323",At Risk
20701,156,1,1155,3,2,3,"323",At Risk
28521,148,1,1164,3,2,3,"323",At Risk
18653,147,1,554,3,2,3,"323",At Risk
27119,147,1,1229,3,2,3,"323",At Risk
23383,147,1,600,3,2,3,"323",At Risk
23041,172,1,561,3,2,3,"323",At Risk
23393,147,1,615,3,2,3,"323",At Risk
23371,147,1,564,3,2,3,"323",At Risk
28364,173,1,1170,3,2,3,"323",At Risk
23032,165,1,549,3,2,3,"323",At Risk
27790,147,1,563,3,2,3,"323",At Risk
29452,173,1,742,3,2,3,"323",At Risk
23059,173,1,600,3,2,3,"323",At Risk
22782,192,1,568,3,2,3,"323",At Risk
27691,147,1,603,3,2,3,"323",At Risk
27786,147,1,575,3,2,3,"323",At Risk
23905,163,1,575,3,2,3,"323",At Risk
18822,173,1,120,3,2,3,"323",At Risk
22873,193,1,540,3,2,3,"323",At Risk
23450,147,1,578,3,2,3,"323",At Risk
21146,147,1,1155,3,2,3,"323",At Risk
20059,199,1,1170,3,2,3,"323",At Risk
16019,173,1,574,3,2,3,"323",At Risk
22515,173,1,554,3,2,3,"323",At Risk
23175,147,1,570,3,2,3,"323",At Risk
27581,173,1,540,3,2,3,"323",At Risk
20785,147,1,1145,3,2,3,"323",At Risk
23390,147,1,540,3,2,3,"323",At Risk
25369,146,1,157,3,2,3,"323",At Risk
20973,146,1,194,3,2,3,"323",At Risk
23365,146,1,540,3,2,3,"323",At Risk
23136,146,1,575,3,2,3,"323",At Risk
29460,146,1,751,3,2,3,"323",At Risk
21087,146,1,819,3,2,3,"323",At Risk
21150,146,1,1170,3,2,3,"323",At Risk
24217,146,1,1209,3,2,3,"323",At Risk
20437,202,1,1155,3,2,3,"323",At Risk
23933,174,1,564,3,2,3,"323",At Risk
20645,174,1,1143,3,2,3,"323",At Risk
23339,174,1,575,3,2,3,"323",At Risk
20328,165,1,120,3,2,3,"323",At Risk
18942,199,1,889,3,2,3,"323",At Risk
27932,174,1,123,3,2,3,"323",At Risk
21530,175,1,129,3,2,3,"323",At Risk
29095,175,1,777,3,2,3,"323",At Risk
24184,175,1,1155,3,2,3,"323",At Risk
24050,193,1,1164,3,2,3,"323",At Risk
20715,175,1,196,3,2,3,"323",At Risk
19681,199,1,1180,3,2,3,"323",At Risk
20853,165,1,1148,3,2,3,"323",At Risk
27583,175,1,554,3,2,3,"323",At Risk
23917,175,1,554,3,2,3,"323",At Risk
27582,175,1,562,3,2,3,"323",At Risk
19740,175,1,590,3,2,3,"323",At Risk
21541,146,1,150,3,2,3,"323",At Risk
29096,176,1,575,3,2,3,"323",At Risk
22612,176,1,562,3,2,3,"323",At Risk
21342,176,1,1155,3,2,3,"323",At Risk
23356,176,1,589,3,2,3,"323",At Risk
22997,165,1,608,3,2,3,"323",At Risk
22626,176,1,565,3,2,3,"323",At Risk
24822,176,1,196,3,2,3,"323",At Risk
28045,145,1,120,3,2,3,"323",At Risk
24212,145,1,1155,3,2,3,"323",At Risk
28405,176,1,1155,3,2,3,"323",At Risk
23082,176,1,603,3,2,3,"323",At Risk
23355,176,1,603,3,2,3,"323",At Risk
19736,199,1,664,3,2,3,"323",At Risk
29067,176,1,540,3,2,3,"323",At Risk
23033,165,1,589,3,2,3,"323",At Risk
23264,193,1,540,3,2,3,"323",At Risk
14877,145,1,889,3,2,3,"323",At Risk
16022,177,1,590,3,2,3,"323",At Risk
29088,177,1,756,3,2,3,"323",At Risk
28505,161,1,827,3,2,3,"323",At Risk
23982,177,1,549,3,2,3,"323",At Risk
18473,177,1,127,3,2,3,"323",At Risk
20750,160,1,1184,3,2,3,"323",At Risk
19824,145,1,629,3,2,3,"323",At Risk
23226,199,1,589,3,2,3,"323",At Risk
26048,189,1,191,3,2,3,"323",At Risk
20484,193,1,1152,3,2,3,"323",At Risk
18673,204,1,129,3,2,3,"323",At Risk
24850,145,1,625,3,2,3,"323",At Risk
29445,145,1,183,3,2,3,"323",At Risk
20677,177,1,1184,3,2,3,"323",At Risk
22151,144,1,133,3,2,3,"323",At Risk
23903,177,1,540,3,2,3,"323",At Risk
20650,178,1,1174,3,2,3,"323",At Risk
20481,187,1,1170,3,2,3,"323",At Risk
24565,198,1,575,3,2,3,"323",At Risk
20755,166,1,1164,3,2,3,"323",At Risk
22655,198,1,565,3,2,3,"323",At Risk
14874,144,1,804,3,2,3,"323",At Risk
24017,144,1,554,3,2,3,"323",At Risk
27706,144,1,554,3,2,3,"323",At Risk
20525,204,1,1155,3,2,3,"323",At Risk
16080,144,1,567,3,2,3,"323",At Risk
24186,178,1,1148,3,2,3,"323",At Risk
27379,178,1,152,3,2,3,"323",At Risk
23394,144,1,540,3,2,3,"323",At Risk
29456,144,1,765,3,2,3,"323",At Risk
20693,156,1,1155,3,2,3,"323",At Risk
20657,164,1,1193,3,2,3,"323",At Risk
23016,178,1,561,3,2,3,"323",At Risk
20379,178,1,124,3,2,3,"323",At Risk
24027,143,1,562,3,2,3,"323",At Risk
29091,179,1,756,3,2,3,"323",At Risk
20699,179,1,1209,3,2,3,"323",At Risk
22685,189,1,600,3,2,3,"323",At Risk
28513,155,1,811,3,2,3,"323",At Risk
20686,179,1,1152,3,2,3,"323",At Risk
21335,179,1,1183,3,2,3,"323",At Risk
24382,188,1,144,3,2,3,"323",At Risk
20855,179,1,1155,3,2,3,"323",At Risk
20685,156,1,1155,3,2,3,"323",At Risk
22495,179,1,608,3,2,3,"323",At Risk
21144,143,1,1188,3,2,3,"323",At Risk
20401,191,1,1184,3,2,3,"323",At Risk
21334,179,1,1155,3,2,3,"323",At Risk
27140,166,1,576,3,2,3,"323",At Risk
21155,143,1,1155,3,2,3,"323",At Risk
14631,198,1,848,3,2,3,"323",At Risk
19737,189,1,622,3,2,3,"323",At Risk
21761,198,1,135,3,2,3,"323",At Risk
23081,180,1,609,3,2,3,"323",At Risk
23318,180,1,561,3,2,3,"323",At Risk
21767,180,1,124,3,2,3,"323",At Risk
22678,198,1,654,3,2,3,"323",At Risk
19814,180,1,590,3,2,3,"323",At Risk
27796,180,1,1134,3,2,3,"323",At Risk
29006,180,1,151,3,2,3,"323",At Risk
18949,164,1,802,3,2,3,"323",At Risk
16065,142,1,572,3,2,3,"323",At Risk
23270,181,1,617,3,2,3,"323",At Risk
23369,142,1,609,3,2,3,"323",At Risk
29098,181,1,629,3,2,3,"323",At Risk
21107,142,1,807,3,2,3,"323",At Risk
24202,154,1,1120,3,2,3,"323",At Risk
27514,192,1,540,3,2,3,"323",At Risk
22788,201,1,604,3,2,3,"323",At Risk
26759,198,1,124,3,2,3,"323",At Risk
29086,204,1,805,3,2,3,"323",At Risk
20674,181,1,1143,3,2,3,"323",At Risk
27998,142,1,144,3,2,3,"323",At Risk
20653,181,1,1155,3,2,3,"323",At Risk
21153,142,1,1148,3,2,3,"323",At Risk
26992,191,1,584,3,2,3,"323",At Risk
27781,156,1,575,3,2,3,"323",At Risk
27693,142,1,540,3,2,3,"323",At Risk
23977,181,1,124,3,2,3,"323",At Risk
20399,193,1,1184,3,2,3,"323",At Risk
20675,181,1,1155,3,2,3,"323",At Risk
20782,142,1,1197,3,2,3,"323",At Risk
21151,142,1,1155,3,2,3,"323",At Risk
23302,165,1,554,3,2,3,"323",At Risk
19675,142,1,199,3,2,3,"323",At Risk
26955,182,1,565,3,2,3,"323",At Risk
27778,182,1,540,3,2,3,"323",At Risk
21626,141,1,135,3,2,3,"323",At Risk
20857,141,1,1120,3,2,3,"323",At Risk
19804,182,1,124,3,2,3,"323",At Risk
21264,141,1,1120,3,2,3,"323",At Risk
22999,182,1,554,3,2,3,"323",At Risk
23125,182,1,603,3,2,3,"323",At Risk
23287,182,1,609,3,2,3,"323",At Risk
22789,197,1,575,3,2,3,"323",At Risk
27599,141,1,603,3,2,3,"323",At Risk
19831,141,1,580,3,2,3,"323",At Risk
20287,141,1,144,3,2,3,"323",At Risk
19816,141,1,124,3,2,3,"323",At Risk
22487,182,1,589,3,2,3,"323",At Risk
27852,141,1,575,3,2,3,"323",At Risk
29080,189,1,777,3,2,3,"323",At Risk
16873,191,1,578,3,2,3,"323",At Risk
21108,141,1,819,3,2,3,"323",At Risk
21670,141,1,148,3,2,3,"323",At Risk
23026,163,1,603,3,2,3,"323",At Risk
15090,191,1,164,3,2,3,"323",At Risk
23242,195,1,554,3,2,3,"323",At Risk
27890,140,1,561,3,2,3,"323",At Risk
18947,183,1,804,3,2,3,"323",At Risk
28502,183,1,777,3,2,3,"323",At Risk
27198,197,1,148,3,2,3,"323",At Risk
16066,140,1,612,3,2,3,"323",At Risk
24077,140,1,589,3,2,3,"323",At Risk
28518,183,1,750,3,2,3,"323",At Risk
22770,194,1,540,3,2,3,"323",At Risk
19738,183,1,605,3,2,3,"323",At Risk
29417,204,1,195,3,2,3,"323",At Risk
22754,140,1,194,3,2,3,"323",At Risk
21333,204,1,1174,3,2,3,"323",At Risk
23334,183,1,554,3,2,3,"323",At Risk
23058,183,1,589,3,2,3,"323",At Risk
20480,197,1,1155,3,2,3,"323",At Risk
19248,183,1,147,3,2,3,"323",At Risk
20826,183,1,1174,3,2,3,"323",At Risk
22711,197,1,589,3,2,3,"323",At Risk
16069,140,1,580,3,2,3,"323",At Risk
29457,140,1,756,3,2,3,"323",At Risk
20660,183,1,1180,3,2,3,"323",At Risk
14748,183,1,125,3,2,3,"323",At Risk
29085,197,1,777,3,2,3,"323",At Risk
26978,140,1,554,3,2,3,"323",At Risk
24114,183,1,1179,3,2,3,"323",At Risk
22716,197,1,554,3,2,3,"323",At Risk
29182,153,1,540,3,2,3,"323",At Risk
23395,139,1,554,3,2,3,"323",At Risk
19722,184,1,586,3,2,3,"323",At Risk
23142,139,1,557,3,2,3,"323",At Risk
18672,161,1,129,3,2,3,"323",At Risk
22083,156,1,155,3,2,3,"323",At Risk
21855,164,1,580,3,2,3,"323",At Risk
23204,187,1,563,3,2,3,"323",At Risk
20436,184,1,1134,3,2,3,"323",At Risk
23162,139,1,564,3,2,3,"323",At Risk
29066,197,1,540,3,2,3,"323",At Risk
21149,139,1,1183,3,2,3,"323",At Risk
27517,184,1,540,3,2,3,"323",At Risk
28493,184,1,815,3,2,3,"323",At Risk
24018,139,1,575,3,2,3,"323",At Risk
28489,184,1,786,3,2,3,"323",At Risk
25594,184,1,1215,3,2,3,"323",At Risk
27689,139,1,540,3,2,3,"323",At Risk
23141,139,1,603,3,2,3,"323",At Risk
19890,197,1,120,3,2,3,"323",At Risk
27005,184,1,777,3,2,3,"323",At Risk
27902,184,1,1174,3,2,3,"323",At Risk
22484,184,1,590,3,2,3,"323",At Risk
27891,139,1,598,3,2,3,"323",At Risk
13720,139,1,1155,3,2,3,"323",At Risk
24189,154,1,1174,3,2,3,"323",At Risk
22753,185,1,724,3,2,3,"323",At Risk
22205,194,1,120,3,2,3,"323",At Risk
22673,138,1,609,3,2,3,"323",At Risk
11509,185,1,196,3,2,3,"323",At Risk
20798,205,1,124,3,2,3,"323",At Risk
16094,138,1,567,3,2,3,"323",At Risk
13530,138,1,186,3,2,3,"323",At Risk
26960,197,1,575,3,2,3,"323",At Risk
20459,185,1,1155,3,2,3,"323",At Risk
29458,138,1,811,3,2,3,"323",At Risk
18504,205,1,129,3,2,3,"323",At Risk
28353,186,1,549,3,2,3,"323",At Risk
29454,138,1,742,3,2,3,"323",At Risk
24104,156,1,1155,3,2,3,"323",At Risk
21274,138,1,1198,3,2,3,"323",At Risk
24580,160,1,597,3,2,3,"323",At Risk
22283,163,1,157,3,2,3,"323",At Risk
22994,157,1,540,3,2,3,"323",At Risk
28507,163,1,777,3,2,3,"323",At Risk
25081,163,1,777,3,2,3,"323",At Risk
24052,138,1,549,3,2,3,"323",At Risk
23216,186,1,613,3,2,3,"323",At Risk
22717,205,1,575,3,2,3,"323",At Risk
18953,137,1,777,3,2,3,"323",At Risk
26949,188,1,565,3,2,3,"323",At Risk
24864,195,1,156,3,2,3,"323",At Risk
19739,160,1,615,3,2,3,"323",At Risk
22141,157,1,166,3,2,3,"323",At Risk
27707,137,1,561,3,2,3,"323",At Risk
27133,137,1,777,3,2,3,"323",At Risk
22645,137,1,554,3,2,3,"323",At Risk
14867,202,1,839,3,2,3,"323",At Risk
20793,159,1,1205,3,2,3,"323",At Risk
19715,201,1,124,3,2,3,"323",At Risk
14871,159,1,848,3,2,3,"323",At Risk
27008,137,1,617,3,2,3,"323",At Risk
22555,137,1,144,3,2,3,"323",At Risk
28341,156,1,129,3,2,3,"323",At Risk
23961,156,1,685,3,2,3,"323",At Risk
28715,196,1,589,3,2,3,"323",At Risk
21344,137,1,1155,3,2,3,"323",At Risk
15957,192,1,164,3,2,3,"323",At Risk
25043,160,1,162,3,2,3,"323",At Risk
24192,137,1,1155,3,2,3,"323",At Risk
19888,190,1,120,3,2,3,"323",At Risk
22675,137,1,629,3,2,3,"323",At Risk
18948,163,1,807,3,2,3,"323",At Risk
27132,159,1,572,3,2,3,"323",At Risk
14745,186,1,902,3,2,3,"323",At Risk
22603,156,1,561,3,2,3,"323",At Risk
18828,137,1,120,3,2,3,"323",At Risk
19735,201,1,572,3,2,3,"323",At Risk
23352,166,1,540,3,2,3,"323",At Risk
19688,205,1,120,3,2,3,"323",At Risk
23619,136,1,807,3,2,3,"323",At Risk
28431,162,1,198,3,2,3,"323",At Risk
27179,161,1,549,3,2,3,"323",At Risk
19813,159,1,540,3,2,3,"323",At Risk
29090,156,1,779,3,2,3,"323",At Risk
21518,194,1,144,3,2,3,"323",At Risk
24065,162,1,1170,3,2,3,"323",At Risk
19730,205,1,639,3,2,3,"323",At Risk
20723,194,1,144,3,2,3,"323",At Risk
29185,136,1,564,3,2,3,"323",At Risk
19704,188,1,1143,3,2,3,"323",At Risk
22654,136,1,564,3,2,3,"323",At Risk
22871,190,1,561,3,2,3,"323",At Risk
19777,186,1,120,3,2,3,"323",At Risk
18753,205,1,124,3,2,3,"323",At Risk
22864,191,1,572,3,2,3,"323",At Risk
23135,156,1,554,3,2,3,"323",At Risk
19780,155,1,615,3,2,3,"323",At Risk
12725,165,1,127,3,2,3,"323",At Risk
21156,135,1,1149,3,2,3,"323",At Risk
28494,195,1,751,3,2,3,"323",At Risk
28351,195,1,575,3,2,3,"323",At Risk
19808,164,1,590,3,2,3,"323",At Risk
23034,162,1,540,3,2,3,"323",At Risk
21235,135,1,1134,3,2,3,"323",At Risk
22862,186,1,540,3,2,3,"323",At Risk
14875,135,1,839,3,2,3,"323",At Risk
23160,135,1,674,3,2,3,"323",At Risk
20646,159,1,1198,3,2,3,"323",At Risk
23438,135,1,123,3,2,3,"323",At Risk
28500,201,1,777,3,2,3,"323",At Risk
23028,159,1,600,3,2,3,"323",At Risk
27584,162,1,599,3,2,3,"323",At Risk
23163,135,1,600,3,2,3,"323",At Risk
20175,205,1,1214,3,2,3,"323",At Risk
18904,135,1,608,3,2,3,"323",At Risk
23181,195,1,589,3,2,3,"323",At Risk
26929,157,1,589,3,2,3,"323",At Risk
23018,161,1,608,3,2,3,"323",At Risk
19749,166,1,683,3,2,3,"323",At Risk
28499,205,1,779,3,2,3,"323",At Risk
19020,155,1,124,3,2,3,"323",At Risk
24048,194,1,1174,3,2,3,"323",At Risk
27802,135,1,561,3,2,3,"323",At Risk
27363,205,1,133,3,2,3,"323",At Risk
20294,139,1,120,3,1,3,"313",At Risk
21513,163,1,120,3,1,3,"313",At Risk
18612,163,1,120,3,1,3,"313",At Risk
21082,192,1,99,3,1,3,"313",At Risk
23693,201,1,120,3,1,3,"313",At Risk
20271,197,1,120,3,1,3,"313",At Risk
24665,183,1,110,3,1,3,"313",At Risk
12897,147,1,107,3,1,3,"313",At Risk
27935,157,1,114,3,1,3,"313",At Risk
19012,172,1,120,3,1,3,"313",At Risk
28722,190,1,120,3,1,3,"313",At Risk
12424,158,1,99,3,1,3,"313",At Risk
29341,145,1,99,3,1,3,"313",At Risk
23333,202,1,120,3,1,3,"313",At Risk
25054,191,1,103,3,1,3,"313",At Risk
24678,171,1,100,3,1,3,"313",At Risk
12625,148,1,100,3,1,3,"313",At Risk
27007,196,1,114,3,1,3,"313",At Risk
20937,148,1,120,3,1,3,"313",At Risk
21320,136,1,100,3,1,3,"313",At Risk
13498,164,1,100,3,1,3,"313",At Risk
17194,191,1,111,3,1,3,"313",At Risk
24911,183,1,103,3,1,3,"313",At Risk
20504,147,1,120,3,1,3,"313",At Risk
21786,154,1,120,3,1,3,"313",At Risk
28879,201,1,103,3,1,3,"313",At Risk
21421,192,1,100,3,1,3,"313",At Risk
25333,140,1,100,3,1,3,"313",At Risk
24974,144,1,100,3,1,3,"313",At Risk
21706,160,1,100,3,1,3,"313",At Risk
26104,162,1,115,3,1,3,"313",At Risk
24732,178,1,100,3,1,3,"313",At Risk
25633,197,1,110,3,1,3,"313",At Risk
21936,151,1,100,3,1,3,"313",At Risk
28855,199,1,103,3,1,3,"313",At Risk
14001,175,1,107,3,1,3,"313",At Risk
27461,204,1,110,3,1,3,"313",At Risk
15382,179,1,103,3,1,3,"313",At Risk
22882,157,1,101,3,1,3,"313",At Risk
22155,145,1,70,3,1,2,"312",At Risk
28021,205,1,79,3,1,2,"312",At Risk
21303,186,1,69,3,1,2,"312",At Risk
21536,134,1,79,3,1,2,"312",At Risk
25070,134,1,68,3,1,2,"312",At Risk
12714,195,1,50,3,1,2,"312",At Risk
28276,140,1,64,3,1,2,"312",At Risk
18636,155,1,59,3,1,2,"312",At Risk
14550,145,1,49,3,1,2,"312",At Risk
14004,157,1,57,3,1,2,"312",At Risk
29273,157,1,63,3,1,2,"312",At Risk
13334,183,1,72,3,1,2,"312",At Risk
13594,186,1,45,3,1,2,"312",At Risk
22837,140,1,70,3,1,2,"312",At Risk
15096,134,1,70,3,1,2,"312",At Risk
29213,137,1,68,3,1,2,"312",At Risk
20501,186,1,65,3,1,2,"312",At Risk
21853,152,1,90,3,1,2,"312",At Risk
17749,177,1,70,3,1,2,"312",At Risk
21751,160,1,50,3,1,2,"312",At Risk
25128,159,1,60,3,1,2,"312",At Risk
28398,205,1,72,3,1,2,"312",At Risk
17991,190,1,74,3,1,2,"312",At Risk
23248,134,1,50,3,1,2,"312",At Risk
14293,165,1,46,3,1,2,"312",At Risk
16647,134,1,55,3,1,2,"312",At Risk
23457,145,1,70,3,1,2,"312",At Risk
23929,134,1,84,3,1,2,"312",At Risk
28640,191,1,70,3,1,2,"312",At Risk
17712,201,1,57,3,1,2,"312",At Risk
21117,162,1,60,3,1,2,"312",At Risk
26893,190,1,60,3,1,2,"312",At Risk
18847,164,1,70,3,1,2,"312",At Risk
20360,161,1,79,3,1,2,"312",At Risk
20185,136,1,70,3,1,2,"312",At Risk
14350,134,1,72,3,1,2,"312",At Risk
13739,159,1,72,3,1,2,"312",At Risk
17883,157,1,79,3,1,2,"312",At Risk
13371,177,1,72,3,1,2,"312",At Risk
15011,205,1,90,3,1,2,"312",At Risk
22967,159,1,70,3,1,2,"312",At Risk
17953,164,1,85,3,1,2,"312",At Risk
17266,134,1,60,3,1,2,"312",At Risk
22347,134,1,50,3,1,2,"312",At Risk
19871,158,1,70,3,1,2,"312",At Risk
26459,157,1,65,3,1,2,"312",At Risk
14257,164,1,85,3,1,2,"312",At Risk
27858,194,1,75,3,1,2,"312",At Risk
18981,177,1,79,3,1,2,"312",At Risk
28236,188,1,60,3,1,2,"312",At Risk
28934,166,1,64,3,1,2,"312",At Risk
22761,134,1,70,3,1,2,"312",At Risk
29047,186,1,51,3,1,2,"312",At Risk
24128,190,1,94,3,1,2,"312",At Risk
25254,183,1,52,3,1,2,"312",At Risk
17930,134,1,70,3,1,2,"312",At Risk
13512,177,1,70,3,1,2,"312",At Risk
24080,186,1,54,3,1,2,"312",At Risk
18770,161,1,94,3,1,2,"312",At Risk
28000,145,1,94,3,1,2,"312",At Risk
28718,157,1,68,3,1,2,"312",At Risk
27529,161,1,58,3,1,2,"312",At Risk
15053,135,1,93,3,1,2,"312",At Risk
19634,133,1,70,3,1,2,"312",At Risk
17208,195,1,46,3,1,2,"312",At Risk
29420,136,1,54,3,1,2,"312",At Risk
19663,158,1,70,3,1,2,"312",At Risk
21634,133,1,50,3,1,2,"312",At Risk
24721,133,1,90,3,1,2,"312",At Risk
21378,197,1,79,3,1,2,"312",At Risk
21554,158,1,75,3,1,2,"312",At Risk
15375,205,1,68,3,1,2,"312",At Risk
25668,161,1,89,3,1,2,"312",At Risk
21236,158,1,78,3,1,2,"312",At Risk
20565,205,1,65,3,1,2,"312",At Risk
14028,195,1,92,3,1,2,"312",At Risk
24370,161,1,68,3,1,2,"312",At Risk
11544,155,1,89,3,1,2,"312",At Risk
26675,195,1,69,3,1,2,"312",At Risk
16468,144,1,64,3,1,2,"312",At Risk
24261,202,1,72,3,1,2,"312",At Risk
13194,133,1,57,3,1,2,"312",At Risk
22360,187,1,59,3,1,2,"312",At Risk
23563,154,1,57,3,1,2,"312",At Risk
28910,133,1,49,3,1,2,"312",At Risk
13757,177,1,87,3,1,2,"312",At Risk
27361,133,1,70,3,1,2,"312",At Risk
25869,164,1,80,3,1,2,"312",At Risk
19935,166,1,83,3,1,2,"312",At Risk
11342,202,1,49,3,1,2,"312",At Risk
24442,158,1,83,3,1,2,"312",At Risk
25862,158,1,65,3,1,2,"312",At Risk
25808,133,1,78,3,1,2,"312",At Risk
23749,133,1,78,3,1,2,"312",At Risk
20267,178,1,50,3,1,2,"312",At Risk
28738,157,1,60,3,1,2,"312",At Risk
14405,131,1,64,3,1,2,"312",At Risk
15415,157,1,90,3,1,2,"312",At Risk
22147,159,1,70,3,1,2,"312",At Risk
13654,206,1,57,3,1,2,"312",At Risk
24531,195,1,67,3,1,2,"312",At Risk
12748,184,1,50,3,1,2,"312",At Risk
24843,131,1,89,3,1,2,"312",At Risk
22861,190,1,70,3,1,2,"312",At Risk
28575,144,1,70,3,1,2,"312",At Risk
12469,133,1,50,3,1,2,"312",At Risk
19349,144,1,70,3,1,2,"312",At Risk
26689,178,1,97,3,1,2,"312",At Risk
18498,144,1,55,3,1,2,"312",At Risk
21842,139,1,49,3,1,2,"312",At Risk
22622,156,1,59,3,1,2,"312",At Risk
19068,178,1,65,3,1,2,"312",At Risk
12399,160,1,59,3,1,2,"312",At Risk
19762,194,1,49,3,1,2,"312",At Risk
25268,131,1,60,3,1,2,"312",At Risk
18018,144,1,52,3,1,2,"312",At Risk
12569,193,1,75,3,1,2,"312",At Risk
12946,135,1,81,3,1,2,"312",At Risk
20289,161,1,70,3,1,2,"312",At Risk
14092,144,1,57,3,1,2,"312",At Risk
20341,186,1,57,3,1,2,"312",At Risk
18820,206,1,79,3,1,2,"312",At Risk
26156,166,1,79,3,1,2,"312",At Risk
25688,154,1,69,3,1,2,"312",At Risk
22922,187,1,69,3,1,2,"312",At Risk
17682,206,1,68,3,1,2,"312",At Risk
17530,191,1,79,3,1,2,"312",At Risk
28972,158,1,64,3,1,2,"312",At Risk
23950,132,1,89,3,1,2,"312",At Risk
17887,132,1,65,3,1,2,"312",At Risk
17846,184,1,70,3,1,2,"312",At Risk
26473,178,1,89,3,1,2,"312",At Risk
19925,206,1,84,3,1,2,"312",At Risk
18815,132,1,70,3,1,2,"312",At Risk
21312,184,1,95,3,1,2,"312",At Risk
13937,178,1,85,3,1,2,"312",At Risk
13597,164,1,59,3,1,2,"312",At Risk
13863,144,1,72,3,1,2,"312",At Risk
20435,198,1,50,3,1,2,"312",At Risk
28641,144,1,84,3,1,2,"312",At Risk
12591,178,1,50,3,1,2,"312",At Risk
21433,164,1,69,3,1,2,"312",At Risk
27738,132,1,79,3,1,2,"312",At Risk
21328,206,1,50,3,1,2,"312",At Risk
24591,178,1,59,3,1,2,"312",At Risk
22545,178,1,49,3,1,2,"312",At Risk
12600,144,1,50,3,1,2,"312",At Risk
22724,186,1,70,3,1,2,"312",At Risk
23256,132,1,74,3,1,2,"312",At Risk
24401,184,1,46,3,1,2,"312",At Risk
14571,162,1,90,3,1,2,"312",At Risk
26732,132,1,89,3,1,2,"312",At Risk
25772,178,1,75,3,1,2,"312",At Risk
25263,144,1,60,3,1,2,"312",At Risk
27652,178,1,75,3,1,2,"312",At Risk
19166,139,1,70,3,1,2,"312",At Risk
19811,164,1,70,3,1,2,"312",At Risk
20406,144,1,60,3,1,2,"312",At Risk
26428,136,1,70,3,1,2,"312",At Risk
11594,166,1,89,3,1,2,"312",At Risk
29118,178,1,74,3,1,2,"312",At Risk
25773,161,1,60,3,1,2,"312",At Risk
14687,144,1,81,3,1,2,"312",At Risk
13589,163,1,78,3,1,2,"312",At Risk
27656,178,1,70,3,1,2,"312",At Risk
21801,178,1,45,3,1,2,"312",At Risk
13030,143,1,77,3,1,2,"312",At Risk
27326,197,1,84,3,1,2,"312",At Risk
23581,166,1,70,3,1,2,"312",At Risk
13228,188,1,57,3,1,2,"312",At Risk
27385,136,1,69,3,1,2,"312",At Risk
27307,196,1,69,3,1,2,"312",At Risk
13457,178,1,57,3,1,2,"312",At Risk
18764,194,1,70,3,1,2,"312",At Risk
13312,192,1,81,3,1,2,"312",At Risk
21360,143,1,94,3,1,2,"312",At Risk
23963,163,1,69,3,1,2,"312",At Risk
23206,179,1,70,3,1,2,"312",At Risk
22783,143,1,70,3,1,2,"312",At Risk
14376,184,1,72,3,1,2,"312",At Risk
26478,197,1,49,3,1,2,"312",At Risk
22269,191,1,94,3,1,2,"312",At Risk
19249,154,1,64,3,1,2,"312",At Risk
26535,143,1,65,3,1,2,"312",At Risk
18658,188,1,59,3,1,2,"312",At Risk
17607,153,1,55,3,1,2,"312",At Risk
26244,154,1,49,3,1,2,"312",At Risk
13162,198,1,85,3,1,2,"312",At Risk
21708,179,1,50,3,1,2,"312",At Risk
23083,179,1,50,3,1,2,"312",At Risk
21821,187,1,49,3,1,2,"312",At Risk
12937,179,1,76,3,1,2,"312",At Risk
29331,164,1,48,3,1,2,"312",At Risk
26639,179,1,49,3,1,2,"312",At Risk
23055,163,1,70,3,1,2,"312",At Risk
26035,195,1,89,3,1,2,"312",At Risk
24225,179,1,93,3,1,2,"312",At Risk
14352,204,1,85,3,1,2,"312",At Risk
24767,152,1,87,3,1,2,"312",At Risk
14968,184,1,49,3,1,2,"312",At Risk
29325,165,1,63,3,1,2,"312",At Risk
28303,196,1,75,3,1,2,"312",At Risk
19514,191,1,79,3,1,2,"312",At Risk
29122,184,1,50,3,1,2,"312",At Risk
21796,165,1,60,3,1,2,"312",At Risk
26332,167,1,49,3,1,2,"312",At Risk
18688,167,1,79,3,1,2,"312",At Risk
29328,167,1,50,3,1,2,"312",At Risk
26682,167,1,64,3,1,2,"312",At Risk
21656,167,1,57,3,1,2,"312",At Risk
16586,189,1,70,3,1,2,"312",At Risk
24439,152,1,72,3,1,2,"312",At Risk
22285,200,1,90,3,1,2,"312",At Risk
18997,152,1,70,3,1,2,"312",At Risk
19281,152,1,68,3,1,2,"312",At Risk
15541,161,1,62,3,1,2,"312",At Risk
21468,139,1,65,3,1,2,"312",At Risk
23133,152,1,70,3,1,2,"312",At Risk
26674,196,1,69,3,1,2,"312",At Risk
13656,200,1,57,3,1,2,"312",At Risk
20604,152,1,93,3,1,2,"312",At Risk
18825,143,1,79,3,1,2,"312",At Risk
23734,200,1,70,3,1,2,"312",At Risk
21372,162,1,75,3,1,2,"312",At Risk
18037,143,1,49,3,1,2,"312",At Risk
25317,195,1,89,3,1,2,"312",At Risk
29472,151,1,89,3,1,2,"312",At Risk
17863,151,1,68,3,1,2,"312",At Risk
22819,167,1,70,3,1,2,"312",At Risk
15658,151,1,65,3,1,2,"312",At Risk
25814,151,1,62,3,1,2,"312",At Risk
23031,167,1,70,3,1,2,"312",At Risk
16714,179,1,64,3,1,2,"312",At Risk
25103,179,1,91,3,1,2,"312",At Risk
26079,200,1,65,3,1,2,"312",At Risk
20408,151,1,70,3,1,2,"312",At Risk
26088,139,1,49,3,1,2,"312",At Risk
27618,180,1,69,3,1,2,"312",At Risk
20252,151,1,70,3,1,2,"312",At Risk
24151,153,1,59,3,1,2,"312",At Risk
29353,151,1,63,3,1,2,"312",At Risk
20522,167,1,45,3,1,2,"312",At Risk
19818,166,1,79,3,1,2,"312",At Risk
24073,135,1,68,3,1,2,"312",At Risk
12744,154,1,72,3,1,2,"312",At Risk
22588,205,1,49,3,1,2,"312",At Risk
14097,189,1,57,3,1,2,"312",At Risk
28996,167,1,79,3,1,2,"312",At Risk
29327,205,1,54,3,1,2,"312",At Risk
14954,195,1,71,3,1,2,"312",At Risk
14549,167,1,75,3,1,2,"312",At Risk
12726,180,1,99,3,1,2,"312",At Risk
20655,151,1,47,3,1,2,"312",At Risk
13881,156,1,72,3,1,2,"312",At Risk
18921,185,1,94,3,1,2,"312",At Risk
28622,168,1,88,3,1,2,"312",At Risk
22002,154,1,79,3,1,2,"312",At Risk
25355,180,1,60,3,1,2,"312",At Risk
13479,160,1,76,3,1,2,"312",At Risk
23654,185,1,60,3,1,2,"312",At Risk
19470,151,1,75,3,1,2,"312",At Risk
27314,197,1,69,3,1,2,"312",At Risk
23199,198,1,45,3,1,2,"312",At Risk
26550,180,1,93,3,1,2,"312",At Risk
28381,138,1,93,3,1,2,"312",At Risk
25245,168,1,59,3,1,2,"312",At Risk
19662,189,1,76,3,1,2,"312",At Risk
27396,168,1,89,3,1,2,"312",At Risk
15470,168,1,77,3,1,2,"312",At Risk
20754,153,1,79,3,1,2,"312",At Risk
21287,168,1,45,3,1,2,"312",At Risk
22511,185,1,80,3,1,2,"312",At Risk
23157,168,1,70,3,1,2,"312",At Risk
14936,168,1,96,3,1,2,"312",At Risk
20542,168,1,93,3,1,2,"312",At Risk
22708,142,1,89,3,1,2,"312",At Risk
12528,155,1,72,3,1,2,"312",At Risk
19694,187,1,70,3,1,2,"312",At Risk
21184,156,1,75,3,1,2,"312",At Risk
12905,169,1,72,3,1,2,"312",At Risk
14841,150,1,85,3,1,2,"312",At Risk
18874,180,1,70,3,1,2,"312",At Risk
24726,150,1,72,3,1,2,"312",At Risk
21430,138,1,74,3,1,2,"312",At Risk
21694,138,1,50,3,1,2,"312",At Risk
27189,142,1,58,3,1,2,"312",At Risk
15104,194,1,70,3,1,2,"312",At Risk
21337,163,1,50,3,1,2,"312",At Risk
24322,150,1,68,3,1,2,"312",At Risk
24627,200,1,68,3,1,2,"312",At Risk
12491,181,1,87,3,1,2,"312",At Risk
27113,142,1,78,3,1,2,"312",At Risk
27098,165,1,69,3,1,2,"312",At Risk
20518,169,1,50,3,1,2,"312",At Risk
14691,150,1,90,3,1,2,"312",At Risk
22556,201,1,60,3,1,2,"312",At Risk
29121,142,1,70,3,1,2,"312",At Risk
13483,193,1,57,3,1,2,"312",At Risk
26721,169,1,58,3,1,2,"312",At Risk
19208,205,1,99,3,1,2,"312",At Risk
21127,169,1,60,3,1,2,"312",At Risk
27522,181,1,70,3,1,2,"312",At Risk
18915,181,1,94,3,1,2,"312",At Risk
19756,169,1,79,3,1,2,"312",At Risk
21098,181,1,69,3,1,2,"312",At Risk
26998,164,1,75,3,1,2,"312",At Risk
21086,169,1,49,3,1,2,"312",At Risk
16801,142,1,55,3,1,2,"312",At Risk
12029,181,1,55,3,1,2,"312",At Risk
21353,200,1,45,3,1,2,"312",At Risk
11384,181,1,49,3,1,2,"312",At Risk
28978,204,1,64,3,1,2,"312",At Risk
28059,191,1,82,3,1,2,"312",At Risk
29323,170,1,79,3,1,2,"312",At Risk
22144,201,1,90,3,1,2,"312",At Risk
29260,142,1,98,3,1,2,"312",At Risk
20229,164,1,70,3,1,2,"312",At Risk
15745,153,1,90,3,1,2,"312",At Risk
19686,170,1,70,3,1,2,"312",At Risk
13740,154,1,57,3,1,2,"312",At Risk
13444,201,1,57,3,1,2,"312",At Risk
26159,138,1,70,3,1,2,"312",At Risk
29405,170,1,54,3,1,2,"312",At Risk
23864,185,1,85,3,1,2,"312",At Risk
16577,181,1,75,3,1,2,"312",At Risk
28594,170,1,50,3,1,2,"312",At Risk
26968,136,1,79,3,1,2,"312",At Risk
13381,190,1,72,3,1,2,"312",At Risk
27708,152,1,64,3,1,2,"312",At Risk
18029,157,1,83,3,1,2,"312",At Risk
25663,170,1,95,3,1,2,"312",At Risk
26416,205,1,89,3,1,2,"312",At Risk
18918,165,1,79,3,1,2,"312",At Risk
20474,185,1,50,3,1,2,"312",At Risk
27684,149,1,60,3,1,2,"312",At Risk
22916,142,1,59,3,1,2,"312",At Risk
14358,185,1,46,3,1,2,"312",At Risk
24554,171,1,70,3,1,2,"312",At Risk
17797,181,1,65,3,1,2,"312",At Risk
25209,189,1,99,3,1,2,"312",At Risk
27528,142,1,89,3,1,2,"312",At Risk
13215,171,1,72,3,1,2,"312",At Risk
25894,188,1,49,3,1,2,"312",At Risk
26741,171,1,70,3,1,2,"312",At Risk
26257,149,1,83,3,1,2,"312",At Risk
20274,181,1,70,3,1,2,"312",At Risk
22919,171,1,59,3,1,2,"312",At Risk
27408,149,1,78,3,1,2,"312",At Risk
21237,171,1,70,3,1,2,"312",At Risk
20057,142,1,48,3,1,2,"312",At Risk
19877,149,1,70,3,1,2,"312",At Risk
12555,149,1,69,3,1,2,"312",At Risk
26871,155,1,89,3,1,2,"312",At Risk
29021,181,1,70,3,1,2,"312",At Risk
27756,197,1,70,3,1,2,"312",At Risk
27959,182,1,55,3,1,2,"312",At Risk
23956,203,1,67,3,1,2,"312",At Risk
19042,161,1,65,3,1,2,"312",At Risk
21800,148,1,65,3,1,2,"312",At Risk
14152,189,1,72,3,1,2,"312",At Risk
20105,163,1,69,3,1,2,"312",At Risk
18946,171,1,70,3,1,2,"312",At Risk
15249,148,1,46,3,1,2,"312",At Risk
24226,171,1,70,3,1,2,"312",At Risk
14435,171,1,81,3,1,2,"312",At Risk
20547,148,1,57,3,1,2,"312",At Risk
23298,136,1,70,3,1,2,"312",At Risk
29078,165,1,64,3,1,2,"312",At Risk
19279,148,1,64,3,1,2,"312",At Risk
21908,171,1,65,3,1,2,"312",At Risk
27677,192,1,84,3,1,2,"312",At Risk
28227,156,1,60,3,1,2,"312",At Risk
12273,182,1,50,3,1,2,"312",At Risk
28100,171,1,50,3,1,2,"312",At Risk
14932,171,1,99,3,1,2,"312",At Risk
12458,148,1,50,3,1,2,"312",At Risk
28010,172,1,64,3,1,2,"312",At Risk
28983,172,1,64,3,1,2,"312",At Risk
14817,157,1,64,3,1,2,"312",At Risk
23208,182,1,60,3,1,2,"312",At Risk
20946,138,1,59,3,1,2,"312",At Risk
22314,182,1,84,3,1,2,"312",At Risk
28992,195,1,79,3,1,2,"312",At Risk
24576,203,1,90,3,1,2,"312",At Risk
22385,141,1,59,3,1,2,"312",At Risk
22707,172,1,63,3,1,2,"312",At Risk
20976,182,1,60,3,1,2,"312",At Risk
17837,188,1,74,3,1,2,"312",At Risk
14383,172,1,57,3,1,2,"312",At Risk
20572,164,1,79,3,1,2,"312",At Risk
25841,156,1,65,3,1,2,"312",At Risk
21998,200,1,57,3,1,2,"312",At Risk
28986,182,1,79,3,1,2,"312",At Risk
24728,159,1,57,3,1,2,"312",At Risk
29406,182,1,69,3,1,2,"312",At Risk
25158,148,1,72,3,1,2,"312",At Risk
13300,153,1,46,3,1,2,"312",At Risk
26216,199,1,93,3,1,2,"312",At Risk
20332,141,1,79,3,1,2,"312",At Risk
22037,138,1,45,3,1,2,"312",At Risk
21547,153,1,73,3,1,2,"312",At Risk
16911,141,1,59,3,1,2,"312",At Risk
19007,148,1,70,3,1,2,"312",At Risk
22383,182,1,68,3,1,2,"312",At Risk
14396,197,1,77,3,1,2,"312",At Risk
28811,172,1,64,3,1,2,"312",At Risk
24555,172,1,59,3,1,2,"312",At Risk
27457,154,1,58,3,1,2,"312",At Risk
14786,172,1,67,3,1,2,"312",At Risk
25216,147,1,79,3,1,2,"312",At Risk
21684,172,1,60,3,1,2,"312",At Risk
11545,201,1,54,3,1,2,"312",At Risk
16130,141,1,62,3,1,2,"312",At Risk
25698,147,1,69,3,1,2,"312",At Risk
13191,153,1,46,3,1,2,"312",At Risk
21625,172,1,69,3,1,2,"312",At Risk
22731,205,1,70,3,1,2,"312",At Risk
28496,173,1,70,3,1,2,"312",At Risk
13531,147,1,70,3,1,2,"312",At Risk
17507,182,1,69,3,1,2,"312",At Risk
21745,173,1,72,3,1,2,"312",At Risk
14000,187,1,85,3,1,2,"312",At Risk
20254,136,1,60,3,1,2,"312",At Risk
18787,135,1,79,3,1,2,"312",At Risk
20107,190,1,70,3,1,2,"312",At Risk
18100,197,1,60,3,1,2,"312",At Risk
26800,189,1,69,3,1,2,"312",At Risk
19637,160,1,79,3,1,2,"312",At Risk
24265,193,1,96,3,1,2,"312",At Risk
13301,137,1,67,3,1,2,"312",At Risk
19261,141,1,83,3,1,2,"312",At Risk
27975,141,1,83,3,1,2,"312",At Risk
16780,147,1,55,3,1,2,"312",At Risk
15045,189,1,49,3,1,2,"312",At Risk
25846,136,1,65,3,1,2,"312",At Risk
19011,201,1,79,3,1,2,"312",At Risk
18074,195,1,59,3,1,2,"312",At Risk
27976,136,1,59,3,1,2,"312",At Risk
14349,141,1,57,3,1,2,"312",At Risk
14151,136,1,85,3,1,2,"312",At Risk
13331,202,1,66,3,1,2,"312",At Risk
21473,136,1,78,3,1,2,"312",At Risk
21628,147,1,78,3,1,2,"312",At Risk
13858,173,1,72,3,1,2,"312",At Risk
19528,174,1,79,3,1,2,"312",At Risk
19996,135,1,70,3,1,2,"312",At Risk
22087,204,1,94,3,1,2,"312",At Risk
21397,197,1,50,3,1,2,"312",At Risk
18665,182,1,68,3,1,2,"312",At Risk
16397,183,1,65,3,1,2,"312",At Risk
25885,159,1,60,3,1,2,"312",At Risk
23620,164,1,79,3,1,2,"312",At Risk
24985,146,1,96,3,1,2,"312",At Risk
20595,204,1,70,3,1,2,"312",At Risk
14241,183,1,85,3,1,2,"312",At Risk
24416,154,1,96,3,1,2,"312",At Risk
15773,187,1,64,3,1,2,"312",At Risk
21839,156,1,92,3,1,2,"312",At Risk
19062,188,1,80,3,1,2,"312",At Risk
26515,162,1,89,3,1,2,"312",At Risk
25933,155,1,49,3,1,2,"312",At Risk
15930,146,1,84,3,1,2,"312",At Risk
14035,187,1,66,3,1,2,"312",At Risk
22825,146,1,79,3,1,2,"312",At Risk
21904,146,1,76,3,1,2,"312",At Risk
21550,174,1,59,3,1,2,"312",At Risk
14273,146,1,72,3,1,2,"312",At Risk
26137,146,1,70,3,1,2,"312",At Risk
19061,174,1,65,3,1,2,"312",At Risk
12400,174,1,69,3,1,2,"312",At Risk
16975,146,1,68,3,1,2,"312",At Risk
22792,174,1,70,3,1,2,"312",At Risk
20925,146,1,67,3,1,2,"312",At Risk
16456,146,1,65,3,1,2,"312",At Risk
25871,146,1,65,3,1,2,"312",At Risk
26425,153,1,70,3,1,2,"312",At Risk
28084,146,1,60,3,1,2,"312",At Risk
20095,146,1,60,3,1,2,"312",At Risk
22364,196,1,45,3,1,2,"312",At Risk
23528,136,1,76,3,1,2,"312",At Risk
27357,136,1,70,3,1,2,"312",At Risk
18933,174,1,60,3,1,2,"312",At Risk
16652,190,1,49,3,1,2,"312",At Risk
21573,174,1,62,3,1,2,"312",At Risk
12472,174,1,50,3,1,2,"312",At Risk
20635,199,1,50,3,1,2,"312",At Risk
19134,159,1,70,3,1,2,"312",At Risk
27367,175,1,70,3,1,2,"312",At Risk
13061,146,1,46,3,1,2,"312",At Risk
26720,175,1,69,3,1,2,"312",At Risk
23271,175,1,50,3,1,2,"312",At Risk
18669,175,1,70,3,1,2,"312",At Risk
26345,175,1,49,3,1,2,"312",At Risk
18890,197,1,79,3,1,2,"312",At Risk
25988,161,1,65,3,1,2,"312",At Risk
24616,175,1,72,3,1,2,"312",At Risk
28754,183,1,69,3,1,2,"312",At Risk
23766,183,1,69,3,1,2,"312",At Risk
22100,175,1,91,3,1,2,"312",At Risk
26525,136,1,49,3,1,2,"312",At Risk
18814,204,1,70,3,1,2,"312",At Risk
23261,204,1,78,3,1,2,"312",At Risk
27481,175,1,58,3,1,2,"312",At Risk
24826,204,1,96,3,1,2,"312",At Risk
16735,162,1,59,3,1,2,"312",At Risk
18517,136,1,79,3,1,2,"312",At Risk
13940,175,1,85,3,1,2,"312",At Risk
12731,136,1,60,3,1,2,"312",At Risk
28356,135,1,60,3,1,2,"312",At Risk
21164,176,1,69,3,1,2,"312",At Risk
14111,183,1,77,3,1,2,"312",At Risk
25733,183,1,77,3,1,2,"312",At Risk
16508,160,1,84,3,1,2,"312",At Risk
24766,189,1,72,3,1,2,"312",At Risk
20128,203,1,79,3,1,2,"312",At Risk
15115,204,1,94,3,1,2,"312",At Risk
16017,183,1,60,3,1,2,"312",At Risk
28384,176,1,68,3,1,2,"312",At Risk
29408,183,1,54,3,1,2,"312",At Risk
25662,137,1,95,3,1,2,"312",At Risk
20889,176,1,70,3,1,2,"312",At Risk
19183,145,1,49,3,1,2,"312",At Risk
17172,176,1,68,3,1,2,"312",At Risk
13502,165,1,55,3,1,2,"312",At Risk
24294,140,1,46,3,1,2,"312",At Risk
28334,145,1,54,3,1,2,"312",At Risk
25258,162,1,49,3,1,2,"312",At Risk
19397,145,1,79,3,1,2,"312",At Risk
13874,190,1,77,3,1,2,"312",At Risk
15359,140,1,51,3,1,2,"312",At Risk
26495,137,1,59,3,1,2,"312",At Risk
18124,136,1,57,3,1,2,"312",At Risk
19720,176,1,79,3,1,2,"312",At Risk
26803,187,1,89,3,1,2,"312",At Risk
24574,176,1,99,3,1,2,"312",At Risk
20293,137,1,70,3,1,2,"312",At Risk
22366,177,1,57,3,1,2,"312",At Risk
27474,199,1,60,3,1,2,"312",At Risk
19246,204,1,70,3,1,2,"312",At Risk
16357,157,1,5,3,1,1,"311",At Risk
25490,192,1,7,3,1,1,"311",At Risk
18405,192,1,5,3,1,1,"311",At Risk
14742,166,1,7,3,1,1,"311",At Risk
25491,196,1,7,3,1,1,"311",At Risk
26270,189,1,5,3,1,1,"311",At Risk
25313,189,1,4,3,1,1,"311",At Risk
27035,189,1,7,3,1,1,"311",At Risk
21631,200,1,7,3,1,1,"311",At Risk
15164,196,1,5,3,1,1,"311",At Risk
15858,192,1,7,3,1,1,"311",At Risk
14528,187,1,5,3,1,1,"311",At Risk
16900,166,1,7,3,1,1,"311",At Risk
17432,203,1,5,3,1,1,"311",At Risk
25825,187,1,5,3,1,1,"311",At Risk
15313,166,1,7,3,1,1,"311",At Risk
18061,200,1,5,3,1,1,"311",At Risk
23755,167,1,6,3,1,1,"311",At Risk
16154,203,1,5,3,1,1,"311",At Risk
24535,200,1,4,3,1,1,"311",At Risk
19370,160,1,5,3,1,1,"311",At Risk
27334,151,1,5,3,1,1,"311",At Risk
20099,151,1,5,3,1,1,"311",At Risk
16501,150,1,5,3,1,1,"311",At Risk
26806,168,1,5,3,1,1,"311",At Risk
24111,168,1,5,3,1,1,"311",At Risk
22730,150,1,5,3,1,1,"311",At Risk
15458,168,1,5,3,1,1,"311",At Risk
17265,150,1,5,3,1,1,"311",At Risk
25534,169,1,5,3,1,1,"311",At Risk
20407,169,1,5,3,1,1,"311",At Risk
28009,203,1,7,3,1,1,"311",At Risk
28242,170,1,7,3,1,1,"311",At Risk
23634,170,1,4,3,1,1,"311",At Risk
17454,149,1,5,3,1,1,"311",At Risk
23535,170,1,5,3,1,1,"311",At Risk
28603,149,1,8,3,1,1,"311",At Risk
16359,170,1,7,3,1,1,"311",At Risk
29051,149,1,4,3,1,1,"311",At Risk
25233,203,1,7,3,1,1,"311",At Risk
21852,171,1,5,3,1,1,"311",At Risk
27165,171,1,4,3,1,1,"311",At Risk
19481,148,1,4,3,1,1,"311",At Risk
15386,156,1,5,3,1,1,"311",At Risk
15896,148,1,7,3,1,1,"311",At Risk
19487,148,1,6,3,1,1,"311",At Risk
25784,148,1,5,3,1,1,"311",At Risk
28909,160,1,7,3,1,1,"311",At Risk
21494,172,1,7,3,1,1,"311",At Risk
23914,147,1,6,3,1,1,"311",At Risk
27913,172,1,5,3,1,1,"311",At Risk
27592,173,1,5,3,1,1,"311",At Risk
25298,147,1,5,3,1,1,"311",At Risk
27034,147,1,5,3,1,1,"311",At Risk
22859,199,1,5,3,1,1,"311",At Risk
24607,147,1,5,3,1,1,"311",At Risk
21725,202,1,5,3,1,1,"311",At Risk
17440,174,1,5,3,1,1,"311",At Risk
28776,199,1,2,3,1,1,"311",At Risk
23347,146,1,5,3,1,1,"311",At Risk
17602,175,1,5,3,1,1,"311",At Risk
19508,145,1,6,3,1,1,"311",At Risk
16356,199,1,7,3,1,1,"311",At Risk
25689,204,1,6,3,1,1,"311",At Risk
23012,145,1,5,3,1,1,"311",At Risk
24380,176,1,5,3,1,1,"311",At Risk
24897,199,1,5,3,1,1,"311",At Risk
17534,145,1,5,3,1,1,"311",At Risk
29200,190,1,6,3,1,1,"311",At Risk
19039,198,1,7,3,1,1,"311",At Risk
25316,177,1,5,3,1,1,"311",At Risk
18072,145,1,5,3,1,1,"311",At Risk
28781,178,1,2,3,1,1,"311",At Risk
12534,144,1,9,3,1,1,"311",At Risk
27628,178,1,5,3,1,1,"311",At Risk
21489,144,1,7,3,1,1,"311",At Risk
29003,144,1,5,3,1,1,"311",At Risk
18531,143,1,5,3,1,1,"311",At Risk
28911,179,1,5,3,1,1,"311",At Risk
13786,179,1,5,3,1,1,"311",At Risk
19492,180,1,6,3,1,1,"311",At Risk
24487,160,1,5,3,1,1,"311",At Risk
16905,180,1,5,3,1,1,"311",At Risk
19748,142,1,5,3,1,1,"311",At Risk
21860,180,1,5,3,1,1,"311",At Risk
28105,142,1,7,3,1,1,"311",At Risk
27979,181,1,5,3,1,1,"311",At Risk
16014,181,1,7,3,1,1,"311",At Risk
19390,181,1,5,3,1,1,"311",At Risk
27174,142,1,7,3,1,1,"311",At Risk
28157,142,1,7,3,1,1,"311",At Risk
28329,142,1,6,3,1,1,"311",At Risk
26678,181,1,5,3,1,1,"311",At Risk
14620,182,1,5,3,1,1,"311",At Risk
20978,182,1,5,3,1,1,"311",At Risk
18069,182,1,5,3,1,1,"311",At Risk
18425,141,1,5,3,1,1,"311",At Risk
17547,201,1,5,3,1,1,"311",At Risk
19644,141,1,5,3,1,1,"311",At Risk
12518,182,1,9,3,1,1,"311",At Risk
27332,141,1,7,3,1,1,"311",At Risk
21279,182,1,5,3,1,1,"311",At Risk
26834,183,1,6,3,1,1,"311",At Risk
15945,183,1,7,3,1,1,"311",At Risk
22557,183,1,5,3,1,1,"311",At Risk
18404,139,1,5,3,1,1,"311",At Risk
28282,204,1,5,3,1,1,"311",At Risk
20795,205,1,4,3,1,1,"311",At Risk
27019,139,1,5,3,1,1,"311",At Risk
27962,184,1,7,3,1,1,"311",At Risk
15163,139,1,7,3,1,1,"311",At Risk
28306,184,1,5,3,1,1,"311",At Risk
22801,139,1,5,3,1,1,"311",At Risk
27061,184,1,5,3,1,1,"311",At Risk
19938,139,1,5,3,1,1,"311",At Risk
25816,184,1,7,3,1,1,"311",At Risk
24129,185,1,4,3,1,1,"311",At Risk
26180,138,1,5,3,1,1,"311",At Risk
16010,185,1,7,3,1,1,"311",At Risk
23476,185,1,5,3,1,1,"311",At Risk
22568,197,1,4,3,1,1,"311",At Risk
19927,185,1,5,3,1,1,"311",At Risk
17532,205,1,5,3,1,1,"311",At Risk
24149,138,1,7,3,1,1,"311",At Risk
16765,186,1,5,3,1,1,"311",At Risk
27991,137,1,2,3,1,1,"311",At Risk
28280,157,1,5,3,1,1,"311",At Risk
24825,137,1,5,3,1,1,"311",At Risk
20189,137,1,5,3,1,1,"311",At Risk
26971,137,1,6,3,1,1,"311",At Risk
11584,136,1,9,3,1,1,"311",At Risk
25349,186,1,5,3,1,1,"311",At Risk
17408,159,1,5,3,1,1,"311",At Risk
17606,136,1,5,3,1,1,"311",At Risk
17688,159,1,5,3,1,1,"311",At Risk
17818,136,1,4,3,1,1,"311",At Risk
20840,159,1,4,3,1,1,"311",At Risk
14476,157,1,7,3,1,1,"311",At Risk
16715,159,1,7,3,1,1,"311",At Risk
29267,190,1,5,3,1,1,"311",At Risk
16737,135,1,5,3,1,1,"311",At Risk
15947,153,1,7,3,1,1,"311",At Risk
27204,187,1,5,3,1,1,"311",At Risk
25132,135,1,5,3,1,1,"311",At Risk
17383,135,1,7,3,1,1,"311",At Risk
17487,159,1,7,3,1,1,"311",At Risk
26558,205,1,6,3,1,1,"311",At Risk
27464,134,1,6,3,1,1,"311",At Risk
26226,205,1,5,3,1,1,"311",At Risk
17658,157,1,7,3,1,1,"311",At Risk
12535,134,1,9,3,1,1,"311",At Risk
22960,134,1,5,3,1,1,"311",At Risk
23345,190,1,5,3,1,1,"311",At Risk
23935,205,1,5,3,1,1,"311",At Risk
16775,133,1,5,3,1,1,"311",At Risk
26074,158,1,7,3,1,1,"311",At Risk
23553,157,1,5,3,1,1,"311",At Risk
19507,202,1,6,3,1,1,"311",At Risk
17395,158,1,5,3,1,1,"311",At Risk
28093,132,1,2,3,1,1,"311",At Risk
21376,158,1,5,3,1,1,"311",At Risk
25055,132,1,7,3,1,1,"311",At Risk
12488,132,1,9,3,1,1,"311",At Risk
22386,132,1,5,3,1,1,"311",At Risk
12515,190,1,9,3,1,1,"311",At Risk
17112,196,1,6,3,1,1,"311",At Risk
22965,131,1,7,3,1,1,"311",At Risk
28605,161,1,8,3,1,1,"311",At Risk
20089,197,1,5,3,1,1,"311",At Risk
23236,155,1,7,3,1,1,"311",At Risk
16063,195,1,5,3,1,1,"311",At Risk
25118,163,1,7,3,1,1,"311",At Risk
25056,163,1,7,3,1,1,"311",At Risk
16064,155,1,7,3,1,1,"311",At Risk
18402,154,1,5,3,1,1,"311",At Risk
14729,201,1,5,3,1,1,"311",At Risk
28008,190,1,7,3,1,1,"311",At Risk
25755,154,1,6,3,1,1,"311",At Risk
22700,196,1,6,3,1,1,"311",At Risk
27921,164,1,7,3,1,1,"311",At Risk
17113,164,1,5,3,1,1,"311",At Risk
21836,188,1,5,3,1,1,"311",At Risk
16644,187,1,5,3,1,1,"311",At Risk
14763,164,1,5,3,1,1,"311",At Risk
15533,164,1,5,3,1,1,"311",At Risk
24563,188,1,6,3,1,1,"311",At Risk
27414,196,1,5,3,1,1,"311",At Risk
22856,189,1,5,3,1,1,"311",At Risk
22589,156,1,5,3,1,1,"311",At Risk
28012,160,1,7,3,1,1,"311",At Risk
17689,200,1,5,3,1,1,"311",At Risk
28999,189,1,5,3,1,1,"311",At Risk
27039,154,1,5,3,1,1,"311",At Risk
28577,191,1,7,3,1,1,"311",At Risk
25016,189,1,5,3,1,1,"311",At Risk
21859,165,1,5,3,1,1,"311",At Risk
22983,193,1,7,3,1,1,"311",At Risk
17525,165,1,5,3,1,1,"311",At Risk
27994,160,1,7,3,1,1,"311",At Risk
28968,165,1,2,3,1,1,"311",At Risk
15966,153,1,5,3,1,1,"311",At Risk
20810,153,1,6,3,1,1,"311",At Risk
24939,165,1,7,3,1,1,"311",At Risk
23916,153,1,4,3,1,1,"311",At Risk
25131,193,1,5,3,1,1,"311",At Risk
11075,220,3,8068,2,5,5,"255",Loyal
19557,290,2,5358,2,5,5,"255",Loyal
11899,206,3,8190,2,5,5,"255",Loyal
12179,206,2,5913,2,5,5,"255",Loyal
12108,206,2,5946,2,5,5,"255",Loyal
12277,250,3,5667,2,5,5,"255",Loyal
16389,290,2,4639,2,5,5,"255",Loyal
12631,237,4,10800,2,5,5,"255",Loyal
11006,261,3,8119,2,5,5,"255",Loyal
12264,250,3,5663,2,5,5,"255",Loyal
25962,207,2,5819,2,5,5,"255",Loyal
11873,238,2,5923,2,5,5,"255",Loyal
11601,237,2,5932,2,5,5,"255",Loyal
13425,250,2,4810,2,5,5,"255",Loyal
11764,207,3,8129,2,5,5,"255",Loyal
13407,250,3,6904,2,5,5,"255",Loyal
15100,207,3,6953,2,5,5,"255",Loyal
13328,207,2,4708,2,5,5,"255",Loyal
12212,207,2,5898,2,5,5,"255",Loyal
13581,235,3,8375,2,5,5,"255",Loyal
12390,249,3,4978,2,5,5,"255",Loyal
13403,261,2,4579,2,5,5,"255",Loyal
12217,207,2,5873,2,5,5,"255",Loyal
11809,234,2,5929,2,5,5,"255",Loyal
12648,274,3,6818,2,5,5,"255",Loyal
19652,234,2,5314,2,5,5,"255",Loyal
19564,249,2,5293,2,5,5,"255",Loyal
11416,270,3,4928,2,5,5,"255",Loyal
12806,234,3,4956,2,5,5,"255",Loyal
12287,249,3,5720,2,5,5,"255",Loyal
11739,289,2,4758,2,5,5,"255",Loyal
15626,207,3,7029,2,5,5,"255",Loyal
12193,207,2,4833,2,5,5,"255",Loyal
11003,265,3,8139,2,5,5,"255",Loyal
11103,238,3,8183,2,5,5,"255",Loyal
13253,248,3,6774,2,5,5,"255",Loyal
13273,261,2,4658,2,5,5,"255",Loyal
12289,253,3,5646,2,5,5,"255",Loyal
11762,208,3,8228,2,5,5,"255",Loyal
11052,248,3,8131,2,5,5,"255",Loyal
11894,208,3,8223,2,5,5,"255",Loyal
23725,234,2,4828,2,5,5,"255",Loyal
12382,238,3,5606,2,5,5,"255",Loyal
23351,259,2,4828,2,5,5,"255",Loyal
11460,234,3,8138,2,5,5,"255",Loyal
13263,208,4,10872,2,5,5,"255",Loyal
11243,235,4,7164,2,5,5,"255",Loyal
11905,208,3,8156,2,5,5,"255",Loyal
13254,259,3,6801,2,5,5,"255",Loyal
12486,208,3,5652,2,5,5,"255",Loyal
13404,248,3,6812,2,5,5,"255",Loyal
13369,248,2,4778,2,5,5,"255",Loyal
19620,235,2,5279,2,5,5,"255",Loyal
12440,208,2,5913,2,5,5,"255",Loyal
12208,289,2,5954,2,5,5,"255",Loyal
26018,208,2,5869,2,5,5,"255",Loyal
13450,237,2,4773,2,5,5,"255",Loyal
13278,270,2,4579,2,5,5,"255",Loyal
13898,234,2,4835,2,5,5,"255",Loyal
11773,275,2,5984,2,5,5,"255",Loyal
12658,262,3,6863,2,5,5,"255",Loyal
20215,237,2,5279,2,5,5,"255",Loyal
19563,275,2,5333,2,5,5,"255",Loyal
13408,248,3,6792,2,5,5,"255",Loyal
23486,235,2,5343,2,5,5,"255",Loyal
11240,262,4,7586,2,5,5,"255",Loyal
11607,234,2,5913,2,5,5,"255",Loyal
17478,238,2,4758,2,5,5,"255",Loyal
13316,264,2,4577,2,5,5,"255",Loyal
19592,262,2,5377,2,5,5,"255",Loyal
26012,209,2,5794,2,5,5,"255",Loyal
20211,243,2,5333,2,5,5,"255",Loyal
17728,209,2,4730,2,5,5,"255",Loyal
13420,271,2,4798,2,5,5,"255",Loyal
11696,276,2,5873,2,5,5,"255",Loyal
23730,210,2,4828,2,5,5,"255",Loyal
11624,281,2,5898,2,5,5,"255",Loyal
12180,210,2,5930,2,5,5,"255",Loyal
13325,248,2,4559,2,5,5,"255",Loyal
11705,248,2,5941,2,5,5,"255",Loyal
14189,234,3,8317,2,5,5,"255",Loyal
16931,234,2,4768,2,5,5,"255",Loyal
12463,238,3,5202,2,5,5,"255",Loyal
23829,210,2,4802,2,5,5,"255",Loyal
16525,269,2,4753,2,5,5,"255",Loyal
14425,233,3,8332,2,5,5,"255",Loyal
23385,264,2,4829,2,5,5,"255",Loyal
23731,210,2,4828,2,5,5,"255",Loyal
11592,263,2,5876,2,5,5,"255",Loyal
13896,238,2,4776,2,5,5,"255",Loyal
12078,210,2,5975,2,5,5,"255",Loyal
13287,258,2,4763,2,5,5,"255",Loyal
28580,235,2,4793,2,5,5,"255",Loyal
23283,288,2,4828,2,5,5,"255",Loyal
29892,275,9,101871,2,5,5,"255",Loyal
14775,239,3,8404,2,5,5,"255",Loyal
13315,271,2,4542,2,5,5,"255",Loyal
13314,258,2,4854,2,5,5,"255",Loyal
13653,239,2,4547,2,5,5,"255",Loyal
15700,211,3,6248,2,5,5,"255",Loyal
13865,236,2,4534,2,5,5,"255",Loyal
16409,264,2,4925,2,5,5,"255",Loyal
17730,211,2,4752,2,5,5,"255",Loyal
11798,233,2,5953,2,5,5,"255",Loyal
13366,211,2,4749,2,5,5,"255",Loyal
11238,275,4,7543,2,5,5,"255",Loyal
12402,242,3,5218,2,5,5,"255",Loyal
19987,211,2,4564,2,5,5,"255",Loyal
29866,275,6,40581,2,5,5,"255",Loyal
13600,211,3,8460,2,5,5,"255",Loyal
12283,264,3,5583,2,5,5,"255",Loyal
11010,252,3,8088,2,5,5,"255",Loyal
13355,247,2,4559,2,5,5,"255",Loyal
13657,238,2,4819,2,5,5,"255",Loyal
11745,271,2,5948,2,5,5,"255",Loyal
22121,247,2,5997,2,5,5,"255",Loyal
13329,252,2,4807,2,5,5,"255",Loyal
17734,212,2,4699,2,5,5,"255",Loyal
12653,247,3,6860,2,5,5,"255",Loyal
11591,252,2,5895,2,5,5,"255",Loyal
11239,247,4,7512,2,5,5,"255",Loyal
15927,212,3,6933,2,5,5,"255",Loyal
11937,212,2,5888,2,5,5,"255",Loyal
12986,212,2,4823,2,5,5,"255",Loyal
12381,287,3,5162,2,5,5,"255",Loyal
12286,287,3,5255,2,5,5,"255",Loyal
13279,252,2,4534,2,5,5,"255",Loyal
11629,287,2,5930,2,5,5,"255",Loyal
13224,252,2,4536,2,5,5,"255",Loyal
13284,212,2,4768,2,5,5,"255",Loyal
15697,212,3,6975,2,5,5,"255",Loyal
13559,212,3,6509,2,5,5,"255",Loyal
13304,252,2,4613,2,5,5,"255",Loyal
16436,212,2,4696,2,5,5,"255",Loyal
13348,252,2,4615,2,5,5,"255",Loyal
19565,247,2,5308,2,5,5,"255",Loyal
19615,233,2,5279,2,5,5,"255",Loyal
16422,213,2,4633,2,5,5,"255",Loyal
29515,275,8,289489,2,5,5,"255",Loyal
29756,275,6,8537,2,5,5,"255",Loyal
11403,247,3,5033,2,5,5,"255",Loyal
11099,213,3,8216,2,5,5,"255",Loyal
29555,275,5,13658,2,5,5,"255",Loyal
12122,233,2,4814,2,5,5,"255",Loyal
11904,213,3,8215,2,5,5,"255",Loyal
13887,233,2,4763,2,5,5,"255",Loyal
16526,233,2,4758,2,5,5,"255",Loyal
19593,247,2,5307,2,5,5,"255",Loyal
17370,233,2,4743,2,5,5,"255",Loyal
13424,251,2,4807,2,5,5,"255",Loyal
13435,228,2,4838,2,5,5,"255",Loyal
16414,247,2,4919,2,5,5,"255",Loyal
11464,213,3,8129,2,5,5,"255",Loyal
13429,233,2,4587,2,5,5,"255",Loyal
13173,286,2,4598,2,5,5,"255",Loyal
15684,213,3,6963,2,5,5,"255",Loyal
13907,241,2,4597,2,5,5,"255",Loyal
13340,255,2,4547,2,5,5,"255",Loyal
22232,228,2,5985,2,5,5,"255",Loyal
11708,247,2,5909,2,5,5,"255",Loyal
16416,286,2,4972,2,5,5,"255",Loyal
14426,228,3,8319,2,5,5,"255",Loyal
13602,214,3,8376,2,5,5,"255",Loyal
29974,214,5,77469,2,5,5,"255",Loyal
12632,228,4,10793,2,5,5,"255",Loyal
20260,214,2,5314,2,5,5,"255",Loyal
20236,214,2,5279,2,5,5,"255",Loyal
13541,214,3,6537,2,5,5,"255",Loyal
13319,254,2,4648,2,5,5,"255",Loyal
12917,286,2,5898,2,5,5,"255",Loyal
29565,214,8,4919,2,5,5,"255",Loyal
12391,246,3,5121,2,5,5,"255",Loyal
29890,214,8,13137,2,5,5,"255",Loyal
13288,254,2,4574,2,5,5,"255",Loyal
16412,286,2,4922,2,5,5,"255",Loyal
18768,277,2,5314,2,5,5,"255",Loyal
12473,214,3,5665,2,5,5,"255",Loyal
29623,214,3,10655,2,5,5,"255",Loyal
11516,228,2,5916,2,5,5,"255",Loyal
11452,232,3,8183,2,5,5,"255",Loyal
13905,215,2,4549,2,5,5,"255",Loyal
13949,215,2,4549,2,5,5,"255",Loyal
14773,215,3,7016,2,5,5,"255",Loyal
11727,271,2,5962,2,5,5,"255",Loyal
17726,241,2,4722,2,5,5,"255",Loyal
11611,215,2,5873,2,5,5,"255",Loyal
16411,273,2,4660,2,5,5,"255",Loyal
25891,232,2,5759,2,5,5,"255",Loyal
12981,280,2,4810,2,5,5,"255",Loyal
19653,239,2,5314,2,5,5,"255",Loyal
13453,227,2,4577,2,5,5,"255",Loyal
19598,227,2,5311,2,5,5,"255",Loyal
13443,232,2,4537,2,5,5,"255",Loyal
16431,268,2,4769,2,5,5,"255",Loyal
12644,285,3,6838,2,5,5,"255",Loyal
11077,232,3,8169,2,5,5,"255",Loyal
11101,215,3,8263,2,5,5,"255",Loyal
11979,267,2,4814,2,5,5,"255",Loyal
11778,215,2,5873,2,5,5,"255",Loyal
19601,232,2,5314,2,5,5,"255",Loyal
13525,255,2,4607,2,5,5,"255",Loyal
11797,215,2,5973,2,5,5,"255",Loyal
16524,277,2,4734,2,5,5,"255",Loyal
25867,215,2,5784,2,5,5,"255",Loyal
11445,216,3,8098,2,5,5,"255",Loyal
23396,255,2,4892,2,5,5,"255",Loyal
14931,216,3,6981,2,5,5,"255",Loyal
11775,241,2,5913,2,5,5,"255",Loyal
14830,245,3,8346,2,5,5,"255",Loyal
12114,216,2,4719,2,5,5,"255",Loyal
11515,285,2,5930,2,5,5,"255",Loyal
12655,227,4,10900,2,5,5,"255",Loyal
13456,245,2,4583,2,5,5,"255",Loyal
12333,239,4,10829,2,5,5,"255",Loyal
19616,232,2,5279,2,5,5,"255",Loyal
19631,241,2,5279,2,5,5,"255",Loyal
25901,239,2,5793,2,5,5,"255",Loyal
14181,216,3,8326,2,5,5,"255",Loyal
11813,216,2,5953,2,5,5,"255",Loyal
11955,216,2,5953,2,5,5,"255",Loyal
11450,227,3,8173,2,5,5,"255",Loyal
18767,285,2,5314,2,5,5,"255",Loyal
11446,223,3,8237,2,5,5,"255",Loyal
11606,216,2,5922,2,5,5,"255",Loyal
25868,239,2,5798,2,5,5,"255",Loyal
12647,285,3,6887,2,5,5,"255",Loyal
13447,227,2,4534,2,5,5,"255",Loyal
13912,245,2,4548,2,5,5,"255",Loyal
11839,232,2,5955,2,5,5,"255",Loyal
11933,217,2,5933,2,5,5,"255",Loyal
11599,232,2,5957,2,5,5,"255",Loyal
11105,239,3,8096,2,5,5,"255",Loyal
11451,239,3,8249,2,5,5,"255",Loyal
25903,239,2,5773,2,5,5,"255",Loyal
11811,227,2,5898,2,5,5,"255",Loyal
11004,274,3,8196,2,5,5,"255",Loyal
14939,217,3,8367,2,5,5,"255",Loyal
13484,241,2,4813,2,5,5,"255",Loyal
23583,231,2,4829,2,5,5,"255",Loyal
11481,284,3,4978,2,5,5,"255",Loyal
14207,227,3,8361,2,5,5,"255",Loyal
29681,245,5,12790,2,5,5,"255",Loyal
11774,231,2,5901,2,5,5,"255",Loyal
14790,227,3,7005,2,5,5,"255",Loyal
11654,281,2,5955,2,5,5,"255",Loyal
11886,227,2,5898,2,5,5,"255",Loyal
12209,284,2,5908,2,5,5,"255",Loyal
12459,228,3,5619,2,5,5,"255",Loyal
13894,228,2,4810,2,5,5,"255",Loyal
11630,278,2,5933,2,5,5,"255",Loyal
12362,284,2,5904,2,5,5,"255",Loyal
29872,245,6,9055,2,5,5,"255",Loyal
11954,226,2,5911,2,5,5,"255",Loyal
29659,245,7,43911,2,5,5,"255",Loyal
23397,228,2,4828,2,5,5,"255",Loyal
11000,272,3,8249,2,5,5,"255",Loyal
12640,278,3,6752,2,5,5,"255",Loyal
16432,226,2,4634,2,5,5,"255",Loyal
11454,226,3,8089,2,5,5,"255",Loyal
12404,241,3,5252,2,5,5,"255",Loyal
16529,226,2,4753,2,5,5,"255",Loyal
11054,245,3,8223,2,5,5,"255",Loyal
11690,279,2,5904,2,5,5,"255",Loyal
11124,226,3,8129,2,5,5,"255",Loyal
17725,231,2,4699,2,5,5,"255",Loyal
13411,245,3,6819,2,5,5,"255",Loyal
11070,218,3,8166,2,5,5,"255",Loyal
13176,284,2,4753,2,5,5,"255",Loyal
11796,245,2,5995,2,5,5,"255",Loyal
23511,226,2,4843,2,5,5,"255",Loyal
13947,218,2,4605,2,5,5,"255",Loyal
13911,218,2,4549,2,5,5,"255",Loyal
12935,284,2,4794,2,5,5,"255",Loyal
13873,231,2,4766,2,5,5,"255",Loyal
13205,284,2,4803,2,5,5,"255",Loyal
13948,226,2,4562,2,5,5,"255",Loyal
12025,231,2,5911,2,5,5,"255",Loyal
13452,244,2,4800,2,5,5,"255",Loyal
11444,242,3,8136,2,5,5,"255",Loyal
11459,226,3,8141,2,5,5,"255",Loyal
13251,268,3,6844,2,5,5,"255",Loyal
11104,229,3,8173,2,5,5,"255",Loyal
11448,223,3,8132,2,5,5,"255",Loyal
20214,219,2,5304,2,5,5,"255",Loyal
11095,219,3,8158,2,5,5,"255",Loyal
11060,219,3,8153,2,5,5,"255",Loyal
11854,229,2,5985,2,5,5,"255",Loyal
13526,226,2,4550,2,5,5,"255",Loyal
16527,219,2,4753,2,5,5,"255",Loyal
11117,219,3,8185,2,5,5,"255",Loyal
11005,273,3,8121,2,5,5,"255",Loyal
11872,219,2,5948,2,5,5,"255",Loyal
11812,226,2,5901,2,5,5,"255",Loyal
12650,219,4,10814,2,5,5,"255",Loyal
12397,251,3,4968,2,5,5,"255",Loyal
11056,244,3,8208,2,5,5,"255",Loyal
11455,244,3,8142,2,5,5,"255",Loyal
11069,240,3,8104,2,5,5,"255",Loyal
12929,278,2,4820,2,5,5,"255",Loyal
16415,281,2,4931,2,5,5,"255",Loyal
11984,269,2,4730,2,5,5,"255",Loyal
11780,226,2,5973,2,5,5,"255",Loyal
14198,237,3,8309,2,5,5,"255",Loyal
12060,219,2,4812,2,5,5,"255",Loyal
11106,229,3,8079,2,5,5,"255",Loyal
13431,231,2,4593,2,5,5,"255",Loyal
11449,220,3,8130,2,5,5,"255",Loyal
11058,240,3,8248,2,5,5,"255",Loyal
16928,226,2,4699,2,5,5,"255",Loyal
13280,272,2,4559,2,5,5,"255",Loyal
12271,257,3,5683,2,5,5,"255",Loyal
11072,229,3,8194,2,5,5,"255",Loyal
15688,224,3,6222,2,5,5,"255",Loyal
11109,220,3,8245,2,5,5,"255",Loyal
11092,223,3,8110,2,5,5,"255",Loyal
11925,225,2,5968,2,5,5,"255",Loyal
11456,244,3,8224,2,5,5,"255",Loyal
11810,220,2,5973,2,5,5,"255",Loyal
12461,254,3,5030,2,5,5,"255",Loyal
13885,242,2,4845,2,5,5,"255",Loyal
11061,230,3,8129,2,5,5,"255",Loyal
12380,225,3,5570,2,5,5,"255",Loyal
25872,220,2,5819,2,5,5,"255",Loyal
13446,225,2,4537,2,5,5,"255",Loyal
11447,244,3,8078,2,5,5,"255",Loyal
12332,220,4,10790,2,5,5,"255",Loyal
11593,225,2,5908,2,5,5,"255",Loyal
16929,220,2,4734,2,5,5,"255",Loyal
13489,220,2,4741,2,5,5,"255",Loyal
20216,240,2,5339,2,5,5,"255",Loyal
13016,281,2,4813,2,5,5,"255",Loyal
19605,220,2,5314,2,5,5,"255",Loyal
11939,225,2,5977,2,5,5,"255",Loyal
12284,254,3,5625,2,5,5,"255",Loyal
12460,225,3,5679,2,5,5,"255",Loyal
11623,279,2,5948,2,5,5,"255",Loyal
11625,282,2,5913,2,5,5,"255",Loyal
12394,230,3,5636,2,5,5,"255",Loyal
13221,281,2,4795,2,5,5,"255",Loyal
11108,221,3,8124,2,5,5,"255",Loyal
19599,225,2,5279,2,5,5,"255",Loyal
12738,267,3,4956,2,5,5,"255",Loyal
12026,243,2,5977,2,5,5,"255",Loyal
13252,257,3,6820,2,5,5,"255",Loyal
12089,225,2,4710,2,5,5,"255",Loyal
15082,240,3,7068,2,5,5,"255",Loyal
11924,225,2,5897,2,5,5,"255",Loyal
11080,221,3,8204,2,5,5,"255",Loyal
13093,282,2,4778,2,5,5,"255",Loyal
11453,225,3,8177,2,5,5,"255",Loyal
13468,225,2,4627,2,5,5,"255",Loyal
11779,221,2,5873,2,5,5,"255",Loyal
12634,281,3,6788,2,5,5,"255",Loyal
13977,221,2,4789,2,5,5,"255",Loyal
12630,279,3,6825,2,5,5,"255",Loyal
13658,221,2,4788,2,5,5,"255",Loyal
16433,242,2,4696,2,5,5,"255",Loyal
11093,236,3,8180,2,5,5,"255",Loyal
12016,243,2,5913,2,5,5,"255",Loyal
11777,222,2,5916,2,5,5,"255",Loyal
14791,222,3,7211,2,5,5,"255",Loyal
13576,223,3,8331,2,5,5,"255",Loyal
11057,254,3,8088,2,5,5,"255",Loyal
13487,225,2,4534,2,5,5,"255",Loyal
11956,243,2,5873,2,5,5,"255",Loyal
11457,243,3,8211,2,5,5,"255",Loyal
12709,281,2,5933,2,5,5,"255",Loyal
13299,273,2,4835,2,5,5,"255",Loyal
13886,224,2,4537,2,5,5,"255",Loyal
13895,243,2,4559,2,5,5,"255",Loyal
11835,257,2,4772,2,5,5,"255",Loyal
13978,222,2,4775,2,5,5,"255",Loyal
11479,251,3,4971,2,5,5,"255",Loyal
11388,279,3,6987,2,5,5,"255",Loyal
12113,243,2,4738,2,5,5,"255",Loyal
16528,223,2,4699,2,5,5,"255",Loyal
11076,223,3,8159,2,5,5,"255",Loyal
13478,240,2,4898,2,5,5,"255",Loyal
11107,223,3,8171,2,5,5,"255",Loyal
19562,257,2,5314,2,5,5,"255",Loyal
11934,234,2,5995,2,5,5,"255",Loyal
11009,266,3,8091,2,5,5,"255",Loyal
12637,276,3,6845,2,5,5,"255",Loyal
23378,259,2,5317,2,5,5,"255",Loyal
14976,235,3,7041,2,5,5,"255",Loyal
11743,259,2,5898,2,5,5,"255",Loyal
13230,266,2,4905,2,5,5,"255",Loyal
16430,266,2,4639,2,5,5,"255",Loyal
11772,260,2,5913,2,5,5,"255",Loyal
13866,237,2,4640,2,5,5,"255",Loyal
12742,237,3,5148,2,5,5,"255",Loyal
11742,253,2,5916,2,5,5,"255",Loyal
11799,235,2,5921,2,5,5,"255",Loyal
12323,260,4,10837,2,5,5,"255",Loyal
13583,238,3,8375,2,5,5,"255",Loyal
13274,266,2,4838,2,5,5,"255",Loyal
13433,234,2,4534,2,5,5,"255",Loyal
11055,237,3,8168,2,5,5,"255",Loyal
12462,266,3,5048,2,5,5,"255",Loyal
14106,277,2,1840,2,5,4,"254",Loyal
20833,242,2,1903,2,5,4,"254",Loyal
27500,212,2,1372,2,5,4,"254",Loyal
14336,261,2,1894,2,5,4,"254",Loyal
27342,259,2,1348,2,5,4,"254",Loyal
14386,221,2,1918,2,5,4,"254",Loyal
19172,238,2,1609,2,5,4,"254",Loyal
14613,207,2,1602,2,5,4,"254",Loyal
15890,252,2,1375,2,5,4,"254",Loyal
14580,213,2,1469,2,5,4,"254",Loyal
14379,244,2,1855,2,5,4,"254",Loyal
14367,235,2,1840,2,5,4,"254",Loyal
15885,278,2,1398,2,5,4,"254",Loyal
14343,274,2,1840,2,5,4,"254",Loyal
27366,235,2,1323,2,5,4,"254",Loyal
27354,221,2,1323,2,5,4,"254",Loyal
20171,269,2,1938,2,5,4,"254",Loyal
27499,234,2,1332,2,5,4,"254",Loyal
14385,223,2,1778,2,5,4,"254",Loyal
27355,235,2,1383,2,5,4,"254",Loyal
19434,219,2,1935,2,5,4,"254",Loyal
14581,213,2,1563,2,5,4,"254",Loyal
27498,227,2,1351,2,5,4,"254",Loyal
14378,243,2,1809,2,5,4,"254",Loyal
26321,208,2,1554,2,5,4,"254",Loyal
27359,215,2,1344,2,5,4,"254",Loyal
18148,266,2,1519,2,5,4,"254",Loyal
14342,255,2,1805,2,5,4,"254",Loyal
14520,237,2,1504,2,5,4,"254",Loyal
14417,228,2,1849,2,5,4,"254",Loyal
14089,288,2,1894,2,5,4,"254",Loyal
27346,271,2,1391,2,5,4,"254",Loyal
15902,239,2,1398,2,5,4,"254",Loyal
14285,268,2,1805,2,5,4,"254",Loyal
14364,229,2,1894,2,5,4,"254",Loyal
14037,282,2,1899,2,5,4,"254",Loyal
27356,238,2,1337,2,5,4,"254",Loyal
27299,276,2,1323,2,5,4,"254",Loyal
21545,210,2,1631,2,5,4,"254",Loyal
15904,244,2,1395,2,5,4,"254",Loyal
20720,251,2,1938,2,5,4,"254",Loyal
20722,258,3,2379,2,5,4,"254",Loyal
15893,221,2,1429,2,5,4,"254",Loyal
14494,235,2,1770,2,5,4,"254",Loyal
14737,261,2,1874,2,5,4,"254",Loyal
19518,279,2,1894,2,5,4,"254",Loyal
18004,274,2,1519,2,5,4,"254",Loyal
19473,243,2,1917,2,5,4,"254",Loyal
27348,226,2,1382,2,5,4,"254",Loyal
14495,221,2,1840,2,5,4,"254",Loyal
14283,252,2,1800,2,5,4,"254",Loyal
19480,223,2,1935,2,5,4,"254",Loyal
14337,262,2,1815,2,5,4,"254",Loyal
14334,263,2,1849,2,5,4,"254",Loyal
30001,214,2,1538,2,5,4,"254",Loyal
14559,241,2,1548,2,5,4,"254",Loyal
27362,240,2,1407,2,5,4,"254",Loyal
14415,217,2,1770,2,5,4,"254",Loyal
14335,246,2,1805,2,5,4,"254",Loyal
14406,236,2,1851,2,5,4,"254",Loyal
14355,261,2,1805,2,5,4,"254",Loyal
19310,239,2,1611,2,5,4,"254",Loyal
14565,221,2,1504,2,5,4,"254",Loyal
14365,217,2,1805,2,5,4,"254",Loyal
27371,234,2,1351,2,5,4,"254",Loyal
14398,217,2,1805,2,5,4,"254",Loyal
27370,237,2,1323,2,5,4,"254",Loyal
14413,241,2,1890,2,5,4,"254",Loyal
20860,232,3,2380,2,5,4,"254",Loyal
14270,264,2,1794,2,5,4,"254",Loyal
14418,239,2,1929,2,5,4,"254",Loyal
14414,215,2,1794,2,5,4,"254",Loyal
19504,280,2,1383,2,5,4,"254",Loyal
14560,243,2,1539,2,5,4,"254",Loyal
27365,225,2,1372,2,5,4,"254",Loyal
14362,262,2,1846,2,5,4,"254",Loyal
19517,231,2,1938,2,5,4,"254",Loyal
20163,289,2,1903,2,5,4,"254",Loyal
15903,239,2,1373,2,5,4,"254",Loyal
14366,217,2,1898,2,5,4,"254",Loyal
15892,217,2,1401,2,5,4,"254",Loyal
14616,207,2,1539,2,5,4,"254",Loyal
27340,276,2,1351,2,5,4,"254",Loyal
15901,242,2,1377,2,5,4,"254",Loyal
29743,245,4,2519,2,5,4,"254",Loyal
27353,235,2,1372,2,5,4,"254",Loyal
14284,255,2,1770,2,5,4,"254",Loyal
19194,230,2,1590,2,5,4,"254",Loyal
20861,229,3,2368,2,5,4,"254",Loyal
27352,245,2,1358,2,5,4,"254",Loyal
14558,233,2,1528,2,5,4,"254",Loyal
14880,223,2,1820,2,5,4,"254",Loyal
27341,260,2,1323,2,5,4,"254",Loyal
15559,250,3,172,2,5,3,"253",Loyal
14604,270,3,138,2,5,3,"253",Loyal
16085,212,3,144,2,5,3,"253",Loyal
12672,227,3,382,2,5,3,"253",Loyal
13639,223,3,189,2,5,3,"253",Loyal
12678,248,3,341,2,5,3,"253",Loyal
18758,249,3,159,2,5,3,"253",Loyal
14655,265,3,175,2,5,3,"253",Loyal
16870,222,3,149,2,5,3,"253",Loyal
13137,225,3,178,2,5,3,"253",Loyal
14087,206,3,342,2,5,3,"253",Loyal
15418,218,3,232,2,5,3,"253",Loyal
12165,209,4,281,2,5,3,"253",Loyal
18314,211,3,116,2,5,3,"253",Loyal
16964,221,3,109,2,5,3,"253",Loyal
15816,242,3,188,2,5,3,"253",Loyal
17119,276,3,215,2,5,3,"253",Loyal
12760,234,4,273,2,5,3,"253",Loyal
11113,284,3,110,2,5,3,"253",Loyal
13756,222,4,298,2,5,3,"253",Loyal
13613,212,3,105,2,5,3,"253",Loyal
17027,240,3,231,2,5,3,"253",Loyal
12993,247,3,96,2,5,2,"252",Loyal
16454,282,2,47,2,5,2,"252",Loyal
18932,260,2,59,2,5,2,"252",Loyal
12035,261,3,81,2,5,2,"252",Loyal
13509,237,2,49,2,5,2,"252",Loyal
13495,287,2,58,2,5,2,"252",Loyal
16173,242,2,43,2,5,2,"252",Loyal
16738,255,2,45,2,5,2,"252",Loyal
16036,218,2,62,2,5,2,"252",Loyal
11074,248,3,94,2,5,2,"252",Loyal
12235,208,2,63,2,5,2,"252",Loyal
12954,229,2,51,2,5,2,"252",Loyal
13493,281,2,49,2,5,2,"252",Loyal
16563,206,2,63,2,5,2,"252",Loyal
16437,232,2,47,2,5,2,"252",Loyal
15139,281,2,60,2,5,2,"252",Loyal
11504,272,2,45,2,5,2,"252",Loyal
19781,254,2,46,2,5,2,"252",Loyal
11864,238,2,48,2,5,2,"252",Loyal
19627,279,2,42,2,5,2,"252",Loyal
13507,280,2,44,2,5,2,"252",Loyal
11926,226,2,48,2,5,2,"252",Loyal
16282,215,2,64,2,5,2,"252",Loyal
12092,241,2,51,2,5,2,"252",Loyal
13522,219,2,60,2,5,2,"252",Loyal
12654,218,2,45,2,5,2,"252",Loyal
17313,219,2,52,2,5,2,"252",Loyal
12185,290,2,50,2,5,2,"252",Loyal
11279,222,2,45,2,5,2,"252",Loyal
11866,278,2,43,2,5,2,"252",Loyal
11284,273,2,55,2,5,2,"252",Loyal
12365,238,2,54,2,5,2,"252",Loyal
16449,250,2,47,2,5,2,"252",Loyal
11322,254,2,45,2,5,2,"252",Loyal
19591,216,2,63,2,5,2,"252",Loyal
18677,266,2,61,2,5,2,"252",Loyal
17318,279,2,44,2,5,2,"252",Loyal
11183,231,2,46,2,5,2,"252",Loyal
15766,224,2,62,2,5,2,"252",Loyal
14074,248,2,60,2,5,2,"252",Loyal
11312,242,2,42,2,5,2,"252",Loyal
19976,215,2,44,2,5,2,"252",Loyal
17355,213,2,46,2,5,2,"252",Loyal
12370,242,3,62,2,5,2,"252",Loyal
12046,287,2,44,2,5,2,"252",Loyal
11125,211,3,80,2,5,2,"252",Loyal
12960,248,2,51,2,5,2,"252",Loyal
14723,224,3,88,2,5,2,"252",Loyal
12197,268,2,48,2,5,2,"252",Loyal
11321,247,2,37,2,5,1,"251",Loyal
11634,279,2,40,2,5,1,"251",Loyal
11776,241,2,6079,2,4,5,"245",At Risk
19947,263,2,6057,2,4,5,"245",At Risk
11588,263,2,4369,2,4,5,"245",At Risk
13492,218,2,4501,2,4,5,"245",At Risk
19772,257,2,6031,2,4,5,"245",At Risk
19102,277,2,6030,2,4,5,"245",At Risk
14132,266,2,3804,2,4,5,"245",At Risk
20609,210,2,6118,2,4,5,"245",At Risk
24418,278,2,4330,2,4,5,"245",At Risk
23106,288,2,3956,2,4,5,"245",At Risk
19628,267,2,6036,2,4,5,"245",At Risk
15028,218,2,3826,2,4,5,"245",At Risk
20228,245,2,6093,2,4,5,"245",At Risk
22233,230,2,5997,2,4,5,"245",At Risk
20991,278,2,4118,2,4,5,"245",At Risk
20616,211,2,6093,2,4,5,"245",At Risk
19791,273,2,6058,2,4,5,"245",At Risk
14139,218,2,4398,2,4,5,"245",At Risk
13976,229,2,4512,2,4,5,"245",At Risk
12854,239,2,4367,2,4,5,"245",At Risk
29221,211,2,4321,2,4,5,"245",At Risk
14140,211,2,4398,2,4,5,"245",At Risk
19794,254,2,6099,2,4,5,"245",At Risk
17233,211,2,4348,2,4,5,"245",At Risk
20615,211,2,6061,2,4,5,"245",At Risk
23572,275,2,3618,2,4,5,"245",At Risk
19964,226,2,6057,2,4,5,"245",At Risk
22966,287,2,3918,2,4,5,"245",At Risk
24462,243,2,3618,2,4,5,"245",At Risk
23121,252,2,4144,2,4,5,"245",At Risk
19950,226,2,6099,2,4,5,"245",At Risk
17310,239,2,6030,2,4,5,"245",At Risk
12079,212,2,6008,2,4,5,"245",At Risk
13442,224,2,4501,2,4,5,"245",At Risk
13844,242,2,4356,2,4,5,"245",At Risk
28869,271,2,4356,2,4,5,"245",At Risk
20220,238,2,6061,2,4,5,"245",At Risk
13382,252,2,4526,2,4,5,"245",At Risk
19974,225,2,6022,2,4,5,"245",At Risk
20226,239,2,6067,2,4,5,"245",At Risk
13842,223,2,4405,2,4,5,"245",At Risk
19965,218,2,6057,2,4,5,"245",At Risk
19957,229,2,6036,2,4,5,"245",At Risk
17065,221,2,4418,2,4,5,"245",At Risk
13237,274,2,4517,2,4,5,"245",At Risk
19612,252,2,6030,2,4,5,"245",At Risk
23547,276,2,3599,2,4,5,"245",At Risk
28870,269,2,4335,2,4,5,"245",At Risk
19970,218,2,6099,2,4,5,"245",At Risk
19795,257,2,6045,2,4,5,"245",At Risk
19963,231,2,6054,2,4,5,"245",At Risk
13324,266,2,4527,2,4,5,"245",At Risk
12766,239,2,4418,2,4,5,"245",At Risk
17824,244,2,4335,2,4,5,"245",At Risk
12225,260,2,4381,2,4,5,"245",At Risk
15015,240,2,3804,2,4,5,"245",At Risk
23420,223,2,4144,2,4,5,"245",At Risk
19790,251,2,6090,2,4,5,"245",At Risk
29201,213,2,4335,2,4,5,"245",At Risk
13238,247,2,4512,2,4,5,"245",At Risk
24244,251,2,3618,2,4,5,"245",At Risk
19099,287,2,6039,2,4,5,"245",At Risk
20239,225,2,6093,2,4,5,"245",At Risk
19105,279,2,6057,2,4,5,"245",At Risk
20244,231,2,6022,2,4,5,"245",At Risk
13283,259,2,4499,2,4,5,"245",At Risk
14967,250,2,4194,2,4,5,"245",At Risk
19956,219,2,6061,2,4,5,"245",At Risk
19789,275,2,6058,2,4,5,"245",At Risk
13351,267,2,4477,2,4,5,"245",At Risk
17071,226,2,4418,2,4,5,"245",At Risk
17848,213,2,3918,2,4,5,"245",At Risk
17799,244,2,3908,2,4,5,"245",At Risk
14134,272,2,3835,2,4,5,"245",At Risk
20983,279,2,4179,2,4,5,"245",At Risk
12041,213,2,5998,2,4,5,"245",At Risk
19611,247,2,6054,2,4,5,"245",At Risk
13438,233,2,4502,2,4,5,"245",At Risk
28854,267,2,4356,2,4,5,"245",At Risk
12855,233,2,4414,2,4,5,"245",At Risk
29032,233,2,4390,2,4,5,"245",At Risk
18930,283,2,6036,2,4,5,"245",At Risk
19949,266,2,6054,2,4,5,"245",At Risk
23540,286,2,3627,2,4,5,"245",At Risk
23431,214,2,4158,2,4,5,"245",At Risk
13904,219,2,4502,2,4,5,"245",At Risk
20246,214,2,6036,2,4,5,"245",At Risk
12242,233,2,3949,2,4,5,"245",At Risk
14129,290,2,3750,2,4,5,"245",At Risk
13436,240,2,4499,2,4,5,"245",At Risk
17315,223,2,6031,2,4,5,"245",At Risk
12014,246,2,3950,2,4,5,"245",At Risk
29166,243,2,4335,2,4,5,"245",At Risk
15050,214,2,4206,2,4,5,"245",At Risk
20227,222,2,6054,2,4,5,"245",At Risk
23116,279,2,3937,2,4,5,"245",At Risk
13464,228,2,4502,2,4,5,"245",At Risk
12246,228,2,3947,2,4,5,"245",At Risk
14130,277,2,3814,2,4,5,"245",At Risk
22050,228,2,4161,2,4,5,"245",At Risk
17046,277,2,4468,2,4,5,"245",At Risk
19979,222,2,6091,2,4,5,"245",At Risk
13083,281,2,4533,2,4,5,"245",At Risk
23344,239,2,3883,2,4,5,"245",At Risk
23343,239,2,3937,2,4,5,"245",At Risk
14979,242,2,4183,2,4,5,"245",At Risk
13419,271,2,4477,2,4,5,"245",At Risk
17285,233,2,6093,2,4,5,"245",At Risk
12228,254,2,4401,2,4,5,"245",At Risk
28859,246,2,4356,2,4,5,"245",At Risk
19975,215,2,6057,2,4,5,"245",At Risk
17056,253,2,4418,2,4,5,"245",At Risk
20995,282,2,4127,2,4,5,"245",At Risk
19967,219,2,6030,2,4,5,"245",At Risk
12857,215,2,4384,2,4,5,"245",At Risk
19577,279,2,6038,2,4,5,"245",At Risk
14969,271,2,4118,2,4,5,"245",At Risk
19602,246,2,6093,2,4,5,"245",At Risk
17847,215,2,4144,2,4,5,"245",At Risk
29128,243,2,4350,2,4,5,"245",At Risk
29138,228,2,4375,2,4,5,"245",At Risk
13808,252,2,4407,2,4,5,"245",At Risk
23409,226,2,3918,2,4,5,"245",At Risk
14137,215,2,4398,2,4,5,"245",At Risk
22903,276,2,6054,2,4,5,"245",At Risk
19948,268,2,6022,2,4,5,"245",At Risk
12231,222,2,4354,2,4,5,"245",At Risk
28845,277,2,4321,2,4,5,"245",At Risk
19568,279,2,6061,2,4,5,"245",At Risk
23348,215,2,4167,2,4,5,"245",At Risk
17784,226,2,3892,2,4,5,"245",At Risk
19558,286,2,6030,2,4,5,"245",At Risk
22996,220,2,6036,2,4,5,"245",At Risk
12241,224,2,3989,2,4,5,"245",At Risk
29011,222,2,4335,2,4,5,"245",At Risk
22995,215,2,6061,2,4,5,"245",At Risk
23117,285,2,3932,2,4,5,"245",At Risk
12243,225,2,3915,2,4,5,"245",At Risk
17308,215,2,6022,2,4,5,"245",At Risk
20242,231,2,6068,2,4,5,"245",At Risk
13277,274,2,4499,2,4,5,"245",At Risk
14138,241,2,4444,2,4,5,"245",At Risk
19951,222,2,6022,2,4,5,"245",At Risk
12856,231,2,4460,2,4,5,"245",At Risk
23408,222,2,4219,2,4,5,"245",At Risk
19971,229,2,6057,2,4,5,"245",At Risk
17045,285,2,4481,2,4,5,"245",At Risk
12218,280,2,4472,2,4,5,"245",At Risk
16708,280,2,4407,2,4,5,"245",At Risk
12245,231,2,3967,2,4,5,"245",At Risk
11613,281,2,4381,2,4,5,"245",At Risk
17069,216,2,4427,2,4,5,"245",At Risk
19960,230,2,6120,2,4,5,"245",At Risk
20221,229,2,6036,2,4,5,"245",At Risk
14978,227,2,4209,2,4,5,"245",At Risk
12226,273,2,4368,2,4,5,"245",At Risk
19096,280,2,6091,2,4,5,"245",At Risk
17515,277,2,4143,2,4,5,"245",At Risk
13378,273,2,4523,2,4,5,"245",At Risk
19787,275,2,6054,2,4,5,"245",At Risk
13367,272,2,4517,2,4,5,"245",At Risk
13298,257,2,4512,2,4,5,"245",At Risk
19596,280,2,6057,2,4,5,"245",At Risk
19966,237,2,6022,2,4,5,"245",At Risk
20989,278,2,4149,2,4,5,"245",At Risk
19793,267,2,6057,2,4,5,"245",At Risk
23410,238,2,4017,2,4,5,"245",At Risk
20225,228,2,6057,2,4,5,"245",At Risk
17309,237,2,6031,2,4,5,"245",At Risk
22182,216,2,6006,2,4,5,"245",At Risk
20448,206,2,6045,2,4,5,"245",At Risk
17777,238,2,4179,2,4,5,"245",At Risk
19576,290,2,6058,2,4,5,"245",At Risk
19783,261,2,6022,2,4,5,"245",At Risk
19773,255,2,6057,2,4,5,"245",At Risk
14990,224,2,4173,2,4,5,"245",At Risk
29111,237,2,4390,2,4,5,"245",At Risk
28871,275,2,4415,2,4,5,"245",At Risk
15054,206,2,4155,2,4,5,"245",At Risk
23436,206,2,3951,2,4,5,"245",At Risk
19560,290,2,6118,2,4,5,"245",At Risk
13346,273,2,4499,2,4,5,"245",At Risk
16712,290,2,4418,2,4,5,"245",At Risk
13461,229,2,4477,2,4,5,"245",At Risk
12232,234,2,4376,2,4,5,"245",At Risk
12237,242,2,4470,2,4,5,"245",At Risk
11707,251,2,6025,2,4,5,"245",At Risk
12930,283,2,4514,2,4,5,"245",At Risk
12861,207,2,4394,2,4,5,"245",At Risk
20219,244,2,6045,2,4,5,"245",At Risk
13524,289,2,4529,2,4,5,"245",At Risk
13836,220,2,4380,2,4,5,"245",At Risk
13190,276,2,4502,2,4,5,"245",At Risk
29048,223,2,4356,2,4,5,"245",At Risk
19797,251,2,6022,2,4,5,"245",At Risk
13829,270,2,4380,2,4,5,"245",At Risk
12839,235,2,4392,2,4,5,"245",At Risk
19958,216,2,6057,2,4,5,"245",At Risk
14523,241,2,3807,2,4,5,"245",At Risk
13354,266,2,4499,2,4,5,"245",At Risk
29204,207,2,4321,2,4,5,"245",At Risk
15014,232,2,3861,2,4,5,"245",At Risk
19089,282,2,6093,2,4,5,"245",At Risk
18931,289,2,6061,2,4,5,"245",At Risk
24360,268,2,3627,2,4,5,"245",At Risk
23120,257,2,4144,2,4,5,"245",At Risk
13178,289,2,4499,2,4,5,"245",At Risk
20217,240,2,6090,2,4,5,"245",At Risk
29044,240,2,4321,2,4,5,"245",At Risk
19621,270,2,6022,2,4,5,"245",At Risk
23118,249,2,3914,2,4,5,"245",At Risk
19609,254,2,6093,2,4,5,"245",At Risk
13286,249,2,4517,2,4,5,"245",At Risk
23119,249,2,3946,2,4,5,"245",At Risk
18189,249,2,4118,2,4,5,"245",At Risk
12229,252,2,4416,2,4,5,"245",At Risk
24362,273,2,3601,2,4,5,"245",At Risk
17764,261,2,3897,2,4,5,"245",At Risk
15029,234,2,3826,2,4,5,"245",At Risk
19792,259,2,6057,2,4,5,"245",At Risk
13292,249,2,4479,2,4,5,"245",At Risk
19613,261,2,6093,2,4,5,"245",At Risk
29175,208,2,4335,2,4,5,"245",At Risk
17055,255,2,4348,2,4,5,"245",At Risk
17050,261,2,4496,2,4,5,"245",At Risk
14855,235,2,3759,2,4,5,"245",At Risk
13477,217,2,4512,2,4,5,"245",At Risk
19785,248,2,6077,2,4,5,"245",At Risk
17761,254,2,3942,2,4,5,"245",At Risk
14133,270,2,3764,2,4,5,"245",At Risk
12230,230,2,4401,2,4,5,"245",At Risk
17286,241,2,6030,2,4,5,"245",At Risk
17048,255,2,4383,2,4,5,"245",At Risk
24496,240,2,4350,2,4,5,"245",At Risk
19555,289,2,6111,2,4,5,"245",At Risk
12853,217,2,4354,2,4,5,"245",At Risk
13897,235,2,4499,2,4,5,"245",At Risk
29004,248,2,4321,2,4,5,"245",At Risk
13903,243,2,4512,2,4,5,"245",At Risk
11590,252,2,4384,2,4,5,"245",At Risk
20612,208,2,6061,2,4,5,"245",At Risk
17768,262,2,3907,2,4,5,"245",At Risk
17765,266,2,3927,2,4,5,"245",At Risk
19784,262,2,6022,2,4,5,"245",At Risk
12021,262,2,4043,2,4,5,"245",At Risk
19978,234,2,6061,2,4,5,"245",At Risk
13426,266,2,4499,2,4,5,"245",At Risk
17064,264,2,4507,2,4,5,"245",At Risk
17796,231,2,3921,2,4,5,"245",At Risk
17079,234,2,4418,2,4,5,"245",At Risk
19786,266,2,6022,2,4,5,"245",At Risk
19959,221,2,6057,2,4,5,"245",At Risk
23332,223,2,4144,2,4,5,"245",At Risk
23107,288,2,3897,2,4,5,"245",At Risk
12386,209,2,4447,2,4,5,"245",At Risk
13243,248,2,4512,2,4,5,"245",At Risk
20993,281,2,4262,2,4,5,"245",At Risk
19782,270,2,6090,2,4,5,"245",At Risk
29203,209,2,4335,2,4,5,"245",At Risk
23331,245,2,4144,2,4,5,"245",At Risk
17232,209,2,4348,2,4,5,"245",At Risk
12240,241,2,3965,2,4,5,"245",At Risk
19607,269,2,6054,2,4,5,"245",At Risk
13177,284,2,4499,2,4,5,"245",At Risk
13326,255,2,4512,2,4,5,"245",At Risk
17049,258,2,4348,2,4,5,"245",At Risk
13562,209,2,4369,2,4,5,"245",At Risk
17902,209,2,4158,2,4,5,"245",At Risk
17329,241,2,6022,2,4,5,"245",At Risk
18928,281,2,6095,2,4,5,"245",At Risk
29019,242,2,4356,2,4,5,"245",At Risk
24431,263,2,4335,2,4,5,"245",At Risk
19977,245,2,6045,2,4,5,"245",At Risk
17789,222,2,3937,2,4,5,"245",At Risk
19614,266,2,6217,2,4,5,"245",At Risk
17762,266,2,3937,2,4,5,"245",At Risk
23423,210,2,3937,2,4,5,"245",At Risk
19968,235,2,6022,2,4,5,"245",At Risk
12266,234,2,4401,2,4,5,"245",At Risk
13910,231,2,4527,2,4,5,"245",At Risk
19788,263,2,6057,2,4,5,"245",At Risk
22114,245,2,4183,2,4,5,"245",At Risk
13449,231,2,4527,2,4,5,"245",At Risk
17769,241,2,3910,2,4,5,"245",At Risk
20213,239,2,6030,2,4,5,"245",At Risk
13561,210,2,4393,2,4,5,"245",At Risk
17051,278,2,6061,2,4,5,"245",At Risk
13250,269,2,4502,2,4,5,"245",At Risk
20238,221,2,6022,2,4,5,"245",At Risk
24457,230,2,3356,2,4,4,"244",At Risk
13704,237,2,2737,2,4,4,"244",At Risk
22174,275,2,3008,2,4,4,"244",At Risk
21361,275,2,2997,2,4,4,"244",At Risk
25991,237,2,2846,2,4,4,"244",At Risk
22407,237,2,2757,2,4,4,"244",At Risk
22172,251,2,2932,2,4,4,"244",At Risk
22400,253,2,2738,2,4,4,"244",At Risk
21595,264,2,2650,2,4,4,"244",At Risk
24913,264,2,2156,2,4,4,"244",At Risk
16470,264,2,3021,2,4,4,"244",At Risk
19510,264,2,3452,2,4,4,"244",At Risk
24921,263,2,2180,2,4,4,"244",At Risk
21384,252,2,2921,2,4,4,"244",At Risk
17772,262,2,2846,2,4,4,"244",At Risk
17755,262,2,2769,2,4,4,"244",At Risk
24917,262,2,2180,2,4,4,"244",At Risk
24281,262,2,3302,2,4,4,"244",At Risk
16512,261,2,3263,2,4,4,"244",At Risk
19511,261,2,3524,2,4,4,"244",At Risk
22401,261,2,2983,2,4,4,"244",At Risk
21105,265,2,2534,2,4,4,"244",At Risk
13800,260,2,3263,2,4,4,"244",At Risk
20869,252,2,2543,2,4,4,"244",At Risk
22171,260,2,2722,2,4,4,"244",At Risk
20880,260,2,2519,2,4,4,"244",At Risk
17790,266,2,3039,2,4,4,"244",At Risk
25971,259,2,2749,2,4,4,"244",At Risk
20872,253,2,2519,2,4,4,"244",At Risk
17641,259,2,2736,2,4,4,"244",At Risk
17716,259,2,2701,2,4,4,"244",At Risk
26040,206,2,3018,2,4,4,"244",At Risk
14452,206,2,3377,2,4,4,"244",At Risk
21336,290,2,2628,2,4,4,"244",At Risk
14433,207,2,3342,2,4,4,"244",At Risk
26509,249,2,2800,2,4,4,"244",At Risk
20711,249,2,3240,2,4,4,"244",At Risk
15006,207,2,2994,2,4,4,"244",At Risk
19506,249,2,3480,2,4,4,"244",At Risk
23324,207,2,2731,2,4,4,"244",At Risk
17714,270,2,2736,2,4,4,"244",At Risk
14602,208,2,3151,2,4,4,"244",At Risk
20852,289,2,2547,2,4,4,"244",At Risk
26484,289,2,2814,2,4,4,"244",At Risk
22402,248,2,2722,2,4,4,"244",At Risk
14412,208,2,3320,2,4,4,"244",At Risk
24922,248,2,2146,2,4,4,"244",At Risk
17831,208,2,2750,2,4,4,"244",At Risk
26485,289,2,2814,2,4,4,"244",At Risk
21621,208,2,2617,2,4,4,"244",At Risk
21000,248,2,2722,2,4,4,"244",At Risk
17720,289,2,2791,2,4,4,"244",At Risk
24477,209,2,3302,2,4,4,"244",At Risk
20859,258,2,2509,2,4,4,"244",At Risk
26486,288,2,2800,2,4,4,"244",At Risk
20886,270,2,2534,2,4,4,"244",At Risk
20856,288,2,2484,2,4,4,"244",At Risk
14434,209,2,3396,2,4,4,"244",At Risk
25215,209,2,2156,2,4,4,"244",At Risk
23542,288,2,3337,2,4,4,"244",At Risk
14670,210,2,2920,2,4,4,"244",At Risk
24908,288,2,2156,2,4,4,"244",At Risk
23573,248,2,3337,2,4,4,"244",At Risk
25213,210,2,2185,2,4,4,"244",At Risk
21106,271,2,2538,2,4,4,"244",At Risk
26200,210,2,2757,2,4,4,"244",At Risk
20851,288,2,2519,2,4,4,"244",At Risk
21071,211,2,2534,2,4,4,"244",At Risk
13779,287,2,3063,2,4,4,"244",At Risk
14464,211,2,3358,2,4,4,"244",At Risk
13806,247,2,3076,2,4,4,"244",At Risk
17896,211,2,3045,2,4,4,"244",At Risk
21387,247,2,2745,2,4,4,"244",At Risk
14449,212,2,3355,2,4,4,"244",At Risk
15155,212,2,3149,2,4,4,"244",At Risk
24585,212,2,3366,2,4,4,"244",At Risk
24484,212,2,3564,2,4,4,"244",At Risk
14648,212,2,3024,2,4,4,"244",At Risk
14484,212,2,3345,2,4,4,"244",At Risk
14420,213,2,3320,2,4,4,"244",At Risk
22399,271,2,2785,2,4,4,"244",At Risk
14456,213,2,3406,2,4,4,"244",At Risk
25127,213,2,2175,2,4,4,"244",At Risk
21002,247,2,2992,2,4,4,"244",At Risk
17750,286,2,2889,2,4,4,"244",At Risk
25287,247,2,2983,2,4,4,"244",At Risk
25408,247,2,2736,2,4,4,"244",At Risk
26510,246,2,2814,2,4,4,"244",At Risk
14486,214,2,3310,2,4,4,"244",At Risk
16447,246,2,3001,2,4,4,"244",At Risk
22168,246,2,2997,2,4,4,"244",At Risk
22572,215,2,2997,2,4,4,"244",At Risk
25052,215,2,2156,2,4,4,"244",At Risk
17841,215,2,2804,2,4,4,"244",At Risk
22577,215,2,2743,2,4,4,"244",At Risk
21104,258,2,2567,2,4,4,"244",At Risk
13811,216,2,3001,2,4,4,"244",At Risk
18627,216,2,3027,2,4,4,"244",At Risk
26343,285,2,2800,2,4,4,"244",At Risk
15833,272,2,2611,2,4,4,"244",At Risk
17752,216,2,2776,2,4,4,"244",At Risk
17773,216,2,2751,2,4,4,"244",At Risk
20717,216,2,3240,2,4,4,"244",At Risk
21018,245,2,2515,2,4,4,"244",At Risk
14297,216,2,3335,2,4,4,"244",At Risk
24372,216,2,3356,2,4,4,"244",At Risk
24476,245,2,3564,2,4,4,"244",At Risk
14240,217,2,3391,2,4,4,"244",At Risk
14120,217,2,3377,2,4,4,"244",At Risk
21620,217,2,2620,2,4,4,"244",At Risk
20719,254,2,1947,2,4,4,"244",At Risk
16553,245,2,3001,2,4,4,"244",At Risk
23575,254,2,3302,2,4,4,"244",At Risk
14088,253,2,2755,2,4,4,"244",At Risk
22170,272,2,2745,2,4,4,"244",At Risk
24915,266,2,2146,2,4,4,"244",At Risk
25107,245,2,2144,2,4,4,"244",At Risk
20828,218,2,1938,2,4,4,"244",At Risk
20808,218,2,1938,2,4,4,"244",At Risk
26606,218,2,2890,2,4,4,"244",At Risk
24361,257,2,3391,2,4,4,"244",At Risk
14292,218,2,3320,2,4,4,"244",At Risk
13801,254,2,3263,2,4,4,"244",At Risk
21020,244,2,2498,2,4,4,"244",At Risk
17756,244,2,2715,2,4,4,"244",At Risk
14380,219,2,3330,2,4,4,"244",At Risk
20975,219,2,2515,2,4,4,"244",At Risk
20830,219,2,1966,2,4,4,"244",At Risk
17795,220,2,2983,2,4,4,"244",At Risk
22410,220,2,2983,2,4,4,"244",At Risk
16562,220,2,3001,2,4,4,"244",At Risk
17634,283,2,2736,2,4,4,"244",At Risk
24460,244,2,3302,2,4,4,"244",At Risk
25288,257,2,2722,2,4,4,"244",At Risk
21036,244,2,2548,2,4,4,"244",At Risk
24916,273,2,2170,2,4,4,"244",At Risk
25057,244,2,2121,2,4,4,"244",At Risk
25989,244,2,2745,2,4,4,"244",At Risk
22404,244,2,2983,2,4,4,"244",At Risk
21380,273,2,2736,2,4,4,"244",At Risk
14374,244,2,3363,2,4,4,"244",At Risk
17753,254,2,3080,2,4,4,"244",At Risk
20811,243,2,3270,2,4,4,"244",At Risk
14005,243,2,3319,2,4,4,"244",At Risk
17094,221,2,3001,2,4,4,"244",At Risk
14290,221,2,3377,2,4,4,"244",At Risk
26513,221,2,2849,2,4,4,"244",At Risk
20726,243,2,1942,2,4,4,"244",At Risk
26581,221,2,2823,2,4,4,"244",At Risk
22411,221,2,2771,2,4,4,"244",At Risk
26608,221,2,2882,2,4,4,"244",At Risk
21389,273,2,2771,2,4,4,"244",At Risk
26601,243,2,2863,2,4,4,"244",At Risk
26600,221,2,2800,2,4,4,"244",At Risk
17798,222,2,3058,2,4,4,"244",At Risk
26579,243,2,2840,2,4,4,"244",At Risk
25037,222,2,2175,2,4,4,"244",At Risk
17803,243,2,2761,2,4,4,"244",At Risk
17815,222,2,3124,2,4,4,"244",At Risk
17747,282,2,2744,2,4,4,"244",At Risk
23546,282,2,3337,2,4,4,"244",At Risk
26546,222,2,2848,2,4,4,"244",At Risk
21582,273,2,2638,2,4,4,"244",At Risk
25053,243,2,2184,2,4,4,"244",At Risk
21359,254,2,3032,2,4,4,"244",At Risk
13999,222,2,3295,2,4,4,"244",At Risk
24920,273,2,2156,2,4,4,"244",At Risk
21379,254,2,2992,2,4,4,"244",At Risk
14298,223,2,3366,2,4,4,"244",At Risk
20890,223,2,2528,2,4,4,"244",At Risk
14239,242,2,3295,2,4,4,"244",At Risk
21668,223,2,2519,2,4,4,"244",At Risk
14006,242,2,3295,2,4,4,"244",At Risk
26607,242,2,2814,2,4,4,"244",At Risk
14116,223,2,3317,2,4,4,"244",At Risk
23574,268,2,3337,2,4,4,"244",At Risk
13812,242,2,3263,2,4,4,"244",At Risk
25034,224,2,2165,2,4,4,"244",At Risk
22579,242,2,2731,2,4,4,"244",At Risk
17627,225,2,3021,2,4,4,"244",At Risk
24461,242,2,3302,2,4,4,"244",At Risk
24918,254,2,2121,2,4,4,"244",At Risk
14960,242,2,2804,2,4,4,"244",At Risk
20998,281,2,2807,2,4,4,"244",At Risk
25121,225,2,2156,2,4,4,"244",At Risk
21613,225,2,2611,2,4,4,"244",At Risk
24924,242,2,2144,2,4,4,"244",At Risk
13839,225,2,3243,2,4,4,"244",At Risk
24467,242,2,3337,2,4,4,"244",At Risk
25119,226,2,2148,2,4,4,"244",At Risk
24919,273,2,2213,2,4,4,"244",At Risk
14944,242,2,3040,2,4,4,"244",At Risk
24909,280,2,2150,2,4,4,"244",At Risk
17770,242,2,2715,2,4,4,"244",At Risk
16160,226,2,2644,2,4,4,"244",At Risk
20831,226,2,2013,2,4,4,"244",At Risk
21614,226,2,2589,2,4,4,"244",At Risk
21011,226,2,2528,2,4,4,"244",At Risk
24923,256,2,2159,2,4,4,"244",At Risk
25035,227,2,2184,2,4,4,"244",At Risk
14381,227,2,3330,2,4,4,"244",At Risk
22578,227,2,2736,2,4,4,"244",At Risk
14288,227,2,3351,2,4,4,"244",At Risk
14948,227,2,2787,2,4,4,"244",At Risk
25126,227,2,2175,2,4,4,"244",At Risk
19436,241,2,1943,2,4,4,"244",At Risk
20875,254,2,2519,2,4,4,"244",At Risk
21053,228,2,2543,2,4,4,"244",At Risk
24914,273,2,2150,2,4,4,"244",At Risk
22580,241,2,3051,2,4,4,"244",At Risk
14112,241,2,3361,2,4,4,"244",At Risk
25120,228,2,2156,2,4,4,"244",At Risk
20885,254,2,2519,2,4,4,"244",At Risk
25115,228,2,2156,2,4,4,"244",At Risk
14242,241,2,3351,2,4,4,"244",At Risk
14957,228,2,2807,2,4,4,"244",At Risk
26520,241,2,2828,2,4,4,"244",At Risk
26499,273,2,2849,2,4,4,"244",At Risk
26575,228,2,2890,2,4,4,"244",At Risk
17626,228,2,3001,2,4,4,"244",At Risk
24365,273,2,3331,2,4,4,"244",At Risk
17739,229,2,2736,2,4,4,"244",At Risk
17085,229,2,2986,2,4,4,"244",At Risk
17794,229,2,2746,2,4,4,"244",At Risk
17754,229,2,2755,2,4,4,"244",At Risk
23541,279,2,3337,2,4,4,"244",At Risk
20710,279,2,3240,2,4,4,"244",At Risk
17646,256,2,2751,2,4,4,"244",At Risk
21012,229,2,2498,2,4,4,"244",At Risk
24466,240,2,3337,2,4,4,"244",At Risk
26545,240,2,2823,2,4,4,"244",At Risk
14946,230,2,2779,2,4,4,"244",At Risk
14044,240,2,3358,2,4,4,"244",At Risk
22175,273,2,3018,2,4,4,"244",At Risk
21044,240,2,2534,2,4,4,"244",At Risk
25981,230,2,3018,2,4,4,"244",At Risk
22581,240,2,2749,2,4,4,"244",At Risk
25051,230,2,2175,2,4,4,"244",At Risk
25106,230,2,2171,2,4,4,"244",At Risk
24465,240,2,3356,2,4,4,"244",At Risk
21400,256,2,2689,2,4,4,"244",At Risk
22173,269,2,2736,2,4,4,"244",At Risk
25111,239,2,2146,2,4,4,"244",At Risk
19458,231,2,1957,2,4,4,"244",At Risk
22571,239,2,2835,2,4,4,"244",At Risk
14117,231,2,3352,2,4,4,"244",At Risk
21589,256,2,2589,2,4,4,"244",At Risk
21130,231,2,2484,2,4,4,"244",At Risk
19427,231,2,1967,2,4,4,"244",At Risk
22409,239,2,2746,2,4,4,"244",At Risk
17775,239,2,2794,2,4,4,"244",At Risk
20829,232,2,1962,2,4,4,"244",At Risk
14382,232,2,3374,2,4,4,"244",At Risk
21034,232,2,2534,2,4,4,"244",At Risk
26614,232,2,2791,2,4,4,"244",At Risk
14289,232,2,3377,2,4,4,"244",At Risk
25992,232,2,2722,2,4,4,"244",At Risk
17744,277,2,2766,2,4,4,"244",At Risk
22406,239,2,3018,2,4,4,"244",At Risk
20933,233,2,2519,2,4,4,"244",At Risk
17813,239,2,3020,2,4,4,"244",At Risk
22576,233,2,2722,2,4,4,"244",At Risk
17115,233,2,3008,2,4,4,"244",At Risk
22412,233,2,3018,2,4,4,"244",At Risk
14357,233,2,3338,2,4,4,"244",At Risk
14255,233,2,3380,2,4,4,"244",At Risk
14253,233,2,3395,2,4,4,"244",At Risk
21027,239,2,2538,2,4,4,"244",At Risk
22575,234,2,3018,2,4,4,"244",At Risk
14256,234,2,3342,2,4,4,"244",At Risk
22408,238,2,2771,2,4,4,"244",At Risk
25036,238,2,2121,2,4,4,"244",At Risk
20712,235,2,3261,2,4,4,"244",At Risk
13085,235,2,3090,2,4,4,"244",At Risk
14356,238,2,3352,2,4,4,"244",At Risk
26521,235,2,2822,2,4,4,"244",At Risk
14377,238,2,3320,2,4,4,"244",At Risk
13067,276,2,3059,2,4,4,"244",At Risk
14115,235,2,3298,2,4,4,"244",At Risk
22573,235,2,2722,2,4,4,"244",At Risk
21001,275,2,3018,2,4,4,"244",At Risk
14121,236,2,3320,2,4,4,"244",At Risk
13171,238,2,192,2,4,3,"243",At Risk
17306,251,2,118,2,4,3,"243",At Risk
13785,227,2,122,2,4,3,"243",At Risk
11273,252,2,273,2,4,3,"243",At Risk
11014,275,2,138,2,4,3,"243",At Risk
14223,227,2,156,2,4,3,"243",At Risk
17484,284,2,127,2,4,3,"243",At Risk
15829,233,2,188,2,4,3,"243",At Risk
19399,233,2,151,2,4,3,"243",At Risk
12627,214,2,111,2,4,3,"243",At Risk
12073,280,2,134,2,4,3,"243",At Risk
16840,217,2,177,2,4,3,"243",At Risk
16734,233,2,129,2,4,3,"243",At Risk
17251,233,2,124,2,4,3,"243",At Risk
15681,221,2,106,2,4,3,"243",At Risk
17226,239,2,110,2,4,3,"243",At Risk
11700,235,2,138,2,4,3,"243",At Risk
18325,255,2,109,2,4,3,"243",At Risk
29575,275,2,381,2,4,3,"243",At Risk
19566,228,2,165,2,4,3,"243",At Risk
13170,281,2,231,2,4,3,"243",At Risk
11829,223,2,131,2,4,3,"243",At Risk
17844,263,2,196,2,4,3,"243",At Risk
11165,239,2,102,2,4,3,"243",At Risk
16171,265,2,104,2,4,3,"243",At Risk
13015,267,2,155,2,4,3,"243",At Risk
11891,214,2,110,2,4,3,"243",At Risk
11850,241,2,149,2,4,3,"243",At Risk
12244,258,2,115,2,4,3,"243",At Risk
16846,286,2,181,2,4,3,"243",At Risk
17479,239,2,163,2,4,3,"243",At Risk
15124,252,2,122,2,4,3,"243",At Risk
14839,236,2,156,2,4,3,"243",At Risk
11419,217,2,232,2,4,3,"243",At Risk
14423,260,2,142,2,4,3,"243",At Risk
16338,275,2,169,2,4,3,"243",At Risk
16841,246,2,127,2,4,3,"243",At Risk
15236,242,2,127,2,4,3,"243",At Risk
14799,263,2,163,2,4,3,"243",At Risk
11499,215,2,192,2,4,3,"243",At Risk
13781,226,2,110,2,4,3,"243",At Risk
15806,269,2,103,2,4,3,"243",At Risk
12753,226,2,171,2,4,3,"243",At Risk
18181,238,2,186,2,4,3,"243",At Risk
13503,253,2,101,2,4,3,"243",At Risk
14717,266,2,114,2,4,3,"243",At Risk
11783,264,2,110,2,4,3,"243",At Risk
12933,215,2,143,2,4,3,"243",At Risk
11701,271,2,129,2,4,3,"243",At Risk
12865,276,2,114,2,4,3,"243",At Risk
15137,272,2,162,2,4,3,"243",At Risk
20106,235,2,132,2,4,3,"243",At Risk
16192,277,2,101,2,4,3,"243",At Risk
18295,263,2,144,2,4,3,"243",At Risk
17628,264,2,106,2,4,3,"243",At Risk
16643,262,2,127,2,4,3,"243",At Risk
16593,256,2,102,2,4,3,"243",At Risk
19567,252,2,105,2,4,3,"243",At Risk
11304,283,2,122,2,4,3,"243",At Risk
11734,207,2,136,2,4,3,"243",At Risk
13041,225,2,154,2,4,3,"243",At Risk
14694,240,2,157,2,4,3,"243",At Risk
13603,234,2,134,2,4,3,"243",At Risk
12309,261,2,102,2,4,3,"243",At Risk
11178,249,2,145,2,4,3,"243",At Risk
20086,253,2,129,2,4,3,"243",At Risk
19015,265,2,125,2,4,3,"243",At Risk
11662,208,2,100,2,4,3,"243",At Risk
11691,256,2,120,2,4,3,"243",At Risk
11790,253,2,147,2,4,3,"243",At Risk
15711,209,2,127,2,4,3,"243",At Risk
20218,272,2,105,2,4,3,"243",At Risk
17494,248,2,112,2,4,3,"243",At Risk
17601,219,2,225,2,4,3,"243",At Risk
11622,229,2,134,2,4,3,"243",At Risk
11725,273,2,124,2,4,3,"243",At Risk
11233,236,2,179,2,4,3,"243",At Risk
12204,222,2,120,2,4,3,"243",At Risk
14553,279,2,148,2,4,3,"243",At Risk
11686,281,2,129,2,4,3,"243",At Risk
11890,209,2,130,2,4,3,"243",At Risk
19645,223,2,134,2,4,3,"243",At Risk
15795,276,2,132,2,4,3,"243",At Risk
17036,244,2,177,2,4,3,"243",At Risk
11643,210,2,100,2,4,3,"243",At Risk
16489,266,2,113,2,4,3,"243",At Risk
14059,210,2,107,2,4,3,"243",At Risk
13641,237,2,145,2,4,3,"243",At Risk
18449,210,2,101,2,4,3,"243",At Risk
14217,210,2,139,2,4,3,"243",At Risk
17297,252,2,100,2,4,3,"243",At Risk
16174,226,2,140,2,4,3,"243",At Risk
18199,212,2,100,2,4,3,"243",At Risk
17481,272,2,127,2,4,3,"243",At Risk
16314,212,2,112,2,4,3,"243",At Risk
12563,213,2,119,2,4,3,"243",At Risk
14806,231,2,243,2,4,3,"243",At Risk
11792,214,2,120,2,4,3,"243",At Risk
18187,241,1,45,2,4,2,"242",At Risk
12115,223,2,90,2,4,2,"242",At Risk
11687,223,2,98,2,4,2,"242",At Risk
27610,257,1,43,2,4,2,"242",At Risk
12376,240,2,75,2,4,2,"242",At Risk
25900,257,1,42,2,4,2,"242",At Risk
29372,222,1,40,2,4,2,"242",At Risk
16012,222,2,94,2,4,2,"242",At Risk
16032,282,2,91,2,4,2,"242",At Risk
17483,222,2,65,2,4,2,"242",At Risk
28915,230,1,40,2,4,2,"242",At Risk
12427,240,1,40,2,4,2,"242",At Risk
11649,282,2,91,2,4,2,"242",At Risk
16193,279,2,90,2,4,2,"242",At Risk
17300,240,2,94,2,4,2,"242",At Risk
11260,221,2,81,2,4,2,"242",At Risk
17105,240,2,83,2,4,2,"242",At Risk
15148,237,2,91,2,4,2,"242",At Risk
23745,275,1,44,2,4,2,"242",At Risk
11514,220,1,40,2,4,2,"242",At Risk
12137,264,2,92,2,4,2,"242",At Risk
11836,283,2,70,2,4,2,"242",At Risk
23490,262,1,44,2,4,2,"242",At Risk
21074,220,1,44,2,4,2,"242",At Risk
26804,220,1,44,2,4,2,"242",At Risk
26557,264,1,44,2,4,2,"242",At Risk
14860,220,2,67,2,4,2,"242",At Risk
12051,244,2,90,2,4,2,"242",At Risk
17346,219,2,81,2,4,2,"242",At Risk
14810,240,1,40,2,4,2,"242",At Risk
15854,231,1,42,2,4,2,"242",At Risk
16700,219,2,93,2,4,2,"242",At Risk
17074,219,2,90,2,4,2,"242",At Risk
11424,284,1,44,2,4,2,"242",At Risk
19574,264,2,97,2,4,2,"242",At Risk
28881,231,1,40,2,4,2,"242",At Risk
13523,218,2,67,2,4,2,"242",At Risk
17243,238,2,84,2,4,2,"242",At Risk
12247,272,2,77,2,4,2,"242",At Risk
24992,239,1,43,2,4,2,"242",At Risk
22212,272,1,40,2,4,2,"242",At Risk
17244,217,2,86,2,4,2,"242",At Risk
19106,263,2,65,2,4,2,"242",At Risk
17776,217,2,72,2,4,2,"242",At Risk
18090,254,2,65,2,4,2,"242",At Risk
28455,263,1,43,2,4,2,"242",At Risk
11887,217,2,83,2,4,2,"242",At Risk
26105,232,1,40,2,4,2,"242",At Risk
11206,245,2,77,2,4,2,"242",At Risk
24968,217,1,45,2,4,2,"242",At Risk
12269,217,1,44,2,4,2,"242",At Risk
24391,245,1,43,2,4,2,"242",At Risk
18573,216,2,84,2,4,2,"242",At Risk
15612,216,2,80,2,4,2,"242",At Risk
23736,271,1,43,2,4,2,"242",At Risk
14232,263,2,77,2,4,2,"242",At Risk
11871,246,2,70,2,4,2,"242",At Risk
16615,215,2,96,2,4,2,"242",At Risk
12416,215,1,40,2,4,2,"242",At Risk
11789,277,2,72,2,4,2,"242",At Risk
12498,215,1,40,2,4,2,"242",At Risk
11828,286,2,94,2,4,2,"242",At Risk
16627,215,2,65,2,4,2,"242",At Risk
14981,252,2,71,2,4,2,"242",At Risk
13996,214,2,66,2,4,2,"242",At Risk
21580,233,1,45,2,4,2,"242",At Risk
12135,213,2,85,2,4,2,"242",At Risk
28537,233,1,40,2,4,2,"242",At Risk
12497,213,1,42,2,4,2,"242",At Risk
21972,247,1,40,2,4,2,"242",At Risk
17291,286,2,86,2,4,2,"242",At Risk
24398,287,1,43,2,4,2,"242",At Risk
14052,239,2,86,2,4,2,"242",At Risk
11840,271,2,87,2,4,2,"242",At Risk
13046,212,2,65,2,4,2,"242",At Risk
16625,211,2,82,2,4,2,"242",At Risk
22853,248,1,40,2,4,2,"242",At Risk
17186,210,2,77,2,4,2,"242",At Risk
17810,248,2,88,2,4,2,"242",At Risk
21533,210,1,40,2,4,2,"242",At Risk
23689,210,1,44,2,4,2,"242",At Risk
14543,209,1,42,2,4,2,"242",At Risk
18206,209,2,66,2,4,2,"242",At Risk
27496,276,1,42,2,4,2,"242",At Risk
15798,234,2,99,2,4,2,"242",At Risk
20873,270,1,43,2,4,2,"242",At Risk
21963,270,1,40,2,4,2,"242",At Risk
19969,238,2,98,2,4,2,"242",At Risk
12306,236,2,75,2,4,2,"242",At Risk
14537,207,1,42,2,4,2,"242",At Risk
16626,255,2,72,2,4,2,"242",At Risk
12057,207,2,87,2,4,2,"242",At Risk
28278,269,1,40,2,4,2,"242",At Risk
19266,250,1,42,2,4,2,"242",At Risk
27135,206,1,43,2,4,2,"242",At Risk
14857,250,2,88,2,4,2,"242",At Risk
28122,250,1,40,2,4,2,"242",At Risk
19630,250,2,74,2,4,2,"242",At Risk
12194,266,2,83,2,4,2,"242",At Risk
13642,260,2,80,2,4,2,"242",At Risk
15128,265,2,77,2,4,2,"242",At Risk
11508,261,2,77,2,4,2,"242",At Risk
11714,261,2,94,2,4,2,"242",At Risk
12101,238,2,92,2,4,2,"242",At Risk
17786,261,2,89,2,4,2,"242",At Risk
17227,235,2,84,2,4,2,"242",At Risk
14212,236,2,82,2,4,2,"242",At Risk
12227,276,1,44,2,4,2,"242",At Risk
19572,226,2,82,2,4,2,"242",At Risk
12436,228,1,42,2,4,2,"242",At Risk
12259,225,2,87,2,4,2,"242",At Risk
15441,242,2,77,2,4,2,"242",At Risk
11436,225,2,82,2,4,2,"242",At Risk
19954,229,2,74,2,4,2,"242",At Risk
27630,256,1,43,2,4,2,"242",At Risk
28043,281,1,40,2,4,2,"242",At Risk
17052,225,2,97,2,4,2,"242",At Risk
15641,281,2,97,2,4,2,"242",At Risk
22704,229,1,42,2,4,2,"242",At Risk
16200,281,2,97,2,4,2,"242",At Risk
11853,224,2,90,2,4,2,"242",At Risk
18259,214,2,31,2,4,1,"241",At Risk
16183,262,2,31,2,4,1,"241",At Risk
16185,255,2,29,2,4,1,"241",At Risk
12327,208,2,14,2,4,1,"241",At Risk
15640,274,2,35,2,4,1,"241",At Risk
18714,218,2,24,2,4,1,"241",At Risk
15639,262,2,35,2,4,1,"241",At Risk
25105,271,1,2433,2,3,4,"234",At Risk
22344,247,1,2419,2,3,4,"234",At Risk
24860,228,1,2520,2,3,4,"234",At Risk
28397,267,1,2419,2,3,4,"234",At Risk
29180,277,1,2452,2,3,4,"234",At Risk
20462,235,1,2512,2,3,4,"234",At Risk
25050,273,1,2419,2,3,4,"234",At Risk
28415,258,1,2428,2,3,4,"234",At Risk
24549,280,1,2515,2,3,4,"234",At Risk
29190,288,1,2447,2,3,4,"234",At Risk
24358,251,1,2418,2,3,4,"234",At Risk
29303,252,1,2419,2,3,4,"234",At Risk
22501,225,1,2567,2,3,4,"234",At Risk
20377,248,1,2443,2,3,4,"234",At Risk
25191,255,1,2419,2,3,4,"234",At Risk
24444,238,1,2444,2,3,4,"234",At Risk
28731,284,1,2452,2,3,4,"234",At Risk
24194,219,1,2418,2,3,4,"234",At Risk
25064,272,1,2447,2,3,4,"234",At Risk
24990,280,1,2468,2,3,4,"234",At Risk
29184,283,1,2420,2,3,4,"234",At Risk
25425,235,1,2438,2,3,4,"234",At Risk
27864,242,1,2447,2,3,4,"234",At Risk
24354,275,1,2418,2,3,4,"234",At Risk
20482,219,1,2443,2,3,4,"234",At Risk
25059,274,1,2463,2,3,4,"234",At Risk
23925,273,1,2457,2,3,4,"234",At Risk
16727,244,1,2451,2,3,4,"234",At Risk
13472,220,1,2519,2,3,4,"234",At Risk
25730,270,1,2469,2,3,4,"234",At Risk
28403,248,1,2419,2,3,4,"234",At Risk
16373,289,1,2578,2,3,4,"234",At Risk
24498,234,1,2407,2,3,4,"234",At Risk
24852,220,1,2457,2,3,4,"234",At Risk
25426,234,1,2419,2,3,4,"234",At Risk
20544,208,1,2457,2,3,4,"234",At Risk
25285,230,1,2438,2,3,4,"234",At Risk
25289,220,1,2453,2,3,4,"234",At Risk
28377,268,1,2433,2,3,4,"234",At Risk
24676,208,1,2462,2,3,4,"234",At Risk
25423,239,1,2478,2,3,4,"234",At Risk
22595,208,1,2520,2,3,4,"234",At Risk
29300,248,1,2419,2,3,4,"234",At Risk
24158,259,1,2398,2,3,4,"234",At Risk
24357,262,1,2444,2,3,4,"234",At Risk
20476,242,1,2521,2,3,4,"234",At Risk
20412,270,1,2528,2,3,4,"234",At Risk
24959,289,1,2419,2,3,4,"234",At Risk
29309,254,1,2419,2,3,4,"234",At Risk
20405,257,1,2563,2,3,4,"234",At Risk
25397,220,1,2427,2,3,4,"234",At Risk
24359,270,1,2420,2,3,4,"234",At Risk
16490,256,1,2478,2,3,4,"234",At Risk
25184,264,1,2438,2,3,4,"234",At Risk
24633,240,1,2447,2,3,4,"234",At Risk
24040,207,1,2482,2,3,4,"234",At Risk
23922,276,1,2466,2,3,4,"234",At Risk
25161,250,1,2438,2,3,4,"234",At Risk
22524,240,1,2478,2,3,4,"234",At Risk
29317,250,1,2438,2,3,4,"234",At Risk
25150,269,1,2419,2,3,4,"234",At Risk
20382,275,1,2482,2,3,4,"234",At Risk
29477,226,1,2428,2,3,4,"234",At Risk
25767,226,1,2453,2,3,4,"234",At Risk
20495,226,1,2482,2,3,4,"234",At Risk
25481,206,1,2478,2,3,4,"234",At Risk
25736,240,1,2453,2,3,4,"234",At Risk
28735,267,1,2420,2,3,4,"234",At Risk
29113,281,1,2453,2,3,4,"234",At Risk
16375,260,1,2478,2,3,4,"234",At Risk
22500,260,1,2482,2,3,4,"234",At Risk
25398,240,1,2419,2,3,4,"234",At Risk
24157,251,1,2419,2,3,4,"234",At Risk
25765,237,1,2438,2,3,4,"234",At Risk
20442,260,1,2482,2,3,4,"234",At Risk
28417,240,1,2426,2,3,4,"234",At Risk
20385,260,1,2528,2,3,4,"234",At Risk
25193,241,1,2419,2,3,4,"234",At Risk
25060,265,1,2419,2,3,4,"234",At Risk
25284,243,1,2419,2,3,4,"234",At Risk
25186,260,1,2463,2,3,4,"234",At Risk
25414,238,1,2453,2,3,4,"234",At Risk
29319,273,1,2447,2,3,4,"234",At Risk
16728,235,1,2443,2,3,4,"234",At Risk
29178,281,1,2452,2,3,4,"234",At Risk
25180,254,1,2447,2,3,4,"234",At Risk
25404,243,1,2433,2,3,4,"234",At Risk
24818,279,1,2438,2,3,4,"234",At Risk
25185,261,1,2453,2,3,4,"234",At Risk
24847,227,1,2553,2,3,4,"234",At Risk
25400,227,1,2469,2,3,4,"234",At Risk
24520,216,1,2463,2,3,4,"234",At Risk
24632,216,1,2483,2,3,4,"234",At Risk
24966,285,1,2419,2,3,4,"234",At Risk
28962,285,1,2478,2,3,4,"234",At Risk
25430,216,1,2419,2,3,4,"234",At Risk
24346,282,1,2473,2,3,4,"234",At Risk
24190,227,1,2428,2,3,4,"234",At Risk
29192,282,1,2419,2,3,4,"234",At Risk
25163,258,1,2433,2,3,4,"234",At Risk
24198,232,1,2433,2,3,4,"234",At Risk
16673,215,1,2466,2,3,4,"234",At Risk
25192,263,1,2481,2,3,4,"234",At Risk
24582,232,1,2466,2,3,4,"234",At Risk
29308,268,1,2438,2,3,4,"234",At Risk
20346,285,1,2565,2,3,4,"234",At Risk
20386,267,1,2482,2,3,4,"234",At Risk
25405,228,1,2433,2,3,4,"234",At Risk
25155,246,1,2419,2,3,4,"234",At Risk
25079,246,1,2419,2,3,4,"234",At Risk
28523,228,1,2433,2,3,4,"234",At Risk
29310,258,1,2419,2,3,4,"234",At Risk
29468,240,1,2428,2,3,4,"234",At Risk
20461,243,1,2492,2,3,4,"234",At Risk
20347,285,1,2443,2,3,4,"234",At Risk
24573,255,1,2563,2,3,4,"234",At Risk
23926,215,1,2443,2,3,4,"234",At Risk
16364,282,1,2482,2,3,4,"234",At Risk
27943,286,1,2443,2,3,4,"234",At Risk
29316,262,1,2433,2,3,4,"234",At Risk
24441,245,1,2419,2,3,4,"234",At Risk
24446,228,1,2447,2,3,4,"234",At Risk
28876,232,1,2476,2,3,4,"234",At Risk
22465,284,1,2492,2,3,4,"234",At Risk
25729,255,1,2433,2,3,4,"234",At Risk
28416,245,1,2442,2,3,4,"234",At Risk
24140,277,1,2419,2,3,4,"234",At Risk
16670,252,1,2478,2,3,4,"234",At Risk
29407,217,1,2452,2,3,4,"234",At Risk
27952,217,1,2480,2,3,4,"234",At Risk
24183,246,1,2462,2,3,4,"234",At Risk
20472,217,1,2482,2,3,4,"234",At Risk
25415,233,1,2433,2,3,4,"234",At Risk
24645,218,1,2438,2,3,4,"234",At Risk
28755,233,1,2407,2,3,4,"234",At Risk
25075,272,1,2469,2,3,4,"234",At Risk
25080,266,1,2433,2,3,4,"234",At Risk
25406,239,1,2433,2,3,4,"234",At Risk
22464,278,1,2443,2,3,4,"234",At Risk
24577,254,1,2487,2,3,4,"234",At Risk
20376,279,1,2476,2,3,4,"234",At Risk
16747,214,1,2480,2,3,4,"234",At Risk
24558,277,1,2487,2,3,4,"234",At Risk
27901,286,1,2433,2,3,4,"234",At Risk
29473,241,1,2419,2,3,4,"234",At Risk
27865,237,1,2419,2,3,4,"234",At Risk
20465,239,1,2515,2,3,4,"234",At Risk
24432,265,1,2438,2,3,4,"234",At Risk
28365,279,1,2433,2,3,4,"234",At Risk
24445,245,1,2419,2,3,4,"234",At Risk
24583,228,1,2487,2,3,4,"234",At Risk
25735,242,1,2407,2,3,4,"234",At Risk
28957,276,1,2419,2,3,4,"234",At Risk
27944,247,1,2579,2,3,4,"234",At Risk
27948,245,1,2457,2,3,4,"234",At Risk
24640,226,1,2419,2,3,4,"234",At Risk
25290,218,1,2419,2,3,4,"234",At Risk
24569,247,1,2480,2,3,4,"234",At Risk
12782,212,1,2401,2,3,4,"234",At Risk
16362,287,1,2482,2,3,4,"234",At Risk
25495,226,1,40,2,3,2,"232",At Risk
27700,264,1,40,2,3,2,"232",At Risk
23244,262,1,40,2,3,2,"232",At Risk
27803,262,1,40,2,3,2,"232",At Risk
25800,262,1,40,2,3,2,"232",At Risk
17653,265,1,40,2,3,2,"232",At Risk
26099,259,1,40,2,3,2,"232",At Risk
22354,208,1,40,2,3,2,"232",At Risk
24730,258,1,40,2,3,2,"232",At Risk
23997,288,1,40,2,3,2,"232",At Risk
19082,210,1,40,2,3,2,"232",At Risk
17605,287,1,40,2,3,2,"232",At Risk
25469,285,1,40,2,3,2,"232",At Risk
21914,285,1,40,2,3,2,"232",At Risk
23128,217,1,40,2,3,2,"232",At Risk
21131,218,1,40,2,3,2,"232",At Risk
22384,219,1,40,2,3,2,"232",At Risk
17390,267,1,40,2,3,2,"232",At Risk
23245,222,1,40,2,3,2,"232",At Risk
17611,257,1,40,2,3,2,"232",At Risk
28020,267,1,40,2,3,2,"232",At Risk
23219,281,1,40,2,3,2,"232",At Risk
25580,224,1,40,2,3,2,"232",At Risk
23084,225,1,40,2,3,2,"232",At Risk
25217,280,1,40,2,3,2,"232",At Risk
22332,228,1,40,2,3,2,"232",At Risk
27329,229,1,40,2,3,2,"232",At Risk
19077,230,1,40,2,3,2,"232",At Risk
23567,231,1,40,2,3,2,"232",At Risk
21208,277,1,40,2,3,2,"232",At Risk
23536,233,1,40,2,3,2,"232",At Risk
17610,234,1,40,2,3,2,"232",At Risk
25884,234,1,40,2,3,2,"232",At Risk
21691,275,1,40,2,3,2,"232",At Risk
17343,255,1,40,2,3,2,"232",At Risk
23196,238,1,40,2,3,2,"232",At Risk
24470,274,1,40,2,3,2,"232",At Risk
22948,274,1,40,2,3,2,"232",At Risk
22831,274,1,40,2,3,2,"232",At Risk
18365,241,1,40,2,3,2,"232",At Risk
25666,241,1,40,2,3,2,"232",At Risk
24947,242,1,40,2,3,2,"232",At Risk
17428,244,1,40,2,3,2,"232",At Risk
22962,245,1,40,2,3,2,"232",At Risk
25116,245,1,40,2,3,2,"232",At Risk
17418,272,1,40,2,3,2,"232",At Risk
25332,245,1,40,2,3,2,"232",At Risk
25643,246,1,40,2,3,2,"232",At Risk
24079,254,1,40,2,3,2,"232",At Risk
17397,248,1,40,2,3,2,"232",At Risk
23650,248,1,40,2,3,2,"232",At Risk
23576,254,1,40,2,3,2,"232",At Risk
18342,249,1,40,2,3,2,"232",At Risk
16246,237,1,13,2,3,1,"231",At Risk
22821,237,1,39,2,3,1,"231",At Risk
25210,236,1,24,2,3,1,"231",At Risk
23071,236,1,32,2,3,1,"231",At Risk
22138,288,1,37,2,3,1,"231",At Risk
16049,209,1,40,2,3,1,"231",At Risk
23796,209,1,37,2,3,1,"231",At Risk
27033,248,1,29,2,3,1,"231",At Risk
25023,288,1,39,2,3,1,"231",At Risk
24285,209,1,33,2,3,1,"231",At Risk
20698,248,1,24,2,3,1,"231",At Risk
17951,209,1,27,2,3,1,"231",At Risk
16006,248,1,40,2,3,1,"231",At Risk
15839,269,1,24,2,3,1,"231",At Risk
23469,288,1,30,2,3,1,"231",At Risk
13496,288,1,37,2,3,1,"231",At Risk
28015,248,1,29,2,3,1,"231",At Risk
21713,248,1,15,2,3,1,"231",At Risk
18380,209,1,13,2,3,1,"231",At Risk
29439,209,1,24,2,3,1,"231",At Risk
22049,270,1,15,2,3,1,"231",At Risk
16294,209,1,14,2,3,1,"231",At Risk
25682,248,1,39,2,3,1,"231",At Risk
21304,253,1,24,2,3,1,"231",At Risk
20503,288,1,15,2,3,1,"231",At Risk
14659,248,1,40,2,3,1,"231",At Risk
20282,209,1,37,2,3,1,"231",At Risk
16048,289,1,40,2,3,1,"231",At Risk
26144,270,1,28,2,3,1,"231",At Risk
21084,289,1,28,2,3,1,"231",At Risk
22123,251,1,30,2,3,1,"231",At Risk
14122,289,1,31,2,3,1,"231",At Risk
20761,258,1,23,2,3,1,"231",At Risk
23716,289,1,27,2,3,1,"231",At Risk
14483,259,1,40,2,3,1,"231",At Risk
11385,208,1,14,2,3,1,"231",At Risk
15246,248,1,22,2,3,1,"231",At Risk
11580,289,1,35,2,3,1,"231",At Risk
25954,248,1,27,2,3,1,"231",At Risk
27533,289,1,25,2,3,1,"231",At Risk
12809,268,1,40,2,3,1,"231",At Risk
13864,208,1,22,2,3,1,"231",At Risk
24854,208,1,24,2,3,1,"231",At Risk
15447,248,1,25,2,3,1,"231",At Risk
22358,253,1,39,2,3,1,"231",At Risk
27313,270,1,34,2,3,1,"231",At Risk
27046,289,1,36,2,3,1,"231",At Risk
27737,253,1,24,2,3,1,"231",At Risk
24518,207,1,37,2,3,1,"231",At Risk
20566,207,1,27,2,3,1,"231",At Risk
23810,253,1,32,2,3,1,"231",At Risk
23822,270,1,37,2,3,1,"231",At Risk
28942,289,1,10,2,3,1,"231",At Risk
23078,207,1,15,2,3,1,"231",At Risk
20806,207,1,27,2,3,1,"231",At Risk
26990,289,1,24,2,3,1,"231",At Risk
26776,253,1,25,2,3,1,"231",At Risk
20965,207,1,30,2,3,1,"231",At Risk
23717,249,1,30,2,3,1,"231",At Risk
11397,207,1,38,2,3,1,"231",At Risk
21425,207,1,10,2,3,1,"231",At Risk
23793,289,1,39,2,3,1,"231",At Risk
22348,249,1,15,2,3,1,"231",At Risk
25966,207,1,27,2,3,1,"231",At Risk
28429,249,1,35,2,3,1,"231",At Risk
22040,259,1,37,2,3,1,"231",At Risk
16537,249,1,25,2,3,1,"231",At Risk
14570,270,1,40,2,3,1,"231",At Risk
26418,207,1,36,2,3,1,"231",At Risk
13052,270,1,31,2,3,1,"231",At Risk
24643,207,1,35,2,3,1,"231",At Risk
21140,253,1,15,2,3,1,"231",At Risk
27197,249,1,36,2,3,1,"231",At Risk
20440,249,1,10,2,3,1,"231",At Risk
15297,207,1,40,2,3,1,"231",At Risk
12628,207,1,15,2,3,1,"231",At Risk
28233,259,1,21,2,3,1,"231",At Risk
25852,250,1,30,2,3,1,"231",At Risk
26878,266,1,21,2,3,1,"231",At Risk
27887,270,1,39,2,3,1,"231",At Risk
21121,289,1,21,2,3,1,"231",At Risk
25898,207,1,39,2,3,1,"231",At Risk
25434,289,1,39,2,3,1,"231",At Risk
24931,207,1,37,2,3,1,"231",At Risk
22747,290,1,32,2,3,1,"231",At Risk
16788,290,1,40,2,3,1,"231",At Risk
22968,250,1,32,2,3,1,"231",At Risk
24803,250,1,33,2,3,1,"231",At Risk
19189,250,1,29,2,3,1,"231",At Risk
26101,206,1,25,2,3,1,"231",At Risk
24725,270,1,39,2,3,1,"231",At Risk
22025,206,1,15,2,3,1,"231",At Risk
28893,270,1,15,2,3,1,"231",At Risk
27327,250,1,34,2,3,1,"231",At Risk
15165,206,1,40,2,3,1,"231",At Risk
16773,206,1,14,2,3,1,"231",At Risk
24315,259,1,33,2,3,1,"231",At Risk
26287,259,1,35,2,3,1,"231",At Risk
21285,259,1,15,2,3,1,"231",At Risk
20733,250,1,24,2,3,1,"231",At Risk
18031,259,1,25,2,3,1,"231",At Risk
21444,250,1,23,2,3,1,"231",At Risk
27980,259,1,29,2,3,1,"231",At Risk
23609,259,1,13,2,3,1,"231",At Risk
21340,266,1,23,2,3,1,"231",At Risk
16074,259,1,40,2,3,1,"231",At Risk
14180,266,1,33,2,3,1,"231",At Risk
28860,260,1,29,2,3,1,"231",At Risk
15446,260,1,32,2,3,1,"231",At Risk
24355,260,1,37,2,3,1,"231",At Risk
17876,260,1,29,2,3,1,"231",At Risk
26358,260,1,24,2,3,1,"231",At Risk
13467,265,1,22,2,3,1,"231",At Risk
26559,260,1,39,2,3,1,"231",At Risk
22211,260,1,37,2,3,1,"231",At Risk
29053,260,1,39,2,3,1,"231",At Risk
20969,261,1,39,2,3,1,"231",At Risk
14021,265,1,22,2,3,1,"231",At Risk
27246,261,1,29,2,3,1,"231",At Risk
24677,261,1,33,2,3,1,"231",At Risk
20550,265,1,25,2,3,1,"231",At Risk
18180,265,1,13,2,3,1,"231",At Risk
25624,261,1,39,2,3,1,"231",At Risk
24449,261,1,39,2,3,1,"231",At Risk
25965,261,1,32,2,3,1,"231",At Risk
16107,261,1,40,2,3,1,"231",At Risk
25653,261,1,30,2,3,1,"231",At Risk
14467,265,1,40,2,3,1,"231",At Risk
25359,253,1,25,2,3,1,"231",At Risk
21862,252,1,14,2,3,1,"231",At Risk
19342,269,1,31,2,3,1,"231",At Risk
28914,265,1,28,2,3,1,"231",At Risk
20769,262,1,25,2,3,1,"231",At Risk
14622,262,1,29,2,3,1,"231",At Risk
29302,269,1,23,2,3,1,"231",At Risk
15009,262,1,37,2,3,1,"231",At Risk
21099,262,1,21,2,3,1,"231",At Risk
24658,253,1,39,2,3,1,"231",At Risk
26973,263,1,39,2,3,1,"231",At Risk
26628,263,1,36,2,3,1,"231",At Risk
28230,252,1,25,2,3,1,"231",At Risk
25197,263,1,37,2,3,1,"231",At Risk
20637,263,1,10,2,3,1,"231",At Risk
22286,263,1,35,2,3,1,"231",At Risk
22847,264,1,37,2,3,1,"231",At Risk
18572,263,1,14,2,3,1,"231",At Risk
21455,263,1,15,2,3,1,"231",At Risk
26117,252,1,32,2,3,1,"231",At Risk
12605,263,1,10,2,3,1,"231",At Risk
14173,250,1,39,2,3,1,"231",At Risk
27940,264,1,39,2,3,1,"231",At Risk
14876,263,1,13,2,3,1,"231",At Risk
29271,264,1,39,2,3,1,"231",At Risk
14544,264,1,40,2,3,1,"231",At Risk
12553,264,1,10,2,3,1,"231",At Risk
29438,264,1,34,2,3,1,"231",At Risk
11542,264,1,34,2,3,1,"231",At Risk
24412,269,1,39,2,3,1,"231",At Risk
26531,252,1,27,2,3,1,"231",At Risk
14193,252,1,37,2,3,1,"231",At Risk
11600,269,1,35,2,3,1,"231",At Risk
15613,252,1,27,2,3,1,"231",At Risk
24846,237,1,24,2,3,1,"231",At Risk
26458,237,1,32,2,3,1,"231",At Risk
26594,237,1,30,2,3,1,"231",At Risk
28717,275,1,29,2,3,1,"231",At Risk
13410,237,1,15,2,3,1,"231",At Risk
29436,275,1,29,2,3,1,"231",At Risk
25428,237,1,37,2,3,1,"231",At Risk
14987,237,1,25,2,3,1,"231",At Risk
25837,237,1,25,2,3,1,"231",At Risk
28858,237,1,13,2,3,1,"231",At Risk
28947,236,1,15,2,3,1,"231",At Risk
26007,237,1,25,2,3,1,"231",At Risk
26680,275,1,32,2,3,1,"231",At Risk
19425,236,1,31,2,3,1,"231",At Risk
12775,236,1,22,2,3,1,"231",At Risk
29073,275,1,39,2,3,1,"231",At Risk
23757,276,1,39,2,3,1,"231",At Risk
23672,236,1,30,2,3,1,"231",At Risk
22769,236,1,30,2,3,1,"231",At Risk
21171,269,1,37,2,3,1,"231",At Risk
19923,275,1,25,2,3,1,"231",At Risk
20574,276,1,39,2,3,1,"231",At Risk
26596,235,1,36,2,3,1,"231",At Risk
22158,238,1,37,2,3,1,"231",At Risk
14487,235,1,40,2,3,1,"231",At Risk
25925,276,1,14,2,3,1,"231",At Risk
17954,255,1,35,2,3,1,"231",At Risk
17274,268,1,14,2,3,1,"231",At Risk
25695,238,1,34,2,3,1,"231",At Risk
20797,235,1,14,2,3,1,"231",At Risk
26080,235,1,25,2,3,1,"231",At Risk
15405,276,1,15,2,3,1,"231",At Risk
24584,238,1,30,2,3,1,"231",At Risk
23570,276,1,22,2,3,1,"231",At Risk
23965,275,1,39,2,3,1,"231",At Risk
12967,235,1,22,2,3,1,"231",At Risk
13187,275,1,30,2,3,1,"231",At Risk
23891,238,1,30,2,3,1,"231",At Risk
22567,235,1,24,2,3,1,"231",At Risk
11935,238,1,35,2,3,1,"231",At Risk
15955,235,1,40,2,3,1,"231",At Risk
27465,235,1,12,2,3,1,"231",At Risk
21742,276,1,31,2,3,1,"231",At Risk
23389,276,1,37,2,3,1,"231",At Risk
24893,255,1,24,2,3,1,"231",At Risk
26874,274,1,24,2,3,1,"231",At Risk
25338,274,1,27,2,3,1,"231",At Risk
12419,234,1,35,2,3,1,"231",At Risk
15091,269,1,40,2,3,1,"231",At Risk
25044,255,1,37,2,3,1,"231",At Risk
29396,269,1,36,2,3,1,"231",At Risk
16249,276,1,14,2,3,1,"231",At Risk
17745,234,1,32,2,3,1,"231",At Risk
20475,234,1,15,2,3,1,"231",At Risk
23588,274,1,37,2,3,1,"231",At Risk
23282,274,1,37,2,3,1,"231",At Risk
18006,274,1,39,2,3,1,"231",At Risk
27237,276,1,29,2,3,1,"231",At Risk
15654,234,1,25,2,3,1,"231",At Risk
16330,255,1,31,2,3,1,"231",At Risk
26171,239,1,27,2,3,1,"231",At Risk
22547,268,1,37,2,3,1,"231",At Risk
17759,233,1,37,2,3,1,"231",At Risk
15884,268,1,40,2,3,1,"231",At Risk
22210,233,1,35,2,3,1,"231",At Risk
26253,233,1,34,2,3,1,"231",At Risk
15392,233,1,40,2,3,1,"231",At Risk
14202,277,1,33,2,3,1,"231",At Risk
24982,277,1,35,2,3,1,"231",At Risk
24530,274,1,37,2,3,1,"231",At Risk
13471,255,1,31,2,3,1,"231",At Risk
25667,277,1,24,2,3,1,"231",At Risk
21132,239,1,21,2,3,1,"231",At Risk
18445,233,1,21,2,3,1,"231",At Risk
26857,233,1,21,2,3,1,"231",At Risk
24454,233,1,21,2,3,1,"231",At Risk
14372,233,1,24,2,3,1,"231",At Risk
29177,277,1,29,2,3,1,"231",At Risk
18310,232,1,21,2,3,1,"231",At Risk
12814,277,1,29,2,3,1,"231",At Risk
28783,277,1,35,2,3,1,"231",At Risk
22766,255,1,30,2,3,1,"231",At Risk
23691,232,1,30,2,3,1,"231",At Risk
11554,267,1,35,2,3,1,"231",At Risk
23280,268,1,15,2,3,1,"231",At Risk
14040,232,1,32,2,3,1,"231",At Risk
21288,278,1,15,2,3,1,"231",At Risk
29387,232,1,21,2,3,1,"231",At Risk
12453,255,1,22,2,3,1,"231",At Risk
22086,232,1,30,2,3,1,"231",At Risk
18043,255,1,35,2,3,1,"231",At Risk
12877,231,1,30,2,3,1,"231",At Risk
11352,274,1,14,2,3,1,"231",At Risk
17531,231,1,14,2,3,1,"231",At Risk
17886,278,1,39,2,3,1,"231",At Risk
28803,278,1,27,2,3,1,"231",At Risk
25930,239,1,30,2,3,1,"231",At Risk
13421,278,1,24,2,3,1,"231",At Risk
25842,274,1,27,2,3,1,"231",At Risk
24618,231,1,33,2,3,1,"231",At Risk
28642,231,1,27,2,3,1,"231",At Risk
26821,239,1,28,2,3,1,"231",At Risk
20563,231,1,35,2,3,1,"231",At Risk
20509,274,1,10,2,3,1,"231",At Risk
26341,231,1,25,2,3,1,"231",At Risk
26393,231,1,21,2,3,1,"231",At Risk
29173,278,1,27,2,3,1,"231",At Risk
20487,274,1,10,2,3,1,"231",At Risk
13682,231,1,15,2,3,1,"231",At Risk
26240,278,1,30,2,3,1,"231",At Risk
26052,256,1,25,2,3,1,"231",At Risk
16037,231,1,40,2,3,1,"231",At Risk
28077,240,1,21,2,3,1,"231",At Risk
20230,231,1,32,2,3,1,"231",At Risk
26389,278,1,36,2,3,1,"231",At Risk
12616,255,1,15,2,3,1,"231",At Risk
24953,231,1,27,2,3,1,"231",At Risk
13817,231,1,35,2,3,1,"231",At Risk
27497,231,1,37,2,3,1,"231",At Risk
11589,240,1,15,2,3,1,"231",At Risk
27411,240,1,24,2,3,1,"231",At Risk
15519,278,1,22,2,3,1,"231",At Risk
22355,240,1,10,2,3,1,"231",At Risk
27675,230,1,28,2,3,1,"231",At Risk
13308,278,1,30,2,3,1,"231",At Risk
24980,240,1,33,2,3,1,"231",At Risk
20554,278,1,35,2,3,1,"231",At Risk
17162,274,1,40,2,3,1,"231",At Risk
28865,230,1,31,2,3,1,"231",At Risk
14401,253,1,15,2,3,1,"231",At Risk
27443,278,1,24,2,3,1,"231",At Risk
24878,256,1,24,2,3,1,"231",At Risk
25171,279,1,37,2,3,1,"231",At Risk
25870,240,1,38,2,3,1,"231",At Risk
23278,230,1,10,2,3,1,"231",At Risk
12234,279,1,35,2,3,1,"231",At Risk
14890,230,1,22,2,3,1,"231",At Risk
19914,230,1,31,2,3,1,"231",At Risk
22376,230,1,30,2,3,1,"231",At Risk
29033,230,1,31,2,3,1,"231",At Risk
29384,230,1,24,2,3,1,"231",At Risk
24720,240,1,15,2,3,1,"231",At Risk
16134,279,1,14,2,3,1,"231",At Risk
19553,230,1,32,2,3,1,"231",At Risk
18901,229,1,35,2,3,1,"231",At Risk
24970,229,1,39,2,3,1,"231",At Risk
23045,229,1,35,2,3,1,"231",At Risk
27945,279,1,13,2,3,1,"231",At Risk
24656,255,1,35,2,3,1,"231",At Risk
21449,256,1,15,2,3,1,"231",At Risk
21789,268,1,15,2,3,1,"231",At Risk
15504,256,1,40,2,3,1,"231",At Risk
22240,240,1,32,2,3,1,"231",At Risk
25336,279,1,25,2,3,1,"231",At Risk
27072,273,1,31,2,3,1,"231",At Risk
21579,241,1,15,2,3,1,"231",At Risk
26030,229,1,21,2,3,1,"231",At Risk
25680,229,1,28,2,3,1,"231",At Risk
21186,279,1,35,2,3,1,"231",At Risk
23330,229,1,32,2,3,1,"231",At Risk
22179,229,1,22,2,3,1,"231",At Risk
26466,241,1,25,2,3,1,"231",At Risk
14526,229,1,29,2,3,1,"231",At Risk
25893,279,1,25,2,3,1,"231",At Risk
17899,253,1,30,2,3,1,"231",At Risk
29117,241,1,10,2,3,1,"231",At Risk
24396,279,1,39,2,3,1,"231",At Risk
24548,256,1,39,2,3,1,"231",At Risk
22991,241,1,35,2,3,1,"231",At Risk
26541,256,1,25,2,3,1,"231",At Risk
24621,253,1,13,2,3,1,"231",At Risk
22160,241,1,37,2,3,1,"231",At Risk
14971,241,1,40,2,3,1,"231",At Risk
16535,241,1,38,2,3,1,"231",At Risk
21095,279,1,32,2,3,1,"231",At Risk
24842,228,1,24,2,3,1,"231",At Risk
18093,228,1,14,2,3,1,"231",At Risk
14094,279,1,22,2,3,1,"231",At Risk
16438,279,1,25,2,3,1,"231",At Risk
26125,241,1,30,2,3,1,"231",At Risk
26402,227,1,29,2,3,1,"231",At Risk
27936,227,1,25,2,3,1,"231",At Risk
26697,273,1,29,2,3,1,"231",At Risk
26514,227,1,30,2,3,1,"231",At Risk
29250,280,1,38,2,3,1,"231",At Risk
26337,280,1,30,2,3,1,"231",At Risk
26274,251,1,21,2,3,1,"231",At Risk
26475,227,1,30,2,3,1,"231",At Risk
25007,280,1,27,2,3,1,"231",At Risk
23500,241,1,35,2,3,1,"231",At Risk
24071,254,1,13,2,3,1,"231",At Risk
29379,280,1,24,2,3,1,"231",At Risk
25173,226,1,37,2,3,1,"231",At Risk
22759,226,1,37,2,3,1,"231",At Risk
28905,280,1,14,2,3,1,"231",At Risk
26544,267,1,21,2,3,1,"231",At Risk
22735,273,1,35,2,3,1,"231",At Risk
27847,226,1,24,2,3,1,"231",At Risk
26118,226,1,35,2,3,1,"231",At Risk
27905,226,1,21,2,3,1,"231",At Risk
20064,226,1,39,2,3,1,"231",At Risk
22990,281,1,30,2,3,1,"231",At Risk
13695,226,1,35,2,3,1,"231",At Risk
27410,256,1,24,2,3,1,"231",At Risk
11555,267,1,35,2,3,1,"231",At Risk
17737,242,1,30,2,3,1,"231",At Risk
20041,281,1,13,2,3,1,"231",At Risk
25164,257,1,35,2,3,1,"231",At Risk
19519,242,1,39,2,3,1,"231",At Risk
28572,267,1,31,2,3,1,"231",At Risk
13652,267,1,31,2,3,1,"231",At Risk
20147,225,1,38,2,3,1,"231",At Risk
13893,225,1,22,2,3,1,"231",At Risk
22513,281,1,24,2,3,1,"231",At Risk
14085,281,1,37,2,3,1,"231",At Risk
16234,242,1,14,2,3,1,"231",At Risk
27566,225,1,28,2,3,1,"231",At Risk
22381,257,1,29,2,3,1,"231",At Risk
15971,225,1,40,2,3,1,"231",At Risk
12835,242,1,40,2,3,1,"231",At Risk
25854,242,1,27,2,3,1,"231",At Risk
14503,257,1,40,2,3,1,"231",At Risk
22540,281,1,29,2,3,1,"231",At Risk
26507,242,1,27,2,3,1,"231",At Risk
27955,224,1,39,2,3,1,"231",At Risk
23013,224,1,13,2,3,1,"231",At Risk
24379,281,1,14,2,3,1,"231",At Risk
16248,273,1,40,2,3,1,"231",At Risk
13146,257,1,31,2,3,1,"231",At Risk
23808,224,1,30,2,3,1,"231",At Risk
27638,242,1,36,2,3,1,"231",At Risk
20776,257,1,23,2,3,1,"231",At Risk
23451,281,1,35,2,3,1,"231",At Risk
21250,281,1,15,2,3,1,"231",At Risk
25031,273,1,25,2,3,1,"231",At Risk
15486,223,1,40,2,3,1,"231",At Risk
22798,268,1,25,2,3,1,"231",At Risk
27373,251,1,39,2,3,1,"231",At Risk
28785,223,1,35,2,3,1,"231",At Risk
25145,223,1,24,2,3,1,"231",At Risk
17562,223,1,14,2,3,1,"231",At Risk
21776,273,1,24,2,3,1,"231",At Risk
21477,223,1,24,2,3,1,"231",At Risk
28995,243,1,31,2,3,1,"231",At Risk
21409,281,1,35,2,3,1,"231",At Risk
13448,243,1,22,2,3,1,"231",At Risk
24390,223,1,33,2,3,1,"231",At Risk
20957,223,1,39,2,3,1,"231",At Risk
23294,243,1,37,2,3,1,"231",At Risk
14989,222,1,32,2,3,1,"231",At Risk
15403,222,1,40,2,3,1,"231",At Risk
23258,222,1,15,2,3,1,"231",At Risk
13819,222,1,35,2,3,1,"231",At Risk
17200,281,1,22,2,3,1,"231",At Risk
19495,222,1,39,2,3,1,"231",At Risk
20179,243,1,25,2,3,1,"231",At Risk
23817,222,1,30,2,3,1,"231",At Risk
20791,243,1,10,2,3,1,"231",At Risk
12799,222,1,40,2,3,1,"231",At Risk
26492,282,1,30,2,3,1,"231",At Risk
28959,282,1,15,2,3,1,"231",At Risk
21245,222,1,23,2,3,1,"231",At Risk
20464,221,1,23,2,3,1,"231",At Risk
22361,221,1,35,2,3,1,"231",At Risk
16302,282,1,25,2,3,1,"231",At Risk
27241,243,1,29,2,3,1,"231",At Risk
27030,221,1,21,2,3,1,"231",At Risk
25818,282,1,36,2,3,1,"231",At Risk
23483,221,1,32,2,3,1,"231",At Risk
25843,221,1,27,2,3,1,"231",At Risk
13566,221,1,14,2,3,1,"231",At Risk
24768,282,1,33,2,3,1,"231",At Risk
23512,273,1,30,2,3,1,"231",At Risk
28980,254,1,37,2,3,1,"231",At Risk
24547,220,1,39,2,3,1,"231",At Risk
19259,282,1,29,2,3,1,"231",At Risk
23613,220,1,35,2,3,1,"231",At Risk
17652,282,1,14,2,3,1,"231",At Risk
13985,283,1,31,2,3,1,"231",At Risk
14444,220,1,31,2,3,1,"231",At Risk
21451,220,1,24,2,3,1,"231",At Risk
26000,243,1,32,2,3,1,"231",At Risk
24267,220,1,23,2,3,1,"231",At Risk
26576,244,1,29,2,3,1,"231",At Risk
13749,220,1,22,2,3,1,"231",At Risk
23003,283,1,32,2,3,1,"231",At Risk
21112,244,1,25,2,3,1,"231",At Risk
25629,283,1,24,2,3,1,"231",At Risk
27941,220,1,15,2,3,1,"231",At Risk
25188,273,1,14,2,3,1,"231",At Risk
16875,220,1,40,2,3,1,"231",At Risk
21413,220,1,15,2,3,1,"231",At Risk
21662,283,1,21,2,3,1,"231",At Risk
25208,254,1,27,2,3,1,"231",At Risk
27438,254,1,28,2,3,1,"231",At Risk
16536,244,1,27,2,3,1,"231",At Risk
17177,220,1,14,2,3,1,"231",At Risk
26419,220,1,34,2,3,1,"231",At Risk
20603,283,1,24,2,3,1,"231",At Risk
29424,220,1,34,2,3,1,"231",At Risk
24262,220,1,39,2,3,1,"231",At Risk
21492,244,1,15,2,3,1,"231",At Risk
21978,283,1,37,2,3,1,"231",At Risk
20058,244,1,31,2,3,1,"231",At Risk
26927,283,1,36,2,3,1,"231",At Risk
21657,283,1,15,2,3,1,"231",At Risk
28801,219,1,27,2,3,1,"231",At Risk
23481,219,1,30,2,3,1,"231",At Risk
23193,219,1,32,2,3,1,"231",At Risk
12727,219,1,15,2,3,1,"231",At Risk
15013,272,1,27,2,3,1,"231",At Risk
23092,219,1,30,2,3,1,"231",At Risk
22024,272,1,24,2,3,1,"231",At Risk
21627,219,1,17,2,3,1,"231",At Risk
22752,257,1,32,2,3,1,"231",At Risk
19524,219,1,23,2,3,1,"231",At Risk
24095,219,1,29,2,3,1,"231",At Risk
26289,219,1,30,2,3,1,"231",At Risk
20053,219,1,36,2,3,1,"231",At Risk
12847,218,1,25,2,3,1,"231",At Risk
26714,257,1,36,2,3,1,"231",At Risk
29129,272,1,25,2,3,1,"231",At Risk
26556,257,1,36,2,3,1,"231",At Risk
13494,257,1,40,2,3,1,"231",At Risk
22584,218,1,34,2,3,1,"231",At Risk
20161,218,1,39,2,3,1,"231",At Risk
19352,284,1,14,2,3,1,"231",At Risk
23727,218,1,35,2,3,1,"231",At Risk
16091,218,1,40,2,3,1,"231",At Risk
15305,284,1,15,2,3,1,"231",At Risk
15951,284,1,40,2,3,1,"231",At Risk
14994,245,1,30,2,3,1,"231",At Risk
12759,218,1,22,2,3,1,"231",At Risk
17875,258,1,25,2,3,1,"231",At Risk
14908,284,1,40,2,3,1,"231",At Risk
14608,284,1,40,2,3,1,"231",At Risk
24539,284,1,39,2,3,1,"231",At Risk
24946,284,1,39,2,3,1,"231",At Risk
23072,284,1,37,2,3,1,"231",At Risk
13501,258,1,40,2,3,1,"231",At Risk
27826,284,1,24,2,3,1,"231",At Risk
13163,245,1,31,2,3,1,"231",At Risk
29020,217,1,14,2,3,1,"231",At Risk
22915,217,1,14,2,3,1,"231",At Risk
24875,217,1,28,2,3,1,"231",At Risk
24499,254,1,33,2,3,1,"231",At Risk
17805,245,1,32,2,3,1,"231",At Risk
21953,284,1,35,2,3,1,"231",At Risk
16082,217,1,40,2,3,1,"231",At Risk
24963,284,1,33,2,3,1,"231",At Risk
12604,245,1,24,2,3,1,"231",At Risk
22435,258,1,24,2,3,1,"231",At Risk
13186,266,1,22,2,3,1,"231",At Risk
23594,217,1,30,2,3,1,"231",At Risk
13924,216,1,30,2,3,1,"231",At Risk
20950,269,1,32,2,3,1,"231",At Risk
22552,216,1,21,2,3,1,"231",At Risk
23005,285,1,32,2,3,1,"231",At Risk
29015,251,1,25,2,3,1,"231",At Risk
12739,216,1,35,2,3,1,"231",At Risk
15777,285,1,40,2,3,1,"231",At Risk
28408,269,1,24,2,3,1,"231",At Risk
21864,216,1,29,2,3,1,"231",At Risk
25690,269,1,39,2,3,1,"231",At Risk
27842,216,1,24,2,3,1,"231",At Risk
24617,272,1,35,2,3,1,"231",At Risk
24938,216,1,39,2,3,1,"231",At Risk
28900,246,1,29,2,3,1,"231",At Risk
19498,216,1,31,2,3,1,"231",At Risk
21026,271,1,39,2,3,1,"231",At Risk
19350,285,1,24,2,3,1,"231",At Risk
21368,215,1,15,2,3,1,"231",At Risk
22420,246,1,24,2,3,1,"231",At Risk
19822,215,1,37,2,3,1,"231",At Risk
28982,271,1,27,2,3,1,"231",At Risk
13688,215,1,27,2,3,1,"231",At Risk
19178,285,1,25,2,3,1,"231",At Risk
13805,246,1,29,2,3,1,"231",At Risk
29427,258,1,21,2,3,1,"231",At Risk
16042,215,1,25,2,3,1,"231",At Risk
15689,271,1,35,2,3,1,"231",At Risk
18652,215,1,14,2,3,1,"231",At Risk
13309,286,1,22,2,3,1,"231",At Risk
14758,271,1,40,2,3,1,"231",At Risk
19272,215,1,14,2,3,1,"231",At Risk
15459,215,1,35,2,3,1,"231",At Risk
17857,215,1,25,2,3,1,"231",At Risk
25342,271,1,25,2,3,1,"231",At Risk
25006,215,1,30,2,3,1,"231",At Risk
29442,286,1,34,2,3,1,"231",At Risk
28808,214,1,25,2,3,1,"231",At Risk
23011,214,1,15,2,3,1,"231",At Risk
13900,286,1,22,2,3,1,"231",At Risk
17396,214,1,13,2,3,1,"231",At Risk
27477,214,1,24,2,3,1,"231",At Risk
20586,246,1,25,2,3,1,"231",At Risk
22863,286,1,30,2,3,1,"231",At Risk
14996,214,1,22,2,3,1,"231",At Risk
22012,214,1,15,2,3,1,"231",At Risk
27217,246,1,29,2,3,1,"231",At Risk
20454,214,1,24,2,3,1,"231",At Risk
20262,213,1,28,2,3,1,"231",At Risk
27665,247,1,21,2,3,1,"231",At Risk
21187,213,1,32,2,3,1,"231",At Risk
17816,213,1,37,2,3,1,"231",At Risk
23504,247,1,32,2,3,1,"231",At Risk
16720,213,1,40,2,3,1,"231",At Risk
22239,213,1,32,2,3,1,"231",At Risk
15970,247,1,40,2,3,1,"231",At Risk
22672,213,1,29,2,3,1,"231",At Risk
25967,213,1,30,2,3,1,"231",At Risk
13737,213,1,39,2,3,1,"231",At Risk
20568,247,1,29,2,3,1,"231",At Risk
26849,271,1,39,2,3,1,"231",At Risk
24394,213,1,37,2,3,1,"231",At Risk
20250,287,1,37,2,3,1,"231",At Risk
15092,287,1,37,2,3,1,"231",At Risk
27442,247,1,28,2,3,1,"231",At Risk
22397,247,1,28,2,3,1,"231",At Risk
18447,258,1,21,2,3,1,"231",At Risk
19523,258,1,31,2,3,1,"231",At Risk
25194,212,1,33,2,3,1,"231",At Risk
26687,212,1,25,2,3,1,"231",At Risk
27609,212,1,36,2,3,1,"231",At Risk
15939,212,1,40,2,3,1,"231",At Risk
28253,212,1,14,2,3,1,"231",At Risk
16943,212,1,38,2,3,1,"231",At Risk
25592,271,1,39,2,3,1,"231",At Risk
26455,247,1,30,2,3,1,"231",At Risk
23424,287,1,29,2,3,1,"231",At Risk
14375,212,1,40,2,3,1,"231",At Risk
25356,287,1,27,2,3,1,"231",At Risk
23646,211,1,14,2,3,1,"231",At Risk
13229,211,1,22,2,3,1,"231",At Risk
29176,287,1,15,2,3,1,"231",At Risk
14113,268,1,22,2,3,1,"231",At Risk
12721,271,1,15,2,3,1,"231",At Risk
24246,266,1,10,2,3,1,"231",At Risk
23561,211,1,30,2,3,1,"231",At Risk
20140,271,1,30,2,3,1,"231",At Risk
22775,211,1,37,2,3,1,"231",At Risk
22280,258,1,32,2,3,1,"231",At Risk
23379,248,1,15,2,3,1,"231",At Risk
23687,210,1,30,2,3,1,"231",At Risk
21077,210,1,24,2,3,1,"231",At Risk
26333,269,1,32,2,3,1,"231",At Risk
20133,210,1,29,2,3,1,"231",At Risk
25541,210,1,21,2,3,1,"231",At Risk
20354,248,1,32,2,3,1,"231",At Risk
28256,248,1,29,2,3,1,"231",At Risk
21773,248,1,15,2,3,1,"231",At Risk
17463,236,1,1774,2,2,4,"224",At Risk
16764,254,1,1760,2,2,4,"224",At Risk
13417,273,1,2370,2,2,4,"224",At Risk
17445,236,1,1730,2,2,4,"224",At Risk
20671,286,1,1736,2,2,4,"224",At Risk
17154,229,1,1765,2,2,4,"224",At Risk
25401,222,1,2393,2,2,4,"224",At Risk
12914,208,1,2330,2,2,4,"224",At Risk
16996,229,1,1755,2,2,4,"224",At Risk
25175,261,1,2384,2,2,4,"224",At Risk
17464,222,1,1785,2,2,4,"224",At Risk
22308,214,1,1769,2,2,4,"224",At Risk
25074,252,1,2393,2,2,4,"224",At Risk
25407,235,1,2398,2,2,4,"224",At Risk
23920,286,1,1736,2,2,4,"224",At Risk
25427,236,1,2393,2,2,4,"224",At Risk
16791,252,1,1730,2,2,4,"224",At Risk
17521,210,1,1751,2,2,4,"224",At Risk
25410,235,1,2384,2,2,4,"224",At Risk
17128,253,1,1736,2,2,4,"224",At Risk
24723,282,1,1793,2,2,4,"224",At Risk
25622,229,1,2398,2,2,4,"224",At Risk
13084,235,1,1799,2,2,4,"224",At Risk
13473,235,1,2319,2,2,4,"224",At Risk
25387,260,1,1250,2,2,4,"224",At Risk
17564,207,1,1736,2,2,4,"224",At Risk
13100,288,1,2377,2,2,4,"224",At Risk
17477,229,1,1701,2,2,4,"224",At Risk
16999,263,1,1736,2,2,4,"224",At Risk
16924,284,1,1775,2,2,4,"224",At Risk
29191,289,1,2393,2,2,4,"224",At Risk
25734,221,1,2384,2,2,4,"224",At Risk
17030,269,1,1701,2,2,4,"224",At Risk
27866,208,1,2398,2,2,4,"224",At Risk
29295,276,1,2384,2,2,4,"224",At Risk
26948,235,1,1293,2,2,4,"224",At Risk
17163,217,1,1732,2,2,4,"224",At Risk
29306,259,1,2384,2,2,4,"224",At Risk
26991,207,1,1265,2,2,4,"224",At Risk
28963,284,1,2398,2,2,4,"224",At Risk
17361,238,1,1760,2,2,4,"224",At Risk
17029,248,1,1760,2,2,4,"224",At Risk
25049,276,1,2393,2,2,4,"224",At Risk
28954,286,1,2393,2,2,4,"224",At Risk
17271,234,1,1726,2,2,4,"224",At Risk
12090,267,1,2351,2,2,4,"224",At Risk
25623,221,1,2398,2,2,4,"224",At Risk
13455,234,1,2350,2,2,4,"224",At Risk
25392,234,1,1250,2,2,4,"224",At Risk
17272,228,1,1715,2,2,4,"224",At Risk
17149,234,1,1736,2,2,4,"224",At Risk
24089,245,1,1745,2,2,4,"224",At Risk
16784,273,1,1736,2,2,4,"224",At Risk
17167,228,1,1736,2,2,4,"224",At Risk
29469,228,1,2393,2,2,4,"224",At Risk
17262,245,1,1736,2,2,4,"224",At Risk
12449,234,1,2352,2,2,4,"224",At Risk
13393,265,1,2352,2,2,4,"224",At Risk
21683,213,1,1779,2,2,4,"224",At Risk
17480,227,1,1726,2,2,4,"224",At Risk
17159,239,1,1736,2,2,4,"224",At Risk
25286,234,1,2393,2,2,4,"224",At Risk
24039,239,1,1701,2,2,4,"224",At Risk
17040,249,1,1760,2,2,4,"224",At Risk
25419,220,1,1250,2,2,4,"224",At Risk
17153,227,1,1745,2,2,4,"224",At Risk
25445,213,1,1736,2,2,4,"224",At Risk
20683,213,1,1736,2,2,4,"224",At Risk
16997,256,1,1764,2,2,4,"224",At Risk
17465,216,1,1765,2,2,4,"224",At Risk
26961,220,1,1269,2,2,4,"224",At Risk
25162,261,1,2384,2,2,4,"224",At Risk
24684,213,1,2393,2,2,4,"224",At Risk
17270,220,1,1736,2,2,4,"224",At Risk
23930,233,1,1243,2,2,4,"224",At Risk
24090,239,1,1736,2,2,4,"224",At Risk
16955,216,1,1760,2,2,4,"224",At Risk
16995,233,1,1736,2,2,4,"224",At Risk
25390,270,1,1274,2,2,4,"224",At Risk
11135,287,1,2335,2,2,4,"224",At Risk
17150,226,1,1765,2,2,4,"224",At Risk
25307,220,1,1760,2,2,4,"224",At Risk
13427,254,1,2295,2,2,4,"224",At Risk
17443,244,1,1755,2,2,4,"224",At Risk
25396,216,1,2398,2,2,4,"224",At Risk
13394,263,1,2319,2,2,4,"224",At Risk
25388,253,1,1250,2,2,4,"224",At Risk
17120,253,1,1736,2,2,4,"224",At Risk
16834,249,1,1751,2,2,4,"224",At Risk
24353,270,1,2398,2,2,4,"224",At Risk
25738,220,1,2398,2,2,4,"224",At Risk
17121,247,1,1736,2,2,4,"224",At Risk
28747,251,1,2398,2,2,4,"224",At Risk
17028,255,1,1764,2,2,4,"224",At Risk
12781,226,1,2330,2,2,4,"224",At Risk
25409,226,1,2384,2,2,4,"224",At Risk
20672,269,1,1751,2,2,4,"224",At Risk
17023,232,1,1736,2,2,4,"224",At Risk
12086,261,1,2295,2,2,4,"224",At Risk
17386,231,1,1736,2,2,4,"224",At Risk
13415,249,1,2326,2,2,4,"224",At Risk
16973,289,1,1858,2,2,4,"224",At Risk
17144,248,1,1891,2,2,4,"224",At Risk
24834,278,1,1745,2,2,4,"224",At Risk
16949,285,1,1790,2,2,4,"224",At Risk
25539,262,1,1278,2,2,4,"224",At Risk
17011,267,1,1751,2,2,4,"224",At Risk
17012,250,1,1751,2,2,4,"224",At Risk
13428,264,1,2317,2,2,4,"224",At Risk
13396,246,1,2362,2,2,4,"224",At Risk
24644,244,1,2393,2,2,4,"224",At Risk
25429,225,1,2393,2,2,4,"224",At Risk
17389,239,1,1779,2,2,4,"224",At Risk
25370,285,1,1264,2,2,4,"224",At Risk
13377,274,1,2320,2,2,4,"224",At Risk
24116,231,1,1701,2,2,4,"224",At Risk
26940,250,1,1274,2,2,4,"224",At Risk
17261,225,1,1765,2,2,4,"224",At Risk
25306,259,1,1770,2,2,4,"224",At Risk
16947,289,1,1736,2,2,4,"224",At Risk
25403,242,1,1284,2,2,4,"224",At Risk
17384,231,1,1760,2,2,4,"224",At Risk
17269,242,1,1728,2,2,4,"224",At Risk
17039,269,1,1799,2,2,4,"224",At Risk
16998,257,1,1736,2,2,4,"224",At Risk
17567,211,1,1710,2,2,4,"224",At Risk
25169,253,1,2384,2,2,4,"224",At Risk
25394,244,1,1250,2,2,4,"224",At Risk
17041,254,1,1701,2,2,4,"224",At Risk
16921,262,1,1755,2,2,4,"224",At Risk
25334,240,1,2398,2,2,4,"224",At Risk
12451,224,1,2368,2,2,4,"224",At Risk
17022,246,1,1764,2,2,4,"224",At Risk
25386,261,1,1250,2,2,4,"224",At Risk
13065,237,1,1701,2,2,4,"224",At Risk
25443,224,1,1751,2,2,4,"224",At Risk
17021,254,1,1701,2,2,4,"224",At Risk
17143,208,1,1764,2,2,4,"224",At Risk
12081,267,1,2367,2,2,4,"224",At Risk
17405,224,1,1725,2,2,4,"224",At Risk
16977,267,1,1710,2,2,4,"224",At Risk
25323,223,1,1715,2,2,4,"224",At Risk
20668,278,1,1751,2,2,4,"224",At Risk
17024,266,1,1776,2,2,4,"224",At Risk
29318,266,1,2384,2,2,4,"224",At Risk
29382,245,1,2384,2,2,4,"224",At Risk
28524,223,1,2398,2,2,4,"224",At Risk
17358,230,1,1728,2,2,4,"224",At Risk
28446,215,1,2398,2,2,4,"224",At Risk
24352,256,1,2393,2,2,4,"224",At Risk
25444,211,1,1755,2,2,4,"224",At Risk
16952,246,1,1736,2,2,4,"224",At Risk
26936,252,1,1250,2,2,4,"224",At Risk
17129,252,1,1736,2,2,4,"224",At Risk
24641,240,1,2384,2,2,4,"224",At Risk
13454,230,1,2344,2,2,4,"224",At Risk
16984,260,1,1760,2,2,4,"224",At Risk
25391,246,1,1257,2,2,4,"224",At Risk
12447,272,1,2332,2,2,4,"224",At Risk
17043,273,1,1760,2,2,4,"224",At Risk
25402,230,1,1250,2,2,4,"224",At Risk
25574,218,1,1274,2,2,4,"224",At Risk
25399,240,1,2393,2,2,4,"224",At Risk
13414,269,1,2320,2,2,4,"224",At Risk
17142,249,1,1728,2,2,4,"224",At Risk
29478,218,1,2398,2,2,4,"224",At Risk
17127,253,1,1778,2,2,4,"224",At Risk
25417,218,1,1308,2,2,4,"224",At Risk
24683,208,1,2393,2,2,4,"224",At Risk
25380,288,1,1250,2,2,4,"224",At Risk
17042,248,1,1736,2,2,4,"224",At Risk
25389,259,1,1304,2,2,4,"224",At Risk
17020,273,1,1715,2,2,4,"224",At Risk
20673,222,1,1755,2,2,4,"224",At Risk
19113,222,1,1184,2,2,3,"223",At Risk
22784,206,1,564,2,2,3,"223",At Risk
19149,206,1,124,2,2,3,"223",At Risk
28352,206,1,563,2,2,3,"223",At Risk
28497,207,1,776,2,2,3,"223",At Risk
24956,207,1,751,2,2,3,"223",At Risk
28490,207,1,779,2,2,3,"223",At Risk
26975,207,1,765,2,2,3,"223",At Risk
22472,207,1,540,2,2,3,"223",At Risk
24955,207,1,742,2,2,3,"223",At Risk
22694,207,1,575,2,2,3,"223",At Risk
20541,207,1,1174,2,2,3,"223",At Risk
20400,208,1,1120,2,2,3,"223",At Risk
20387,208,1,1195,2,2,3,"223",At Risk
25257,208,1,147,2,2,3,"223",At Risk
27343,208,1,133,2,2,3,"223",At Risk
18647,208,1,599,2,2,3,"223",At Risk
22463,208,1,575,2,2,3,"223",At Risk
20529,208,1,1174,2,2,3,"223",At Risk
20434,208,1,1170,2,2,3,"223",At Risk
19245,208,1,120,2,2,3,"223",At Risk
27513,209,1,564,2,2,3,"223",At Risk
27823,209,1,1164,2,2,3,"223",At Risk
22480,209,1,617,2,2,3,"223",At Risk
26956,209,1,608,2,2,3,"223",At Risk
24047,209,1,1174,2,2,3,"223",At Risk
17809,209,1,205,2,2,3,"223",At Risk
22787,209,1,620,2,2,3,"223",At Risk
18476,210,1,617,2,2,3,"223",At Risk
18475,210,1,617,2,2,3,"223",At Risk
23183,210,1,549,2,2,3,"223",At Risk
28232,210,1,144,2,2,3,"223",At Risk
23265,210,1,563,2,2,3,"223",At Risk
24957,210,1,777,2,2,3,"223",At Risk
19018,210,1,133,2,2,3,"223",At Risk
24100,210,1,1169,2,2,3,"223",At Risk
26143,210,1,124,2,2,3,"223",At Risk
22733,210,1,549,2,2,3,"223",At Risk
27006,211,1,750,2,2,3,"223",At Risk
27118,211,1,777,2,2,3,"223",At Risk
20394,211,1,1158,2,2,3,"223",At Risk
19719,211,1,660,2,2,3,"223",At Risk
23217,211,1,564,2,2,3,"223",At Risk
27795,211,1,1174,2,2,3,"223",At Risk
21522,212,1,124,2,2,3,"223",At Risk
27512,212,1,540,2,2,3,"223",At Risk
20974,212,1,126,2,2,3,"223",At Risk
22674,212,1,575,2,2,3,"223",At Risk
27515,213,1,540,2,2,3,"223",At Risk
29084,213,1,742,2,2,3,"223",At Risk
29082,214,1,742,2,2,3,"223",At Risk
22466,214,1,549,2,2,3,"223",At Risk
26937,215,1,619,2,2,3,"223",At Risk
28546,215,1,120,2,2,3,"223",At Risk
23180,215,1,152,2,2,3,"223",At Risk
18040,215,1,194,2,2,3,"223",At Risk
26913,215,1,608,2,2,3,"223",At Risk
19123,215,1,1170,2,2,3,"223",At Risk
26965,215,1,776,2,2,3,"223",At Risk
23176,215,1,540,2,2,3,"223",At Risk
19527,216,1,1219,2,2,3,"223",At Risk
24751,216,1,147,2,2,3,"223",At Risk
22623,216,1,554,2,2,3,"223",At Risk
20191,216,1,1143,2,2,3,"223",At Risk
14578,216,1,848,2,2,3,"223",At Risk
16021,217,1,540,2,2,3,"223",At Risk
22250,217,1,549,2,2,3,"223",At Risk
22249,217,1,540,2,2,3,"223",At Risk
28487,217,1,805,2,2,3,"223",At Risk
15696,217,1,199,2,2,3,"223",At Risk
22225,217,1,603,2,2,3,"223",At Risk
26895,217,1,554,2,2,3,"223",At Risk
27181,217,1,1155,2,2,3,"223",At Risk
26910,217,1,589,2,2,3,"223",At Risk
20196,217,1,1120,2,2,3,"223",At Risk
25586,217,1,1224,2,2,3,"223",At Risk
27876,217,1,1215,2,2,3,"223",At Risk
22255,218,1,599,2,2,3,"223",At Risk
28321,218,1,599,2,2,3,"223",At Risk
28318,218,1,575,2,2,3,"223",At Risk
28639,218,1,190,2,2,3,"223",At Risk
23145,218,1,575,2,2,3,"223",At Risk
22266,218,1,724,2,2,3,"223",At Risk
26869,218,1,554,2,2,3,"223",At Risk
22426,218,1,554,2,2,3,"223",At Risk
24030,218,1,1170,2,2,3,"223",At Risk
22292,218,1,554,2,2,3,"223",At Risk
25413,218,1,1229,2,2,3,"223",At Risk
19706,218,1,618,2,2,3,"223",At Risk
23156,218,1,617,2,2,3,"223",At Risk
19697,218,1,540,2,2,3,"223",At Risk
16993,219,1,125,2,2,3,"223",At Risk
28773,219,1,128,2,2,3,"223",At Risk
25896,219,1,122,2,2,3,"223",At Risk
22627,219,1,589,2,2,3,"223",At Risk
17518,219,1,540,2,2,3,"223",At Risk
26950,219,1,777,2,2,3,"223",At Risk
28472,219,1,750,2,2,3,"223",At Risk
15762,219,1,564,2,2,3,"223",At Risk
26942,220,1,589,2,2,3,"223",At Risk
23158,220,1,599,2,2,3,"223",At Risk
17668,220,1,554,2,2,3,"223",At Risk
27182,220,1,1174,2,2,3,"223",At Risk
29069,220,1,756,2,2,3,"223",At Risk
27775,220,1,1120,2,2,3,"223",At Risk
17557,220,1,540,2,2,3,"223",At Risk
20197,221,1,1145,2,2,3,"223",At Risk
26890,221,1,589,2,2,3,"223",At Risk
20194,221,1,1174,2,2,3,"223",At Risk
28545,221,1,133,2,2,3,"223",At Risk
22295,221,1,600,2,2,3,"223",At Risk
20291,221,1,1152,2,2,3,"223",At Risk
22644,221,1,603,2,2,3,"223",At Risk
26866,221,1,615,2,2,3,"223",At Risk
28324,221,1,549,2,2,3,"223",At Risk
17669,222,1,625,2,2,3,"223",At Risk
25412,222,1,1224,2,2,3,"223",At Risk
19657,222,1,756,2,2,3,"223",At Risk
22294,222,1,650,2,2,3,"223",At Risk
23940,223,1,1120,2,2,3,"223",At Risk
28254,223,1,166,2,2,3,"223",At Risk
23178,223,1,540,2,2,3,"223",At Risk
26886,223,1,554,2,2,3,"223",At Risk
22458,223,1,564,2,2,3,"223",At Risk
29064,223,1,816,2,2,3,"223",At Risk
20118,223,1,1170,2,2,3,"223",At Risk
18844,223,1,124,2,2,3,"223",At Risk
22272,223,1,572,2,2,3,"223",At Risk
23622,223,1,572,2,2,3,"223",At Risk
28319,223,1,557,2,2,3,"223",At Risk
21327,224,1,1120,2,2,3,"223",At Risk
22189,224,1,549,2,2,3,"223",At Risk
26914,224,1,589,2,2,3,"223",At Risk
26858,224,1,554,2,2,3,"223",At Risk
20190,224,1,1204,2,2,3,"223",At Risk
20304,225,1,1170,2,2,3,"223",At Risk
26941,225,1,777,2,2,3,"223",At Risk
22615,225,1,540,2,2,3,"223",At Risk
19712,225,1,120,2,2,3,"223",At Risk
21323,225,1,1120,2,2,3,"223",At Risk
22271,225,1,613,2,2,3,"223",At Risk
26848,225,1,608,2,2,3,"223",At Risk
23151,225,1,608,2,2,3,"223",At Risk
20763,225,1,124,2,2,3,"223",At Risk
20310,225,1,1149,2,2,3,"223",At Risk
16083,226,1,562,2,2,3,"223",At Risk
28388,226,1,751,2,2,3,"223",At Risk
26954,226,1,1224,2,2,3,"223",At Risk
20281,226,1,1180,2,2,3,"223",At Risk
23166,226,1,557,2,2,3,"223",At Risk
23148,226,1,540,2,2,3,"223",At Risk
18859,226,1,1155,2,2,3,"223",At Risk
22652,226,1,554,2,2,3,"223",At Risk
22440,226,1,554,2,2,3,"223",At Risk
19536,226,1,1120,2,2,3,"223",At Risk
19698,226,1,726,2,2,3,"223",At Risk
28931,227,1,166,2,2,3,"223",At Risk
24011,227,1,1179,2,2,3,"223",At Risk
21326,227,1,1180,2,2,3,"223",At Risk
24034,227,1,1203,2,2,3,"223",At Risk
29062,227,1,742,2,2,3,"223",At Risk
28488,227,1,742,2,2,3,"223",At Risk
28382,228,1,786,2,2,3,"223",At Risk
22258,228,1,549,2,2,3,"223",At Risk
19658,228,1,540,2,2,3,"223",At Risk
29054,228,1,751,2,2,3,"223",At Risk
19400,228,1,1179,2,2,3,"223",At Risk
22297,228,1,600,2,2,3,"223",At Risk
19659,228,1,557,2,2,3,"223",At Risk
22666,228,1,575,2,2,3,"223",At Risk
20187,228,1,1180,2,2,3,"223",At Risk
17123,228,1,563,2,2,3,"223",At Risk
23923,228,1,1174,2,2,3,"223",At Risk
17498,228,1,565,2,2,3,"223",At Risk
19689,229,1,681,2,2,3,"223",At Risk
21848,229,1,565,2,2,3,"223",At Risk
29034,229,1,190,2,2,3,"223",At Risk
24019,229,1,1120,2,2,3,"223",At Risk
19834,229,1,120,2,2,3,"223",At Risk
20315,229,1,133,2,2,3,"223",At Risk
20371,229,1,1174,2,2,3,"223",At Risk
26932,229,1,575,2,2,3,"223",At Risk
26952,230,1,751,2,2,3,"223",At Risk
19546,230,1,1174,2,2,3,"223",At Risk
23154,230,1,564,2,2,3,"223",At Risk
20319,230,1,1155,2,2,3,"223",At Risk
20192,230,1,1155,2,2,3,"223",At Risk
17124,231,1,563,2,2,3,"223",At Risk
17444,231,1,125,2,2,3,"223",At Risk
25540,231,1,1224,2,2,3,"223",At Risk
20295,231,1,1174,2,2,3,"223",At Risk
17671,231,1,565,2,2,3,"223",At Risk
29065,231,1,777,2,2,3,"223",At Risk
28320,231,1,540,2,2,3,"223",At Risk
22737,231,1,165,2,2,3,"223",At Risk
23165,231,1,549,2,2,3,"223",At Risk
22607,231,1,609,2,2,3,"223",At Risk
24015,231,1,1155,2,2,3,"223",At Risk
17672,231,1,540,2,2,3,"223",At Risk
28434,231,1,751,2,2,3,"223",At Risk
20198,231,1,1174,2,2,3,"223",At Risk
22751,231,1,133,2,2,3,"223",At Risk
13488,232,1,142,2,2,3,"223",At Risk
22423,232,1,584,2,2,3,"223",At Risk
28421,232,1,776,2,2,3,"223",At Risk
22638,232,1,549,2,2,3,"223",At Risk
20207,232,1,1134,2,2,3,"223",At Risk
19394,232,1,1155,2,2,3,"223",At Risk
21315,232,1,1189,2,2,3,"223",At Risk
26876,232,1,589,2,2,3,"223",At Risk
20372,232,1,1184,2,2,3,"223",At Risk
23143,232,1,564,2,2,3,"223",At Risk
20205,232,1,1184,2,2,3,"223",At Risk
27761,233,1,1155,2,2,3,"223",At Risk
23938,233,1,1120,2,2,3,"223",At Risk
26953,233,1,786,2,2,3,"223",At Risk
22216,233,1,564,2,2,3,"223",At Risk
26934,233,1,554,2,2,3,"223",At Risk
26944,233,1,554,2,2,3,"223",At Risk
23177,233,1,554,2,2,3,"223",At Risk
26868,233,1,540,2,2,3,"223",At Risk
20044,233,1,1155,2,2,3,"223",At Risk
24026,234,1,1213,2,2,3,"223",At Risk
20193,234,1,1120,2,2,3,"223",At Risk
14176,234,1,122,2,2,3,"223",At Risk
22164,234,1,564,2,2,3,"223",At Risk
23155,234,1,609,2,2,3,"223",At Risk
19542,234,1,580,2,2,3,"223",At Risk
20321,234,1,1155,2,2,3,"223",At Risk
19708,234,1,565,2,2,3,"223",At Risk
22681,234,1,132,2,2,3,"223",At Risk
22224,234,1,625,2,2,3,"223",At Risk
21830,234,1,540,2,2,3,"223",At Risk
20307,235,1,120,2,2,3,"223",At Risk
26931,235,1,561,2,2,3,"223",At Risk
28315,235,1,557,2,2,3,"223",At Risk
25411,235,1,1215,2,2,3,"223",At Risk
16219,235,1,554,2,2,3,"223",At Risk
11513,236,1,864,2,2,3,"223",At Risk
28400,236,1,777,2,2,3,"223",At Risk
28486,236,1,776,2,2,3,"223",At Risk
28383,236,1,742,2,2,3,"223",At Risk
26885,236,1,575,2,2,3,"223",At Risk
29063,237,1,802,2,2,3,"223",At Risk
22270,237,1,609,2,2,3,"223",At Risk
22609,237,1,609,2,2,3,"223",At Risk
20320,237,1,1155,2,2,3,"223",At Risk
22650,237,1,575,2,2,3,"223",At Risk
22293,238,1,561,2,2,3,"223",At Risk
13337,238,1,181,2,2,3,"223",At Risk
22257,238,1,540,2,2,3,"223",At Risk
26938,238,1,723,2,2,3,"223",At Risk
23139,238,1,554,2,2,3,"223",At Risk
24753,238,1,791,2,2,3,"223",At Risk
27351,239,1,124,2,2,3,"223",At Risk
23988,239,1,1179,2,2,3,"223",At Risk
20728,239,1,709,2,2,3,"223",At Risk
23144,239,1,549,2,2,3,"223",At Risk
22290,239,1,600,2,2,3,"223",At Risk
27734,239,1,120,2,2,3,"223",At Risk
22438,239,1,617,2,2,3,"223",At Risk
22777,239,1,194,2,2,3,"223",At Risk
19118,239,1,1120,2,2,3,"223",At Risk
18924,239,1,839,2,2,3,"223",At Risk
28317,239,1,540,2,2,3,"223",At Risk
22392,239,1,643,2,2,3,"223",At Risk
17670,239,1,540,2,2,3,"223",At Risk
26870,239,1,549,2,2,3,"223",At Risk
17664,240,1,625,2,2,3,"223",At Risk
14496,240,1,804,2,2,3,"223",At Risk
23924,240,1,1129,2,2,3,"223",At Risk
26860,240,1,540,2,2,3,"223",At Risk
26928,240,1,598,2,2,3,"223",At Risk
19690,240,1,572,2,2,3,"223",At Risk
22628,240,1,563,2,2,3,"223",At Risk
26946,240,1,1215,2,2,3,"223",At Risk
26964,240,1,751,2,2,3,"223",At Risk
22610,240,1,575,2,2,3,"223",At Risk
20111,241,1,1169,2,2,3,"223",At Risk
27183,241,1,1148,2,2,3,"223",At Risk
18936,241,1,839,2,2,3,"223",At Risk
26817,241,1,554,2,2,3,"223",At Risk
25395,241,1,1224,2,2,3,"223",At Risk
12763,241,1,590,2,2,3,"223",At Risk
26947,241,1,625,2,2,3,"223",At Risk
19526,241,1,1179,2,2,3,"223",At Risk
29068,241,1,751,2,2,3,"223",At Risk
19851,242,1,124,2,2,3,"223",At Risk
19116,242,1,1183,2,2,3,"223",At Risk
20891,242,1,590,2,2,3,"223",At Risk
18628,242,1,129,2,2,3,"223",At Risk
20195,242,1,1174,2,2,3,"223",At Risk
19696,242,1,597,2,2,3,"223",At Risk
24031,242,1,1170,2,2,3,"223",At Risk
22443,242,1,554,2,2,3,"223",At Risk
24278,243,1,184,2,2,3,"223",At Risk
28316,243,1,540,2,2,3,"223",At Risk
19414,243,1,1145,2,2,3,"223",At Risk
14497,243,1,804,2,2,3,"223",At Risk
19691,243,1,570,2,2,3,"223",At Risk
22256,243,1,570,2,2,3,"223",At Risk
23936,243,1,124,2,2,3,"223",At Risk
24536,243,1,587,2,2,3,"223",At Risk
18459,243,1,589,2,2,3,"223",At Risk
23173,243,1,589,2,2,3,"223",At Risk
17676,243,1,603,2,2,3,"223",At Risk
23060,244,1,127,2,2,3,"223",At Risk
25418,244,1,1224,2,2,3,"223",At Risk
19856,244,1,144,2,2,3,"223",At Risk
20374,244,1,1120,2,2,3,"223",At Risk
22291,244,1,575,2,2,3,"223",At Risk
12508,244,1,133,2,2,3,"223",At Risk
22395,244,1,572,2,2,3,"223",At Risk
29055,244,1,765,2,2,3,"223",At Risk
21188,245,1,124,2,2,3,"223",At Risk
23179,245,1,540,2,2,3,"223",At Risk
27797,245,1,1120,2,2,3,"223",At Risk
30081,245,1,150,2,2,3,"223",At Risk
25588,245,1,1224,2,2,3,"223",At Risk
20296,245,1,1145,2,2,3,"223",At Risk
22231,245,1,609,2,2,3,"223",At Risk
26945,245,1,777,2,2,3,"223",At Risk
25018,245,1,198,2,2,3,"223",At Risk
19687,245,1,592,2,2,3,"223",At Risk
20110,245,1,1120,2,2,3,"223",At Risk
21865,245,1,149,2,2,3,"223",At Risk
28325,245,1,575,2,2,3,"223",At Risk
27760,245,1,1169,2,2,3,"223",At Risk
22316,246,1,617,2,2,3,"223",At Risk
20125,246,1,120,2,2,3,"223",At Risk
19165,246,1,634,2,2,3,"223",At Risk
20047,246,1,615,2,2,3,"223",At Risk
20331,246,1,133,2,2,3,"223",At Risk
19660,246,1,120,2,2,3,"223",At Risk
27127,246,1,1120,2,2,3,"223",At Risk
20046,246,1,692,2,2,3,"223",At Risk
20006,246,1,1155,2,2,3,"223",At Risk
24430,246,1,131,2,2,3,"223",At Risk
22132,247,1,563,2,2,3,"223",At Risk
23111,247,1,554,2,2,3,"223",At Risk
26214,247,1,554,2,2,3,"223",At Risk
27908,247,1,786,2,2,3,"223",At Risk
22972,247,1,540,2,2,3,"223",At Risk
26830,247,1,554,2,2,3,"223",At Risk
22153,247,1,549,2,2,3,"223",At Risk
28484,247,1,779,2,2,3,"223",At Risk
22119,247,1,564,2,2,3,"223",At Risk
22116,247,1,564,2,2,3,"223",At Risk
20028,247,1,1174,2,2,3,"223",At Risk
22585,247,1,554,2,2,3,"223",At Risk
15514,248,1,125,2,2,3,"223",At Risk
20032,248,1,1120,2,2,3,"223",At Risk
28786,248,1,128,2,2,3,"223",At Risk
22964,248,1,124,2,2,3,"223",At Risk
21822,248,1,565,2,2,3,"223",At Risk
23779,248,1,1148,2,2,3,"223",At Risk
20068,248,1,1120,2,2,3,"223",At Risk
19760,249,1,129,2,2,3,"223",At Risk
13719,249,1,1129,2,2,3,"223",At Risk
26939,249,1,777,2,2,3,"223",At Risk
20092,249,1,1149,2,2,3,"223",At Risk
26690,249,1,132,2,2,3,"223",At Risk
23110,249,1,540,2,2,3,"223",At Risk
22598,249,1,598,2,2,3,"223",At Risk
14491,249,1,127,2,2,3,"223",At Risk
26903,250,1,801,2,2,3,"223",At Risk
27897,250,1,750,2,2,3,"223",At Risk
21207,250,1,124,2,2,3,"223",At Risk
20384,250,1,129,2,2,3,"223",At Risk
12525,250,1,120,2,2,3,"223",At Risk
25750,250,1,554,2,2,3,"223",At Risk
22319,250,1,554,2,2,3,"223",At Risk
26997,251,1,1149,2,2,3,"223",At Risk
23987,251,1,1148,2,2,3,"223",At Risk
27284,251,1,123,2,2,3,"223",At Risk
19163,251,1,540,2,2,3,"223",At Risk
23040,251,1,565,2,2,3,"223",At Risk
26356,252,1,575,2,2,3,"223",At Risk
23456,252,1,157,2,2,3,"223",At Risk
22591,252,1,568,2,2,3,"223",At Risk
14450,252,1,181,2,2,3,"223",At Risk
15993,252,1,597,2,2,3,"223",At Risk
17118,252,1,563,2,2,3,"223",At Risk
18590,253,1,120,2,2,3,"223",At Risk
28483,253,1,765,2,2,3,"223",At Risk
24752,253,1,756,2,2,3,"223",At Risk
20067,254,1,1155,2,2,3,"223",At Risk
19144,254,1,615,2,2,3,"223",At Risk
19143,254,1,605,2,2,3,"223",At Risk
26220,254,1,540,2,2,3,"223",At Risk
19389,254,1,138,2,2,3,"223",At Risk
26359,255,1,600,2,2,3,"223",At Risk
26360,255,1,540,2,2,3,"223",At Risk
20026,255,1,1213,2,2,3,"223",At Risk
28313,255,1,648,2,2,3,"223",At Risk
14416,255,1,769,2,2,3,"223",At Risk
21313,255,1,1155,2,2,3,"223",At Risk
28481,255,1,779,2,2,3,"223",At Risk
26824,256,1,568,2,2,3,"223",At Risk
22133,256,1,556,2,2,3,"223",At Risk
18855,256,1,1155,2,2,3,"223",At Risk
22131,256,1,561,2,2,3,"223",At Risk
19412,256,1,618,2,2,3,"223",At Risk
23983,256,1,1195,2,2,3,"223",At Risk
27900,257,1,777,2,2,3,"223",At Risk
23614,257,1,144,2,2,3,"223",At Risk
22165,257,1,191,2,2,3,"223",At Risk
27653,257,1,129,2,2,3,"223",At Risk
17877,258,1,188,2,2,3,"223",At Risk
20109,258,1,1155,2,2,3,"223",At Risk
14338,258,1,829,2,2,3,"223",At Risk
26219,258,1,570,2,2,3,"223",At Risk
19207,258,1,791,2,2,3,"223",At Risk
19655,258,1,129,2,2,3,"223",At Risk
22113,258,1,589,2,2,3,"223",At Risk
19164,258,1,630,2,2,3,"223",At Risk
19142,258,1,619,2,2,3,"223",At Risk
22093,259,1,589,2,2,3,"223",At Risk
22597,259,1,615,2,2,3,"223",At Risk
22665,259,1,587,2,2,3,"223",At Risk
23986,259,1,1184,2,2,3,"223",At Risk
22900,259,1,540,2,2,3,"223",At Risk
23080,259,1,549,2,2,3,"223",At Risk
20005,259,1,1143,2,2,3,"223",At Risk
23039,259,1,561,2,2,3,"223",At Risk
24648,259,1,791,2,2,3,"223",At Risk
16600,259,1,125,2,2,3,"223",At Risk
26669,260,1,124,2,2,3,"223",At Risk
23019,260,1,613,2,2,3,"223",At Risk
15996,260,1,565,2,2,3,"223",At Risk
19934,261,1,193,2,2,3,"223",At Risk
27150,261,1,201,2,2,3,"223",At Risk
25292,261,1,159,2,2,3,"223",At Risk
28485,261,1,751,2,2,3,"223",At Risk
20030,261,1,1155,2,2,3,"223",At Risk
14330,261,1,807,2,2,3,"223",At Risk
26856,261,1,810,2,2,3,"223",At Risk
22992,261,1,608,2,2,3,"223",At Risk
27167,262,1,1203,2,2,3,"223",At Risk
28480,262,1,742,2,2,3,"223",At Risk
22129,262,1,575,2,2,3,"223",At Risk
22590,262,1,584,2,2,3,"223",At Risk
22099,262,1,564,2,2,3,"223",At Risk
20072,262,1,1155,2,2,3,"223",At Risk
13573,262,1,120,2,2,3,"223",At Risk
26837,262,1,549,2,2,3,"223",At Risk
28312,262,1,575,2,2,3,"223",At Risk
26372,262,1,549,2,2,3,"223",At Risk
23038,262,1,564,2,2,3,"223",At Risk
22139,263,1,549,2,2,3,"223",At Risk
21912,263,1,575,2,2,3,"223",At Risk
24945,263,1,153,2,2,3,"223",At Risk
28482,263,1,777,2,2,3,"223",At Risk
28369,264,1,777,2,2,3,"223",At Risk
23127,264,1,565,2,2,3,"223",At Risk
28314,264,1,554,2,2,3,"223",At Risk
22106,264,1,554,2,2,3,"223",At Risk
20040,264,1,1155,2,2,3,"223",At Risk
20031,264,1,1155,2,2,3,"223",At Risk
19140,265,1,565,2,2,3,"223",At Risk
18842,265,1,1155,2,2,3,"223",At Risk
26988,265,1,1179,2,2,3,"223",At Risk
29373,265,1,184,2,2,3,"223",At Risk
20066,266,1,1170,2,2,3,"223",At Risk
23112,266,1,561,2,2,3,"223",At Risk
22130,266,1,575,2,2,3,"223",At Risk
26902,267,1,777,2,2,3,"223",At Risk
26853,267,1,786,2,2,3,"223",At Risk
22094,267,1,540,2,2,3,"223",At Risk
22897,267,1,562,2,2,3,"223",At Risk
20073,267,1,1170,2,2,3,"223",At Risk
22633,267,1,565,2,2,3,"223",At Risk
18795,267,1,1199,2,2,3,"223",At Risk
25470,267,1,163,2,2,3,"223",At Risk
22405,268,1,124,2,2,3,"223",At Risk
28495,268,1,120,2,2,3,"223",At Risk
23171,268,1,124,2,2,3,"223",At Risk
22115,268,1,625,2,2,3,"223",At Risk
20009,268,1,1184,2,2,3,"223",At Risk
22104,268,1,554,2,2,3,"223",At Risk
16020,269,1,596,2,2,3,"223",At Risk
27518,269,1,124,2,2,3,"223",At Risk
22136,269,1,554,2,2,3,"223",At Risk
22606,269,1,589,2,2,3,"223",At Risk
22135,269,1,575,2,2,3,"223",At Risk
23075,270,1,564,2,2,3,"223",At Risk
22306,270,1,561,2,2,3,"223",At Risk
28307,270,1,561,2,2,3,"223",At Risk
18032,270,1,144,2,2,3,"223",At Risk
23907,270,1,1120,2,2,3,"223",At Risk
13674,270,1,148,2,2,3,"223",At Risk
15981,271,1,125,2,2,3,"223",At Risk
19130,271,1,665,2,2,3,"223",At Risk
23984,271,1,1155,2,2,3,"223",At Risk
20093,271,1,1180,2,2,3,"223",At Risk
24236,271,1,122,2,2,3,"223",At Risk
20029,271,1,1129,2,2,3,"223",At Risk
27129,271,1,1134,2,2,3,"223",At Risk
28308,272,1,589,2,2,3,"223",At Risk
22096,272,1,133,2,2,3,"223",At Risk
20358,272,1,124,2,2,3,"223",At Risk
20108,272,1,1155,2,2,3,"223",At Risk
22322,272,1,600,2,2,3,"223",At Risk
20097,272,1,1120,2,2,3,"223",At Risk
23066,272,1,617,2,2,3,"223",At Risk
19244,273,1,133,2,2,3,"223",At Risk
21818,273,1,191,2,2,3,"223",At Risk
18841,273,1,1145,2,2,3,"223",At Risk
14387,273,1,898,2,2,3,"223",At Risk
19141,273,1,580,2,2,3,"223",At Risk
22898,273,1,540,2,2,3,"223",At Risk
23777,274,1,1179,2,2,3,"223",At Risk
22587,274,1,549,2,2,3,"223",At Risk
19543,274,1,133,2,2,3,"223",At Risk
19161,274,1,585,2,2,3,"223",At Risk
27214,274,1,188,2,2,3,"223",At Risk
26842,275,1,540,2,2,3,"223",At Risk
20024,275,1,1155,2,2,3,"223",At Risk
22899,275,1,600,2,2,3,"223",At Risk
26762,275,1,133,2,2,3,"223",At Risk
19162,275,1,564,2,2,3,"223",At Risk
19744,276,1,1179,2,2,3,"223",At Risk
19867,276,1,1155,2,2,3,"223",At Risk
25379,276,1,1215,2,2,3,"223",At Risk
22541,276,1,589,2,2,3,"223",At Risk
19892,277,1,1155,2,2,3,"223",At Risk
20326,277,1,129,2,2,3,"223",At Risk
14594,277,1,164,2,2,3,"223",At Risk
22074,277,1,554,2,2,3,"223",At Risk
26357,277,1,777,2,2,3,"223",At Risk
28916,277,1,562,2,2,3,"223",At Risk
22078,277,1,564,2,2,3,"223",At Risk
21673,277,1,639,2,2,3,"223",At Risk
28633,278,1,188,2,2,3,"223",At Risk
22887,278,1,578,2,2,3,"223",At Risk
22880,278,1,549,2,2,3,"223",At Risk
28205,279,1,603,2,2,3,"223",At Risk
22888,279,1,540,2,2,3,"223",At Risk
22067,279,1,540,2,2,3,"223",At Risk
26432,279,1,124,2,2,3,"223",At Risk
19984,279,1,1183,2,2,3,"223",At Risk
20184,279,1,124,2,2,3,"223",At Risk
23747,280,1,1142,2,2,3,"223",At Risk
27825,280,1,901,2,2,3,"223",At Risk
22506,280,1,561,2,2,3,"223",At Risk
22091,280,1,549,2,2,3,"223",At Risk
29301,280,1,135,2,2,3,"223",At Risk
22778,281,1,723,2,2,3,"223",At Risk
18888,281,1,124,2,2,3,"223",At Risk
20001,281,1,1155,2,2,3,"223",At Risk
20741,281,1,120,2,2,3,"223",At Risk
19875,281,1,1199,2,2,3,"223",At Risk
23753,281,1,1193,2,2,3,"223",At Risk
14110,282,1,819,2,2,3,"223",At Risk
18354,282,1,133,2,2,3,"223",At Risk
19849,282,1,1148,2,2,3,"223",At Risk
14441,282,1,142,2,2,3,"223",At Risk
22791,282,1,600,2,2,3,"223",At Risk
28116,282,1,617,2,2,3,"223",At Risk
27883,283,1,779,2,2,3,"223",At Risk
19983,283,1,1120,2,2,3,"223",At Risk
21126,283,1,565,2,2,3,"223",At Risk
28479,284,1,831,2,2,3,"223",At Risk
23762,284,1,1164,2,2,3,"223",At Risk
22780,284,1,723,2,2,3,"223",At Risk
22874,284,1,549,2,2,3,"223",At Risk
21665,284,1,554,2,2,3,"223",At Risk
24422,284,1,153,2,2,3,"223",At Risk
14878,284,1,125,2,2,3,"223",At Risk
25657,284,1,609,2,2,3,"223",At Risk
16668,284,1,608,2,2,3,"223",At Risk
19768,284,1,1143,2,2,3,"223",At Risk
22621,284,1,590,2,2,3,"223",At Risk
22760,285,1,549,2,2,3,"223",At Risk
16500,285,1,589,2,2,3,"223",At Risk
26261,285,1,195,2,2,3,"223",At Risk
21671,285,1,629,2,2,3,"223",At Risk
22517,286,1,563,2,2,3,"223",At Risk
23904,286,1,1199,2,2,3,"223",At Risk
29107,286,1,163,2,2,3,"223",At Risk
22525,286,1,575,2,2,3,"223",At Risk
22768,286,1,600,2,2,3,"223",At Risk
20758,286,1,129,2,2,3,"223",At Risk
19820,286,1,1155,2,2,3,"223",At Risk
28212,286,1,619,2,2,3,"223",At Risk
23300,287,1,133,2,2,3,"223",At Risk
27967,287,1,554,2,2,3,"223",At Risk
29206,287,1,149,2,2,3,"223",At Risk
22876,287,1,575,2,2,3,"223",At Risk
23775,287,1,1155,2,2,3,"223",At Risk
28113,287,1,901,2,2,3,"223",At Risk
25656,288,1,540,2,2,3,"223",At Risk
28209,288,1,575,2,2,3,"223",At Risk
19127,288,1,580,2,2,3,"223",At Risk
25659,288,1,568,2,2,3,"223",At Risk
16255,288,1,188,2,2,3,"223",At Risk
19375,289,1,120,2,2,3,"223",At Risk
20748,289,1,124,2,2,3,"223",At Risk
22886,289,1,599,2,2,3,"223",At Risk
19891,290,1,1174,2,2,3,"223",At Risk
13809,287,1,114,2,1,3,"213",At Risk
23024,262,1,107,2,1,3,"213",At Risk
18676,270,1,120,2,1,3,"213",At Risk
29315,265,1,104,2,1,3,"213",At Risk
16353,235,1,107,2,1,3,"213",At Risk
20103,271,1,103,2,1,3,"213",At Risk
20916,227,1,120,2,1,3,"213",At Risk
22176,209,1,100,2,1,3,"213",At Risk
25520,225,1,114,2,1,3,"213",At Risk
23470,254,1,107,2,1,3,"213",At Risk
21952,247,1,99,2,1,3,"213",At Risk
15544,277,1,112,2,1,3,"213",At Risk
22539,249,1,99,2,1,3,"213",At Risk
28866,277,1,118,2,1,3,"213",At Risk
19071,272,1,116,2,1,3,"213",At Risk
15946,283,1,103,2,1,3,"213",At Risk
18992,231,1,120,2,1,3,"213",At Risk
20570,288,1,115,2,1,3,"213",At Risk
26059,261,1,119,2,1,3,"213",At Risk
26809,266,1,119,2,1,3,"213",At Risk
13913,206,1,107,2,1,3,"213",At Risk
27413,245,1,103,2,1,3,"213",At Risk
28287,282,1,103,2,1,3,"213",At Risk
15274,257,1,114,2,1,3,"213",At Risk
13672,217,1,120,2,1,3,"213",At Risk
28890,208,1,110,2,1,3,"213",At Risk
27112,218,1,114,2,1,3,"213",At Risk
20597,234,1,120,2,1,3,"213",At Risk
14805,222,1,101,2,1,3,"213",At Risk
21456,268,1,104,2,1,3,"213",At Risk
15109,231,1,120,2,1,3,"213",At Risk
12966,209,1,107,2,1,3,"213",At Risk
13164,214,1,100,2,1,3,"213",At Risk
21135,285,1,104,2,1,3,"213",At Risk
14768,243,1,107,2,1,3,"213",At Risk
21136,235,1,107,2,1,3,"213",At Risk
21317,220,1,109,2,1,3,"213",At Risk
20530,275,1,104,2,1,3,"213",At Risk
24629,273,1,100,2,1,3,"213",At Risk
20421,266,1,119,2,1,3,"213",At Risk
25810,232,1,114,2,1,3,"213",At Risk
19155,270,1,79,2,1,2,"212",At Risk
19231,216,1,70,2,1,2,"212",At Risk
22827,237,1,90,2,1,2,"212",At Risk
23641,237,1,64,2,1,2,"212",At Risk
28945,285,1,69,2,1,2,"212",At Risk
24622,252,1,96,2,1,2,"212",At Risk
20266,285,1,60,2,1,2,"212",At Risk
28454,216,1,89,2,1,2,"212",At Risk
12812,259,1,50,2,1,2,"212",At Risk
25374,215,1,72,2,1,2,"212",At Risk
16186,215,1,65,2,1,2,"212",At Risk
21712,269,1,69,2,1,2,"212",At Risk
21324,285,1,69,2,1,2,"212",At Risk
24876,285,1,50,2,1,2,"212",At Risk
27028,285,1,60,2,1,2,"212",At Risk
21452,215,1,50,2,1,2,"212",At Risk
20631,215,1,72,2,1,2,"212",At Risk
20155,215,1,60,2,1,2,"212",At Risk
27428,215,1,94,2,1,2,"212",At Risk
21616,288,1,69,2,1,2,"212",At Risk
24886,215,1,80,2,1,2,"212",At Risk
26158,273,1,94,2,1,2,"212",At Risk
13364,260,1,57,2,1,2,"212",At Risk
20231,252,1,60,2,1,2,"212",At Risk
18896,286,1,75,2,1,2,"212",At Risk
21790,235,1,74,2,1,2,"212",At Risk
19654,215,1,79,2,1,2,"212",At Risk
24687,235,1,92,2,1,2,"212",At Risk
19779,214,1,70,2,1,2,"212",At Risk
27148,214,1,79,2,1,2,"212",At Risk
23624,252,1,63,2,1,2,"212",At Risk
23694,214,1,70,2,1,2,"212",At Risk
15317,266,1,55,2,1,2,"212",At Risk
12493,260,1,70,2,1,2,"212",At Risk
26273,214,1,60,2,1,2,"212",At Risk
21261,286,1,70,2,1,2,"212",At Risk
17713,286,1,70,2,1,2,"212",At Risk
19677,286,1,59,2,1,2,"212",At Risk
23791,214,1,72,2,1,2,"212",At Risk
19019,286,1,79,2,1,2,"212",At Risk
21743,276,1,50,2,1,2,"212",At Risk
20353,286,1,79,2,1,2,"212",At Risk
11478,286,1,54,2,1,2,"212",At Risk
18083,214,1,90,2,1,2,"212",At Risk
17695,273,1,68,2,1,2,"212",At Risk
20411,261,1,69,2,1,2,"212",At Risk
14136,252,1,72,2,1,2,"212",At Risk
19864,213,1,70,2,1,2,"212",At Risk
27466,235,1,67,2,1,2,"212",At Risk
28943,213,1,50,2,1,2,"212",At Risk
20135,213,1,70,2,1,2,"212",At Risk
28292,276,1,62,2,1,2,"212",At Risk
22108,287,1,85,2,1,2,"212",At Risk
12953,287,1,81,2,1,2,"212",At Risk
27564,249,1,60,2,1,2,"212",At Risk
21816,213,1,83,2,1,2,"212",At Risk
27065,213,1,69,2,1,2,"212",At Risk
26577,243,1,69,2,1,2,"212",At Risk
23919,213,1,58,2,1,2,"212",At Risk
27739,260,1,70,2,1,2,"212",At Risk
19876,213,1,79,2,1,2,"212",At Risk
14135,287,1,87,2,1,2,"212",At Risk
24130,235,1,48,2,1,2,"212",At Risk
14409,213,1,85,2,1,2,"212",At Risk
26314,260,1,89,2,1,2,"212",At Risk
20327,257,1,70,2,1,2,"212",At Risk
25328,212,1,90,2,1,2,"212",At Risk
29312,260,1,70,2,1,2,"212",At Risk
17699,212,1,68,2,1,2,"212",At Risk
24313,257,1,46,2,1,2,"212",At Risk
25768,287,1,75,2,1,2,"212",At Risk
24862,235,1,75,2,1,2,"212",At Risk
29337,260,1,50,2,1,2,"212",At Risk
27458,212,1,69,2,1,2,"212",At Risk
17936,287,1,65,2,1,2,"212",At Risk
14254,212,1,81,2,1,2,"212",At Risk
21690,287,1,94,2,1,2,"212",At Risk
20370,267,1,50,2,1,2,"212",At Risk
22949,287,1,72,2,1,2,"212",At Risk
26915,212,1,59,2,1,2,"212",At Risk
25441,287,1,72,2,1,2,"212",At Risk
15442,211,1,93,2,1,2,"212",At Risk
14536,211,1,68,2,1,2,"212",At Risk
20458,276,1,50,2,1,2,"212",At Risk
17997,287,1,70,2,1,2,"212",At Risk
17486,276,1,90,2,1,2,"212",At Risk
20359,237,1,79,2,1,2,"212",At Risk
26164,209,1,70,2,1,2,"212",At Risk
24435,287,1,47,2,1,2,"212",At Risk
26266,252,1,93,2,1,2,"212",At Risk
16986,211,1,68,2,1,2,"212",At Risk
20349,210,1,70,2,1,2,"212",At Risk
20417,288,1,68,2,1,2,"212",At Risk
21784,261,1,50,2,1,2,"212",At Risk
27243,288,1,55,2,1,2,"212",At Risk
17711,209,1,70,2,1,2,"212",At Risk
27637,210,1,69,2,1,2,"212",At Risk
28570,210,1,67,2,1,2,"212",At Risk
29124,261,1,70,2,1,2,"212",At Risk
22701,210,1,58,2,1,2,"212",At Risk
26508,265,1,49,2,1,2,"212",At Risk
18912,237,1,70,2,1,2,"212",At Risk
22941,210,1,59,2,1,2,"212",At Risk
24961,210,1,72,2,1,2,"212",At Risk
29188,210,1,70,2,1,2,"212",At Risk
12978,209,1,50,2,1,2,"212",At Risk
19388,288,1,45,2,1,2,"212",At Risk
12788,209,1,57,2,1,2,"212",At Risk
25699,238,1,48,2,1,2,"212",At Risk
20689,243,1,78,2,1,2,"212",At Risk
15958,252,1,68,2,1,2,"212",At Risk
24694,267,1,58,2,1,2,"212",At Risk
13098,267,1,72,2,1,2,"212",At Risk
26260,255,1,93,2,1,2,"212",At Risk
19692,242,1,94,2,1,2,"212",At Risk
28551,273,1,70,2,1,2,"212",At Risk
21900,242,1,70,2,1,2,"212",At Risk
22103,252,1,70,2,1,2,"212",At Risk
26185,242,1,68,2,1,2,"212",At Risk
22629,238,1,60,2,1,2,"212",At Risk
21157,235,1,50,2,1,2,"212",At Risk
15912,238,1,94,2,1,2,"212",At Risk
25300,238,1,75,2,1,2,"212",At Risk
11473,242,1,63,2,1,2,"212",At Risk
21765,236,1,78,2,1,2,"212",At Risk
13703,269,1,75,2,1,2,"212",At Risk
20301,252,1,70,2,1,2,"212",At Risk
23823,257,1,59,2,1,2,"212",At Risk
19859,256,1,70,2,1,2,"212",At Risk
21419,253,1,65,2,1,2,"212",At Risk
20243,253,1,60,2,1,2,"212",At Risk
22209,272,1,75,2,1,2,"212",At Risk
25569,235,1,90,2,1,2,"212",At Risk
20124,236,1,70,2,1,2,"212",At Risk
29074,236,1,67,2,1,2,"212",At Risk
29037,268,1,70,2,1,2,"212",At Risk
20908,242,1,79,2,1,2,"212",At Risk
21753,275,1,78,2,1,2,"212",At Risk
19153,242,1,70,2,1,2,"212",At Risk
19707,242,1,79,2,1,2,"212",At Risk
24729,256,1,59,2,1,2,"212",At Risk
16195,253,1,92,2,1,2,"212",At Risk
21302,253,1,70,2,1,2,"212",At Risk
16434,242,1,70,2,1,2,"212",At Risk
27369,255,1,79,2,1,2,"212",At Risk
15838,276,1,57,2,1,2,"212",At Risk
23387,235,1,94,2,1,2,"212",At Risk
12845,253,1,76,2,1,2,"212",At Risk
20730,241,1,69,2,1,2,"212",At Risk
15779,254,1,90,2,1,2,"212",At Risk
18034,254,1,64,2,1,2,"212",At Risk
13850,241,1,57,2,1,2,"212",At Risk
28332,237,1,94,2,1,2,"212",At Risk
24812,241,1,83,2,1,2,"212",At Risk
21917,241,1,70,2,1,2,"212",At Risk
22574,241,1,70,2,1,2,"212",At Risk
14153,264,1,49,2,1,2,"212",At Risk
21515,238,1,49,2,1,2,"212",At Risk
18659,264,1,79,2,1,2,"212",At Risk
24133,263,1,49,2,1,2,"212",At Risk
17089,236,1,65,2,1,2,"212",At Risk
20478,263,1,96,2,1,2,"212",At Risk
22891,263,1,70,2,1,2,"212",At Risk
28347,263,1,74,2,1,2,"212",At Risk
21896,238,1,75,2,1,2,"212",At Risk
12557,268,1,50,2,1,2,"212",At Risk
22944,268,1,64,2,1,2,"212",At Risk
28035,276,1,70,2,1,2,"212",At Risk
19776,238,1,94,2,1,2,"212",At Risk
28290,263,1,64,2,1,2,"212",At Risk
19139,254,1,70,2,1,2,"212",At Risk
27401,275,1,70,2,1,2,"212",At Risk
23307,264,1,68,2,1,2,"212",At Risk
20583,236,1,70,2,1,2,"212",At Risk
20233,272,1,70,2,1,2,"212",At Risk
13750,236,1,72,2,1,2,"212",At Risk
19702,254,1,70,2,1,2,"212",At Risk
19732,273,1,79,2,1,2,"212",At Risk
25207,268,1,87,2,1,2,"212",At Risk
12758,249,1,75,2,1,2,"212",At Risk
13147,238,1,75,2,1,2,"212",At Risk
15679,264,1,65,2,1,2,"212",At Risk
28969,263,1,63,2,1,2,"212",At Risk
18975,238,1,90,2,1,2,"212",At Risk
27344,254,1,70,2,1,2,"212",At Risk
28468,263,1,60,2,1,2,"212",At Risk
15633,254,1,68,2,1,2,"212",At Risk
20306,274,1,70,2,1,2,"212",At Risk
13891,268,1,85,2,1,2,"212",At Risk
22421,238,1,59,2,1,2,"212",At Risk
18112,234,1,64,2,1,2,"212",At Risk
23771,262,1,83,2,1,2,"212",At Risk
13549,274,1,94,2,1,2,"212",At Risk
14249,245,1,96,2,1,2,"212",At Risk
19238,262,1,70,2,1,2,"212",At Risk
19216,276,1,55,2,1,2,"212",At Risk
18509,254,1,60,2,1,2,"212",At Risk
13307,240,1,81,2,1,2,"212",At Risk
19243,240,1,70,2,1,2,"212",At Risk
22027,264,1,60,2,1,2,"212",At Risk
24013,262,1,89,2,1,2,"212",At Risk
25304,265,1,67,2,1,2,"212",At Risk
18823,238,1,94,2,1,2,"212",At Risk
24651,238,1,72,2,1,2,"212",At Risk
19136,272,1,79,2,1,2,"212",At Risk
19759,246,1,79,2,1,2,"212",At Risk
15817,262,1,64,2,1,2,"212",At Risk
22403,270,1,70,2,1,2,"212",At Risk
25230,262,1,81,2,1,2,"212",At Risk
29120,236,1,50,2,1,2,"212",At Risk
18599,265,1,79,2,1,2,"212",At Risk
20398,235,1,69,2,1,2,"212",At Risk
14812,246,1,64,2,1,2,"212",At Risk
25676,262,1,67,2,1,2,"212",At Risk
24540,235,1,70,2,1,2,"212",At Risk
27384,238,1,79,2,1,2,"212",At Risk
21564,265,1,75,2,1,2,"212",At Risk
23863,234,1,70,2,1,2,"212",At Risk
20132,234,1,70,2,1,2,"212",At Risk
19107,265,1,70,2,1,2,"212",At Risk
21241,265,1,79,2,1,2,"212",At Risk
29164,235,1,67,2,1,2,"212",At Risk
22264,234,1,90,2,1,2,"212",At Risk
16463,233,1,60,2,1,2,"212",At Risk
27718,233,1,59,2,1,2,"212",At Risk
28976,261,1,94,2,1,2,"212",At Risk
22071,268,1,74,2,1,2,"212",At Risk
19676,255,1,68,2,1,2,"212",At Risk
27157,233,1,60,2,1,2,"212",At Risk
24195,261,1,60,2,1,2,"212",At Risk
21624,265,1,50,2,1,2,"212",At Risk
23200,238,1,92,2,1,2,"212",At Risk
21134,265,1,70,2,1,2,"212",At Risk
18128,290,1,85,2,1,2,"212",At Risk
28767,249,1,70,2,1,2,"212",At Risk
14090,275,1,85,2,1,2,"212",At Risk
24455,290,1,75,2,1,2,"212",At Risk
14917,206,1,64,2,1,2,"212",At Risk
23790,207,1,47,2,1,2,"212",At Risk
13245,207,1,46,2,1,2,"212",At Risk
20477,207,1,69,2,1,2,"212",At Risk
26062,257,1,49,2,1,2,"212",At Risk
15068,270,1,81,2,1,2,"212",At Risk
26145,207,1,79,2,1,2,"212",At Risk
27146,239,1,75,2,1,2,"212",At Risk
25503,207,1,49,2,1,2,"212",At Risk
26124,233,1,65,2,1,2,"212",At Risk
12659,289,1,74,2,1,2,"212",At Risk
21701,236,1,78,2,1,2,"212",At Risk
24740,272,1,96,2,1,2,"212",At Risk
19693,255,1,72,2,1,2,"212",At Risk
27419,236,1,70,2,1,2,"212",At Risk
17081,207,1,75,2,1,2,"212",At Risk
12848,246,1,74,2,1,2,"212",At Risk
28146,207,1,60,2,1,2,"212",At Risk
23803,239,1,68,2,1,2,"212",At Risk
18520,289,1,79,2,1,2,"212",At Risk
22162,239,1,70,2,1,2,"212",At Risk
22003,207,1,57,2,1,2,"212",At Risk
28359,207,1,79,2,1,2,"212",At Risk
26812,207,1,58,2,1,2,"212",At Risk
25001,207,1,50,2,1,2,"212",At Risk
21075,289,1,60,2,1,2,"212",At Risk
18129,239,1,96,2,1,2,"212",At Risk
18773,256,1,79,2,1,2,"212",At Risk
13347,239,1,72,2,1,2,"212",At Risk
13659,239,1,66,2,1,2,"212",At Risk
18837,239,1,94,2,1,2,"212",At Risk
16469,289,1,64,2,1,2,"212",At Risk
26128,207,1,69,2,1,2,"212",At Risk
13880,207,1,72,2,1,2,"212",At Risk
16385,239,1,64,2,1,2,"212",At Risk
26665,250,1,79,2,1,2,"212",At Risk
25326,208,1,79,2,1,2,"212",At Risk
23048,274,1,51,2,1,2,"212",At Risk
14699,208,1,79,2,1,2,"212",At Risk
24350,272,1,72,2,1,2,"212",At Risk
13901,233,1,67,2,1,2,"212",At Risk
15636,233,1,79,2,1,2,"212",At Risk
20352,289,1,79,2,1,2,"212",At Risk
26047,255,1,65,2,1,2,"212",At Risk
21270,208,1,78,2,1,2,"212",At Risk
26248,208,1,69,2,1,2,"212",At Risk
21977,233,1,75,2,1,2,"212",At Risk
26713,239,1,58,2,1,2,"212",At Risk
27603,208,1,93,2,1,2,"212",At Risk
28338,239,1,48,2,1,2,"212",At Risk
13193,208,1,72,2,1,2,"212",At Risk
27520,257,1,79,2,1,2,"212",At Risk
22369,233,1,70,2,1,2,"212",At Risk
14743,208,1,64,2,1,2,"212",At Risk
22553,208,1,49,2,1,2,"212",At Risk
14369,208,1,46,2,1,2,"212",At Risk
21519,233,1,70,2,1,2,"212",At Risk
22017,239,1,70,2,1,2,"212",At Risk
22683,257,1,58,2,1,2,"212",At Risk
26268,271,1,60,2,1,2,"212",At Risk
26670,239,1,70,2,1,2,"212",At Risk
28342,208,1,70,2,1,2,"212",At Risk
23441,239,1,89,2,1,2,"212",At Risk
12268,289,1,50,2,1,2,"212",At Risk
22756,274,1,70,2,1,2,"212",At Risk
21244,240,1,50,2,1,2,"212",At Risk
17698,271,1,69,2,1,2,"212",At Risk
27194,273,1,78,2,1,2,"212",At Risk
25266,209,1,58,2,1,2,"212",At Risk
13305,271,1,72,2,1,2,"212",At Risk
19909,245,1,64,2,1,2,"212",At Risk
25850,250,1,64,2,1,2,"212",At Risk
12720,232,1,50,2,1,2,"212",At Risk
19861,232,1,79,2,1,2,"212",At Risk
17224,257,1,67,2,1,2,"212",At Risk
17843,277,1,93,2,1,2,"212",At Risk
26592,249,1,79,2,1,2,"212",At Risk
22166,232,1,70,2,1,2,"212",At Risk
17791,232,1,65,2,1,2,"212",At Risk
21782,277,1,50,2,1,2,"212",At Risk
19242,277,1,70,2,1,2,"212",At Risk
26391,248,1,69,2,1,2,"212",At Risk
27247,257,1,69,2,1,2,"212",At Risk
26696,277,1,69,2,1,2,"212",At Risk
22018,232,1,77,2,1,2,"212",At Risk
23628,257,1,70,2,1,2,"212",At Risk
27840,245,1,49,2,1,2,"212",At Risk
24500,232,1,72,2,1,2,"212",At Risk
22107,232,1,72,2,1,2,"212",At Risk
27358,278,1,79,2,1,2,"212",At Risk
13569,244,1,49,2,1,2,"212",At Risk
20232,231,1,92,2,1,2,"212",At Risk
22928,231,1,59,2,1,2,"212",At Risk
20369,267,1,65,2,1,2,"212",At Risk
27751,246,1,75,2,1,2,"212",At Risk
28514,278,1,79,2,1,2,"212",At Risk
14829,231,1,90,2,1,2,"212",At Risk
22776,245,1,70,2,1,2,"212",At Risk
19075,278,1,65,2,1,2,"212",At Risk
16857,271,1,55,2,1,2,"212",At Risk
24557,246,1,70,2,1,2,"212",At Risk
15250,270,1,57,2,1,2,"212",At Risk
23241,231,1,70,2,1,2,"212",At Risk
28447,246,1,70,2,1,2,"212",At Risk
13480,255,1,81,2,1,2,"212",At Risk
23549,246,1,93,2,1,2,"212",At Risk
17489,246,1,59,2,1,2,"212",At Risk
13291,250,1,81,2,1,2,"212",At Risk
19466,255,1,64,2,1,2,"212",At Risk
15099,231,1,91,2,1,2,"212",At Risk
20139,271,1,70,2,1,2,"212",At Risk
25957,230,1,89,2,1,2,"212",At Risk
24146,278,1,60,2,1,2,"212",At Risk
15611,230,1,54,2,1,2,"212",At Risk
27380,250,1,70,2,1,2,"212",At Risk
25882,246,1,65,2,1,2,"212",At Risk
25859,230,1,65,2,1,2,"212",At Risk
17217,278,1,81,2,1,2,"212",At Risk
23094,278,1,68,2,1,2,"212",At Risk
24419,278,1,72,2,1,2,"212",At Risk
25764,230,1,72,2,1,2,"212",At Risk
24932,246,1,72,2,1,2,"212",At Risk
29321,250,1,50,2,1,2,"212",At Risk
26839,257,1,78,2,1,2,"212",At Risk
20796,230,1,89,2,1,2,"212",At Risk
13439,257,1,57,2,1,2,"212",At Risk
20507,230,1,50,2,1,2,"212",At Risk
25183,230,1,83,2,1,2,"212",At Risk
22367,279,1,70,2,1,2,"212",At Risk
23184,247,1,45,2,1,2,"212",At Risk
29162,255,1,54,2,1,2,"212",At Risk
27347,230,1,79,2,1,2,"212",At Risk
25160,229,1,47,2,1,2,"212",At Risk
14295,247,1,57,2,1,2,"212",At Risk
13914,279,1,72,2,1,2,"212",At Risk
21458,229,1,50,2,1,2,"212",At Risk
16736,229,1,60,2,1,2,"212",At Risk
23103,258,1,85,2,1,2,"212",At Risk
20018,229,1,70,2,1,2,"212",At Risk
27233,272,1,58,2,1,2,"212",At Risk
19633,229,1,60,2,1,2,"212",At Risk
18853,279,1,70,2,1,2,"212",At Risk
24243,229,1,49,2,1,2,"212",At Risk
21693,244,1,45,2,1,2,"212",At Risk
18154,248,1,66,2,1,2,"212",At Risk
18678,229,1,79,2,1,2,"212",At Risk
28343,229,1,54,2,1,2,"212",At Risk
25740,229,1,54,2,1,2,"212",At Risk
16371,229,1,55,2,1,2,"212",At Risk
16774,229,1,55,2,1,2,"212",At Risk
17802,228,1,87,2,1,2,"212",At Risk
27219,248,1,67,2,1,2,"212",At Risk
14076,272,1,72,2,1,2,"212",At Risk
11471,258,1,54,2,1,2,"212",At Risk
23367,228,1,70,2,1,2,"212",At Risk
29253,228,1,63,2,1,2,"212",At Risk
28055,228,1,75,2,1,2,"212",At Risk
28725,279,1,79,2,1,2,"212",At Risk
25124,249,1,64,2,1,2,"212",At Risk
24929,228,1,65,2,1,2,"212",At Risk
21514,244,1,70,2,1,2,"212",At Risk
19825,228,1,70,2,1,2,"212",At Risk
23527,244,1,57,2,1,2,"212",At Risk
11563,209,1,54,2,1,2,"212",At Risk
25003,228,1,49,2,1,2,"212",At Risk
24973,240,1,72,2,1,2,"212",At Risk
26085,227,1,64,2,1,2,"212",At Risk
22842,227,1,86,2,1,2,"212",At Risk
19505,227,1,53,2,1,2,"212",At Risk
25348,271,1,65,2,1,2,"212",At Risk
13476,227,1,76,2,1,2,"212",At Risk
26262,227,1,69,2,1,2,"212",At Risk
23893,227,1,59,2,1,2,"212",At Risk
18983,227,1,94,2,1,2,"212",At Risk
13216,267,1,96,2,1,2,"212",At Risk
25782,247,1,59,2,1,2,"212",At Risk
17703,244,1,79,2,1,2,"212",At Risk
26498,226,1,89,2,1,2,"212",At Risk
27844,226,1,90,2,1,2,"212",At Risk
20457,247,1,74,2,1,2,"212",At Risk
26785,258,1,75,2,1,2,"212",At Risk
17018,266,1,94,2,1,2,"212",At Risk
28950,289,1,45,2,1,2,"212",At Risk
28225,209,1,60,2,1,2,"212",At Risk
17751,258,1,93,2,1,2,"212",At Risk
26882,280,1,91,2,1,2,"212",At Risk
20605,280,1,85,2,1,2,"212",At Risk
14294,280,1,81,2,1,2,"212",At Risk
24318,280,1,72,2,1,2,"212",At Risk
18071,280,1,68,2,1,2,"212",At Risk
12504,280,1,61,2,1,2,"212",At Risk
23067,244,1,85,2,1,2,"212",At Risk
22076,249,1,66,2,1,2,"212",At Risk
24268,248,1,50,2,1,2,"212",At Risk
13926,270,1,57,2,1,2,"212",At Risk
14825,225,1,61,2,1,2,"212",At Risk
16796,258,1,55,2,1,2,"212",At Risk
22351,225,1,70,2,1,2,"212",At Risk
27409,225,1,60,2,1,2,"212",At Risk
25172,225,1,96,2,1,2,"212",At Risk
22870,281,1,69,2,1,2,"212",At Risk
22169,225,1,79,2,1,2,"212",At Risk
18319,281,1,60,2,1,2,"212",At Risk
20903,248,1,70,2,1,2,"212",At Risk
15705,255,1,70,2,1,2,"212",At Risk
28632,271,1,75,2,1,2,"212",At Risk
20517,224,1,77,2,1,2,"212",At Risk
25182,224,1,68,2,1,2,"212",At Risk
17492,224,1,84,2,1,2,"212",At Risk
23205,266,1,70,2,1,2,"212",At Risk
13322,266,1,85,2,1,2,"212",At Risk
20801,224,1,75,2,1,2,"212",At Risk
22191,258,1,94,2,1,2,"212",At Risk
29045,281,1,90,2,1,2,"212",At Risk
20515,224,1,74,2,1,2,"212",At Risk
20357,224,1,70,2,1,2,"212",At Risk
20729,224,1,78,2,1,2,"212",At Risk
20759,224,1,78,2,1,2,"212",At Risk
19800,223,1,70,2,1,2,"212",At Risk
18683,237,1,79,2,1,2,"212",At Risk
21635,223,1,74,2,1,2,"212",At Risk
25677,223,1,60,2,1,2,"212",At Risk
21446,266,1,55,2,1,2,"212",At Risk
18772,223,1,79,2,1,2,"212",At Risk
21325,281,1,70,2,1,2,"212",At Risk
14373,223,1,76,2,1,2,"212",At Risk
28964,281,1,70,2,1,2,"212",At Risk
19894,245,1,70,2,1,2,"212",At Risk
14388,247,1,81,2,1,2,"212",At Risk
20114,244,1,79,2,1,2,"212",At Risk
16556,223,1,87,2,1,2,"212",At Risk
26552,223,1,48,2,1,2,"212",At Risk
24440,281,1,61,2,1,2,"212",At Risk
27399,281,1,84,2,1,2,"212",At Risk
20286,281,1,79,2,1,2,"212",At Risk
26076,223,1,77,2,1,2,"212",At Risk
26434,223,1,70,2,1,2,"212",At Risk
19045,248,1,49,2,1,2,"212",At Risk
13352,223,1,57,2,1,2,"212",At Risk
22148,222,1,70,2,1,2,"212",At Risk
14296,247,1,46,2,1,2,"212",At Risk
17935,222,1,64,2,1,2,"212",At Risk
14872,248,1,72,2,1,2,"212",At Risk
12278,222,1,50,2,1,2,"212",At Risk
22001,271,1,75,2,1,2,"212",At Risk
11475,282,1,69,2,1,2,"212",At Risk
18877,267,1,70,2,1,2,"212",At Risk
24965,222,1,72,2,1,2,"212",At Risk
15277,222,1,96,2,1,2,"212",At Risk
22127,266,1,90,2,1,2,"212",At Risk
23761,222,1,69,2,1,2,"212",At Risk
20524,247,1,69,2,1,2,"212",At Risk
27435,266,1,89,2,1,2,"212",At Risk
23949,282,1,93,2,1,2,"212",At Risk
25422,222,1,72,2,1,2,"212",At Risk
24543,221,1,54,2,1,2,"212",At Risk
20489,282,1,50,2,1,2,"212",At Risk
26737,244,1,69,2,1,2,"212",At Risk
26367,221,1,78,2,1,2,"212",At Risk
22560,282,1,94,2,1,2,"212",At Risk
26702,221,1,69,2,1,2,"212",At Risk
26346,221,1,65,2,1,2,"212",At Risk
21058,221,1,69,2,1,2,"212",At Risk
12797,221,1,57,2,1,2,"212",At Risk
11407,221,1,54,2,1,2,"212",At Risk
18776,244,1,68,2,1,2,"212",At Risk
25174,251,1,92,2,1,2,"212",At Risk
13717,258,1,75,2,1,2,"212",At Risk
14075,282,1,57,2,1,2,"212",At Risk
16266,209,1,64,2,1,2,"212",At Risk
13344,273,1,81,2,1,2,"212",At Risk
19805,221,1,70,2,1,2,"212",At Risk
15895,220,1,62,2,1,2,"212",At Risk
20500,282,1,68,2,1,2,"212",At Risk
12377,220,1,50,2,1,2,"212",At Risk
16333,240,1,57,2,1,2,"212",At Risk
18845,283,1,70,2,1,2,"212",At Risk
22310,220,1,94,2,1,2,"212",At Risk
24736,244,1,72,2,1,2,"212",At Risk
12015,283,1,62,2,1,2,"212",At Risk
27816,251,1,49,2,1,2,"212",At Risk
22192,220,1,85,2,1,2,"212",At Risk
29283,243,1,54,2,1,2,"212",At Risk
20251,283,1,59,2,1,2,"212",At Risk
19669,220,1,79,2,1,2,"212",At Risk
14508,247,1,55,2,1,2,"212",At Risk
19857,283,1,70,2,1,2,"212",At Risk
23065,220,1,70,2,1,2,"212",At Risk
22507,220,1,49,2,1,2,"212",At Risk
19809,283,1,70,2,1,2,"212",At Risk
13761,220,1,46,2,1,2,"212",At Risk
15294,283,1,60,2,1,2,"212",At Risk
25069,220,1,72,2,1,2,"212",At Risk
16971,219,1,64,2,1,2,"212",At Risk
19219,283,1,79,2,1,2,"212",At Risk
18689,236,1,79,2,1,2,"212",At Risk
26071,283,1,89,2,1,2,"212",At Risk
29435,283,1,69,2,1,2,"212",At Risk
20270,283,1,79,2,1,2,"212",At Risk
26208,219,1,49,2,1,2,"212",At Risk
26151,219,1,70,2,1,2,"212",At Risk
22977,248,1,70,2,1,2,"212",At Risk
26777,219,1,69,2,1,2,"212",At Risk
22714,219,1,72,2,1,2,"212",At Risk
20055,218,1,83,2,1,2,"212",At Risk
15173,284,1,46,2,1,2,"212",At Risk
22363,218,1,57,2,1,2,"212",At Risk
22497,243,1,59,2,1,2,"212",At Risk
11562,218,1,85,2,1,2,"212",At Risk
13980,284,1,57,2,1,2,"212",At Risk
29443,218,1,89,2,1,2,"212",At Risk
12379,284,1,50,2,1,2,"212",At Risk
25341,218,1,65,2,1,2,"212",At Risk
17459,218,1,60,2,1,2,"212",At Risk
26699,275,1,64,2,1,2,"212",At Risk
19449,217,1,45,2,1,2,"212",At Risk
12467,284,1,59,2,1,2,"212",At Risk
21023,259,1,92,2,1,2,"212",At Risk
17804,217,1,74,2,1,2,"212",At Risk
19191,236,1,75,2,1,2,"212",At Risk
14835,235,1,81,2,1,2,"212",At Risk
22796,259,1,49,2,1,2,"212",At Risk
18666,217,1,59,2,1,2,"212",At Risk
21405,217,1,75,2,1,2,"212",At Risk
25912,217,1,63,2,1,2,"212",At Risk
16990,217,1,60,2,1,2,"212",At Risk
15445,217,1,65,2,1,2,"212",At Risk
21661,217,1,59,2,1,2,"212",At Risk
19522,259,1,64,2,1,2,"212",At Risk
21063,284,1,60,2,1,2,"212",At Risk
20368,269,1,70,2,1,2,"212",At Risk
22989,259,1,70,2,1,2,"212",At Risk
23008,259,1,60,2,1,2,"212",At Risk
28867,217,1,64,2,1,2,"212",At Risk
26242,284,1,68,2,1,2,"212",At Risk
21377,240,1,70,2,1,2,"212",At Risk
16281,217,1,64,2,1,2,"212",At Risk
13074,273,1,57,2,1,2,"212",At Risk
13867,243,1,57,2,1,2,"212",At Risk
13787,259,1,60,2,1,2,"212",At Risk
22715,259,1,85,2,1,2,"212",At Risk
15853,217,1,60,2,1,2,"212",At Risk
18964,285,1,70,2,1,2,"212",At Risk
27596,285,1,64,2,1,2,"212",At Risk
29071,259,1,70,2,1,2,"212",At Risk
28977,245,1,75,2,1,2,"212",At Risk
27563,216,1,85,2,1,2,"212",At Risk
13422,259,1,81,2,1,2,"212",At Risk
26044,285,1,87,2,1,2,"212",At Risk
26064,216,1,49,2,1,2,"212",At Risk
13748,285,1,72,2,1,2,"212",At Risk
26850,237,1,54,2,1,2,"212",At Risk
17407,267,1,55,2,1,2,"212",At Risk
27755,269,1,60,2,1,2,"212",At Risk
20924,216,1,70,2,1,2,"212",At Risk
19600,285,1,94,2,1,2,"212",At Risk
22098,216,1,70,2,1,2,"212",At Risk
14280,285,1,57,2,1,2,"212",At Risk
29217,285,1,64,2,1,2,"212",At Risk
19373,209,1,90,2,1,2,"212",At Risk
16304,275,1,49,2,1,2,"212",At Risk
20502,285,1,65,2,1,2,"212",At Risk
22073,252,1,74,2,1,2,"212",At Risk
17541,245,1,5,2,1,1,"211",At Risk
19928,272,1,5,2,1,1,"211",At Risk
25109,248,1,5,2,1,1,"211",At Risk
26350,248,1,5,2,1,1,"211",At Risk
14587,248,1,7,2,1,1,"211",At Risk
24630,246,1,5,2,1,1,"211",At Risk
23562,246,1,5,2,1,1,"211",At Risk
28087,246,1,7,2,1,1,"211",At Risk
24218,270,1,5,2,1,1,"211",At Risk
20734,247,1,7,2,1,1,"211",At Risk
23643,271,1,5,2,1,1,"211",At Risk
23305,271,1,7,2,1,1,"211",At Risk
27964,271,1,6,2,1,1,"211",At Risk
12538,248,1,9,2,1,1,"211",At Risk
24691,248,1,4,2,1,1,"211",At Risk
12543,271,1,9,2,1,1,"211",At Risk
23673,255,1,5,2,1,1,"211",At Risk
15870,257,1,7,2,1,1,"211",At Risk
17168,235,1,5,2,1,1,"211",At Risk
28006,235,1,7,2,1,1,"211",At Risk
26173,275,1,5,2,1,1,"211",At Risk
25665,276,1,5,2,1,1,"211",At Risk
27221,276,1,4,2,1,1,"211",At Risk
23096,276,1,7,2,1,1,"211",At Risk
23446,267,1,6,2,1,1,"211",At Risk
28345,234,1,5,2,1,1,"211",At Risk
14919,275,1,7,2,1,1,"211",At Risk
20802,234,1,6,2,1,1,"211",At Risk
18099,234,1,5,2,1,1,"211",At Risk
15400,274,1,5,2,1,1,"211",At Risk
25331,238,1,7,2,1,1,"211",At Risk
25238,238,1,7,2,1,1,"211",At Risk
21263,238,1,5,2,1,1,"211",At Risk
21838,233,1,5,2,1,1,"211",At Risk
18510,274,1,5,2,1,1,"211",At Risk
20177,233,1,6,2,1,1,"211",At Risk
27022,275,1,5,2,1,1,"211",At Risk
29109,274,1,6,2,1,1,"211",At Risk
23942,233,1,6,2,1,1,"211",At Risk
23892,239,1,5,2,1,1,"211",At Risk
27111,236,1,7,2,1,1,"211",At Risk
17578,235,1,7,2,1,1,"211",At Risk
14562,256,1,7,2,1,1,"211",At Risk
17467,240,1,5,2,1,1,"211",At Risk
17456,232,1,5,2,1,1,"211",At Risk
28599,277,1,8,2,1,1,"211",At Risk
16284,232,1,7,2,1,1,"211",At Risk
24881,232,1,5,2,1,1,"211",At Risk
20960,257,1,6,2,1,1,"211",At Risk
15295,232,1,7,2,1,1,"211",At Risk
28780,231,1,8,2,1,1,"211",At Risk
21365,278,1,7,2,1,1,"211",At Risk
22488,278,1,5,2,1,1,"211",At Risk
28612,231,1,9,2,1,1,"211",At Risk
25554,278,1,7,2,1,1,"211",At Risk
25130,266,1,7,2,1,1,"211",At Risk
17357,278,1,5,2,1,1,"211",At Risk
21363,278,1,5,2,1,1,"211",At Risk
25466,231,1,5,2,1,1,"211",At Risk
12524,231,1,9,2,1,1,"211",At Risk
22516,231,1,5,2,1,1,"211",At Risk
25322,231,1,7,2,1,1,"211",At Risk
15849,231,1,7,2,1,1,"211",At Risk
14899,231,1,5,2,1,1,"211",At Risk
15269,278,1,7,2,1,1,"211",At Risk
28281,278,1,7,2,1,1,"211",At Risk
27454,230,1,7,2,1,1,"211",At Risk
28251,230,1,5,2,1,1,"211",At Risk
23611,230,1,4,2,1,1,"211",At Risk
24464,230,1,5,2,1,1,"211",At Risk
12541,229,1,9,2,1,1,"211",At Risk
15431,279,1,7,2,1,1,"211",At Risk
25514,229,1,7,2,1,1,"211",At Risk
23979,229,1,6,2,1,1,"211",At Risk
17538,228,1,5,2,1,1,"211",At Risk
26700,279,1,7,2,1,1,"211",At Risk
20402,228,1,5,2,1,1,"211",At Risk
16899,228,1,5,2,1,1,"211",At Risk
24108,279,1,4,2,1,1,"211",At Risk
26887,227,1,6,2,1,1,"211",At Risk
26833,227,1,6,2,1,1,"211",At Risk
14593,227,1,7,2,1,1,"211",At Risk
21010,227,1,5,2,1,1,"211",At Risk
29057,226,1,9,2,1,1,"211",At Risk
23095,226,1,5,2,1,1,"211",At Risk
17616,280,1,5,2,1,1,"211",At Risk
28286,280,1,5,2,1,1,"211",At Risk
17174,226,1,5,2,1,1,"211",At Risk
16672,226,1,7,2,1,1,"211",At Risk
25241,225,1,5,2,1,1,"211",At Risk
16299,281,1,5,2,1,1,"211",At Risk
14609,225,1,5,2,1,1,"211",At Risk
28011,281,1,7,2,1,1,"211",At Risk
15247,266,1,7,2,1,1,"211",At Risk
25477,223,1,4,2,1,1,"211",At Risk
17434,223,1,5,2,1,1,"211",At Risk
24898,281,1,7,2,1,1,"211",At Risk
25327,223,1,5,2,1,1,"211",At Risk
27703,222,1,5,2,1,1,"211",At Risk
22457,282,1,5,2,1,1,"211",At Risk
28937,222,1,7,2,1,1,"211",At Risk
15331,282,1,7,2,1,1,"211",At Risk
26232,282,1,5,2,1,1,"211",At Risk
24556,221,1,6,2,1,1,"211",At Risk
16242,221,1,7,2,1,1,"211",At Risk
17335,282,1,5,2,1,1,"211",At Risk
15505,221,1,7,2,1,1,"211",At Risk
23601,220,1,6,2,1,1,"211",At Risk
12656,258,1,9,2,1,1,"211",At Risk
17426,220,1,5,2,1,1,"211",At Risk
12537,220,1,9,2,1,1,"211",At Risk
16503,258,1,5,2,1,1,"211",At Risk
19363,259,1,5,2,1,1,"211",At Risk
19351,283,1,5,2,1,1,"211",At Risk
18106,284,1,5,2,1,1,"211",At Risk
15979,218,1,5,2,1,1,"211",At Risk
24805,217,1,5,2,1,1,"211",At Risk
16874,259,1,5,2,1,1,"211",At Risk
20380,284,1,7,2,1,1,"211",At Risk
28095,217,1,2,2,1,1,"211",At Risk
21115,284,1,5,2,1,1,"211",At Risk
14762,217,1,5,2,1,1,"211",At Risk
18315,217,1,7,2,1,1,"211",At Risk
21128,216,1,5,2,1,1,"211",At Risk
28151,216,1,5,2,1,1,"211",At Risk
28260,216,1,7,2,1,1,"211",At Risk
12511,216,1,9,2,1,1,"211",At Risk
25648,216,1,5,2,1,1,"211",At Risk
24816,216,1,5,2,1,1,"211",At Risk
14492,285,1,7,2,1,1,"211",At Risk
23346,285,1,5,2,1,1,"211",At Risk
27960,285,1,7,2,1,1,"211",At Risk
24857,215,1,5,2,1,1,"211",At Risk
27716,215,1,7,2,1,1,"211",At Risk
17694,286,1,5,2,1,1,"211",At Risk
15967,260,1,5,2,1,1,"211",At Risk
28614,260,1,9,2,1,1,"211",At Risk
14627,215,1,7,2,1,1,"211",At Risk
23430,214,1,5,2,1,1,"211",At Risk
21239,214,1,7,2,1,1,"211",At Risk
14751,214,1,7,2,1,1,"211",At Risk
26802,213,1,5,2,1,1,"211",At Risk
14920,286,1,5,2,1,1,"211",At Risk
16293,213,1,5,2,1,1,"211",At Risk
22710,287,1,4,2,1,1,"211",At Risk
17821,287,1,6,2,1,1,"211",At Risk
17820,287,1,4,2,1,1,"211",At Risk
23368,212,1,5,2,1,1,"211",At Risk
14942,212,1,5,2,1,1,"211",At Risk
15935,287,1,7,2,1,1,"211",At Risk
25002,212,1,5,2,1,1,"211",At Risk
28597,287,1,8,2,1,1,"211",At Risk
12642,260,1,9,2,1,1,"211",At Risk
25157,211,1,7,2,1,1,"211",At Risk
15516,211,1,7,2,1,1,"211",At Risk
23554,210,1,5,2,1,1,"211",At Risk
14475,288,1,7,2,1,1,"211",At Risk
18179,288,1,5,2,1,1,"211",At Risk
15680,209,1,5,2,1,1,"211",At Risk
15344,288,1,5,2,1,1,"211",At Risk
24572,289,1,4,2,1,1,"211",At Risk
19317,289,1,5,2,1,1,"211",At Risk
24773,289,1,7,2,1,1,"211",At Risk
21371,208,1,7,2,1,1,"211",At Risk
24088,261,1,6,2,1,1,"211",At Risk
29153,261,1,4,2,1,1,"211",At Risk
24123,207,1,7,2,1,1,"211",At Risk
25141,265,1,5,2,1,1,"211",At Risk
23967,207,1,5,2,1,1,"211",At Risk
25549,207,1,7,2,1,1,"211",At Risk
23079,207,1,7,2,1,1,"211",At Risk
17436,206,1,5,2,1,1,"211",At Risk
22015,206,1,5,2,1,1,"211",At Risk
23557,261,1,7,2,1,1,"211",At Risk
28279,265,1,7,2,1,1,"211",At Risk
19919,262,1,5,2,1,1,"211",At Risk
24649,240,1,5,2,1,1,"211",At Risk
27164,263,1,4,2,1,1,"211",At Risk
28882,263,1,7,2,1,1,"211",At Risk
26417,241,1,6,2,1,1,"211",At Risk
15560,264,1,5,2,1,1,"211",At Risk
29112,264,1,6,2,1,1,"211",At Risk
15524,254,1,7,2,1,1,"211",At Risk
16088,254,1,7,2,1,1,"211",At Risk
20312,269,1,5,2,1,1,"211",At Risk
27730,269,1,4,2,1,1,"211",At Risk
28874,253,1,5,2,1,1,"211",At Risk
17430,253,1,5,2,1,1,"211",At Risk
20967,242,1,5,2,1,1,"211",At Risk
17505,269,1,7,2,1,1,"211",At Risk
14592,242,1,5,2,1,1,"211",At Risk
28085,242,1,5,2,1,1,"211",At Risk
24096,252,1,7,2,1,1,"211",At Risk
24229,252,1,7,2,1,1,"211",At Risk
20088,237,1,5,2,1,1,"211",At Risk
17455,273,1,7,2,1,1,"211",At Risk
23129,269,1,5,2,1,1,"211",At Risk
27156,252,1,6,2,1,1,"211",At Risk
25325,251,1,6,2,1,1,"211",At Risk
28360,243,1,7,2,1,1,"211",At Risk
19465,256,1,5,2,1,1,"211",At Risk
28073,251,1,7,2,1,1,"211",At Risk
26905,251,1,6,2,1,1,"211",At Risk
28615,272,1,9,2,1,1,"211",At Risk
18161,251,1,7,2,1,1,"211",At Risk
23022,251,1,7,2,1,1,"211",At Risk
22359,272,1,7,2,1,1,"211",At Risk
20277,272,1,5,2,1,1,"211",At Risk
23953,272,1,4,2,1,1,"211",At Risk
17376,236,1,5,2,1,1,"211",At Risk
27049,272,1,5,2,1,1,"211",At Risk
25473,249,1,5,2,1,1,"211",At Risk
27993,270,1,2,2,1,1,"211",At Risk
22558,249,1,5,2,1,1,"211",At Risk
17015,272,1,5,2,1,1,"211",At Risk
15776,249,1,5,2,1,1,"211",At Risk
29092,245,1,6,2,1,1,"211",At Risk
24137,245,1,6,2,1,1,"211",At Risk
24072,245,1,6,2,1,1,"211",At Risk
27163,272,1,7,2,1,1,"211",At Risk
14642,249,1,7,2,1,1,"211",At Risk
11289,379,2,5905,1,5,5,"155",Loyal
16482,344,2,4784,1,5,5,"155",Loyal
18769,303,2,5304,1,5,5,"155",Loyal
11328,298,2,4718,1,5,5,"155",Loyal
12174,314,2,5873,1,5,5,"155",Loyal
30045,459,4,147784,1,5,5,"155",Loyal
12980,301,2,4553,1,5,5,"155",Loyal
11292,395,2,5910,1,5,5,"155",Loyal
18467,395,2,5279,1,5,5,"155",Loyal
12186,328,2,5913,1,5,5,"155",Loyal
30108,459,4,144603,1,5,5,"155",Loyal
11617,298,2,5936,1,5,5,"155",Loyal
16514,354,2,4762,1,5,5,"155",Loyal
11831,354,2,5933,1,5,5,"155",Loyal
11484,306,3,4985,1,5,5,"155",Loyal
11402,303,3,5059,1,5,5,"155",Loyal
11626,298,2,5959,1,5,5,"155",Loyal
12282,298,3,5111,1,5,5,"155",Loyal
29513,459,4,194423,1,5,5,"155",Loyal
18703,307,2,5314,1,5,5,"155",Loyal
23281,313,2,4828,1,5,5,"155",Loyal
11338,396,2,5745,1,5,5,"155",Loyal
23376,302,2,5314,1,5,5,"155",Loyal
29953,459,4,130949,1,5,5,"155",Loyal
18721,308,2,5333,1,5,5,"155",Loyal
12926,301,2,4795,1,5,5,"155",Loyal
11522,363,2,5888,1,5,5,"155",Loyal
16520,299,2,4728,1,5,5,"155",Loyal
22998,398,2,5329,1,5,5,"155",Loyal
11675,355,2,5898,1,5,5,"155",Loyal
16313,398,2,4986,1,5,5,"155",Loyal
12104,328,2,5908,1,5,5,"155",Loyal
29849,398,7,5291,1,5,5,"155",Loyal
29649,428,8,261430,1,5,5,"155",Loyal
29699,459,4,112264,1,5,5,"155",Loyal
12155,310,2,5930,1,5,5,"155",Loyal
29876,459,4,19152,1,5,5,"155",Loyal
29562,428,8,585516,1,5,5,"155",Loyal
11537,312,2,5873,1,5,5,"155",Loyal
11189,359,2,5944,1,5,5,"155",Loyal
29484,428,7,131103,1,5,5,"155",Loyal
29661,489,6,76464,1,5,5,"155",Loyal
11598,312,2,4549,1,5,5,"155",Loyal
29636,489,4,19957,1,5,5,"155",Loyal
23137,312,2,5314,1,5,5,"155",Loyal
12317,312,3,6823,1,5,5,"155",Loyal
29788,428,7,5363,1,5,5,"155",Loyal
29998,428,4,354805,1,5,5,"155",Loyal
29594,489,4,357709,1,5,5,"155",Loyal
29793,428,4,268209,1,5,5,"155",Loyal
29718,489,8,90764,1,5,5,"155",Loyal
30083,428,4,200013,1,5,5,"155",Loyal
29954,428,4,179831,1,5,5,"155",Loyal
12438,299,2,5898,1,5,5,"155",Loyal
29976,428,4,17163,1,5,5,"155",Loyal
29530,428,4,11036,1,5,5,"155",Loyal
30003,428,4,10718,1,5,5,"155",Loyal
29610,489,7,16320,1,5,5,"155",Loyal
29739,428,4,114294,1,5,5,"155",Loyal
29937,489,4,138416,1,5,5,"155",Loyal
12385,302,3,5119,1,5,5,"155",Loyal
16523,299,2,4699,1,5,5,"155",Loyal
29833,428,4,5752,1,5,5,"155",Loyal
29889,489,8,286972,1,5,5,"155",Loyal
16518,310,2,4699,1,5,5,"155",Loyal
29663,428,4,41817,1,5,5,"155",Loyal
16316,379,2,4660,1,5,5,"155",Loyal
29613,489,4,28198,1,5,5,"155",Loyal
11550,320,3,5241,1,5,5,"155",Loyal
29541,548,5,3975,1,5,5,"155",Loyal
29573,428,3,6221,1,5,5,"155",Loyal
29969,610,6,24971,1,5,5,"155",Loyal
18699,364,2,5308,1,5,5,"155",Loyal
29746,428,8,182730,1,5,5,"155",Loyal
29787,640,6,148659,1,5,5,"155",Loyal
16391,377,2,4625,1,5,5,"155",Loyal
11329,354,2,5898,1,5,5,"155",Loyal
11274,340,2,5888,1,5,5,"155",Loyal
11815,340,2,5948,1,5,5,"155",Loyal
12105,332,2,5993,1,5,5,"155",Loyal
11002,341,3,8114,1,5,5,"155",Loyal
11303,341,2,5876,1,5,5,"155",Loyal
11319,340,2,5930,1,5,5,"155",Loyal
18698,376,2,5314,1,5,5,"155",Loyal
12281,302,3,5169,1,5,5,"155",Loyal
12059,342,2,5930,1,5,5,"155",Loyal
30106,428,8,101204,1,5,5,"155",Loyal
11525,342,2,5936,1,5,5,"155",Loyal
29771,489,4,7780,1,5,5,"155",Loyal
11535,321,2,5919,1,5,5,"155",Loyal
12156,332,2,5920,1,5,5,"155",Loyal
12076,321,2,5873,1,5,5,"155",Loyal
11291,376,2,5873,1,5,5,"155",Loyal
11298,343,2,5922,1,5,5,"155",Loyal
18702,339,2,5333,1,5,5,"155",Loyal
11531,356,2,5876,1,5,5,"155",Loyal
11983,343,2,5873,1,5,5,"155",Loyal
12318,328,3,6808,1,5,5,"155",Loyal
12315,322,3,6803,1,5,5,"155",Loyal
29600,428,3,17582,1,5,5,"155",Loyal
11664,343,2,5948,1,5,5,"155",Loyal
29680,459,8,61809,1,5,5,"155",Loyal
23858,343,2,4713,1,5,5,"155",Loyal
30074,459,8,458373,1,5,5,"155",Loyal
12163,332,2,5945,1,5,5,"155",Loyal
11286,375,2,5954,1,5,5,"155",Loyal
29703,459,8,413055,1,5,5,"155",Loyal
13520,338,2,4551,1,5,5,"155",Loyal
11266,375,2,5922,1,5,5,"155",Loyal
29925,548,7,162313,1,5,5,"155",Loyal
11395,344,2,5730,1,5,5,"155",Loyal
18739,319,2,5372,1,5,5,"155",Loyal
11326,344,2,5948,1,5,5,"155",Loyal
11816,344,2,5933,1,5,5,"155",Loyal
12170,328,2,5908,1,5,5,"155",Loyal
11297,344,2,5948,1,5,5,"155",Loyal
16291,374,2,4922,1,5,5,"155",Loyal
11302,362,2,5938,1,5,5,"155",Loyal
11837,344,2,5923,1,5,5,"155",Loyal
11616,290,3,5254,1,5,5,"155",Loyal
12206,328,2,5908,1,5,5,"155",Loyal
29885,459,8,387118,1,5,5,"155",Loyal
11271,373,2,5973,1,5,5,"155",Loyal
12190,332,2,5891,1,5,5,"155",Loyal
11528,345,2,5960,1,5,5,"155",Loyal
12153,332,2,5938,1,5,5,"155",Loyal
11307,356,2,5964,1,5,5,"155",Loyal
12069,337,2,5898,1,5,5,"155",Loyal
13189,291,2,4766,1,5,5,"155",Loyal
16516,323,2,4734,1,5,5,"155",Loyal
12171,329,2,5984,1,5,5,"155",Loyal
12167,323,2,5975,1,5,5,"155",Loyal
22120,332,2,5962,1,5,5,"155",Loyal
11317,346,2,5873,1,5,5,"155",Loyal
29988,459,8,21827,1,5,5,"155",Loyal
18700,361,2,5328,1,5,5,"155",Loyal
11272,382,2,5975,1,5,5,"155",Loyal
18726,332,2,5314,1,5,5,"155",Loyal
29883,701,5,87201,1,5,5,"155",Loyal
12645,291,3,6848,1,5,5,"155",Loyal
12071,347,2,5973,1,5,5,"155",Loyal
29662,459,3,6417,1,5,5,"155",Loyal
12181,324,2,5959,1,5,5,"155",Loyal
30104,489,4,5616,1,5,5,"155",Loyal
13202,300,2,4559,1,5,5,"155",Loyal
29853,459,8,311446,1,5,5,"155",Loyal
12072,324,2,5951,1,5,5,"155",Loyal
11683,357,2,5897,1,5,5,"155",Loyal
12102,336,2,5903,1,5,5,"155",Loyal
11275,383,2,5955,1,5,5,"155",Loyal
11380,361,2,5838,1,5,5,"155",Loyal
12151,330,2,5895,1,5,5,"155",Loyal
16327,369,2,4648,1,5,5,"155",Loyal
13032,300,2,4741,1,5,5,"155",Loyal
11666,357,2,5948,1,5,5,"155",Loyal
12707,292,2,5948,1,5,5,"155",Loyal
12187,325,2,5908,1,5,5,"155",Loyal
11290,368,2,5933,1,5,5,"155",Loyal
11663,349,2,5948,1,5,5,"155",Loyal
29708,793,4,61617,1,5,5,"155",Loyal
29808,793,3,11250,1,5,5,"155",Loyal
18723,336,2,5279,1,5,5,"155",Loyal
12082,311,2,5913,1,5,5,"155",Loyal
12189,319,2,5950,1,5,5,"155",Loyal
30088,793,4,72698,1,5,5,"155",Loyal
11541,292,2,5973,1,5,5,"155",Loyal
29686,793,4,28784,1,5,5,"155",Loyal
12162,311,2,5913,1,5,5,"155",Loyal
29632,793,4,44945,1,5,5,"155",Loyal
29755,793,4,24236,1,5,5,"155",Loyal
16400,368,2,4958,1,5,5,"155",Loyal
11826,349,2,5898,1,5,5,"155",Loyal
11615,292,3,5206,1,5,5,"155",Loyal
29769,793,4,81372,1,5,5,"155",Loyal
12184,318,2,5876,1,5,5,"155",Loyal
12112,318,2,5930,1,5,5,"155",Loyal
12918,293,2,4763,1,5,5,"155",Loyal
29525,793,4,261522,1,5,5,"155",Loyal
29859,793,2,5146,1,5,5,"155",Loyal
29655,793,4,51648,1,5,5,"155",Loyal
29490,520,3,6587,1,5,5,"155",Loyal
18701,356,2,5358,1,5,5,"155",Loyal
16515,318,2,4734,1,5,5,"155",Loyal
30090,793,4,83457,1,5,5,"155",Loyal
29507,459,8,446014,1,5,5,"155",Loyal
29558,367,9,45770,1,5,5,"155",Loyal
11281,384,2,5921,1,5,5,"155",Loyal
11324,359,2,5945,1,5,5,"155",Loyal
29967,793,4,146234,1,5,5,"155",Loyal
29944,793,3,7720,1,5,5,"155",Loyal
29710,793,4,243015,1,5,5,"155",Loyal
29673,793,4,22341,1,5,5,"155",Loyal
29748,793,4,131601,1,5,5,"155",Loyal
29921,793,4,193259,1,5,5,"155",Loyal
29504,793,4,158899,1,5,5,"155",Loyal
29914,793,3,5926,1,5,5,"155",Loyal
30013,793,3,15007,1,5,5,"155",Loyal
12169,318,2,5948,1,5,5,"155",Loyal
12173,331,2,5929,1,5,5,"155",Loyal
29554,367,8,15005,1,5,5,"155",Loyal
29717,367,7,78539,1,5,5,"155",Loyal
12160,328,2,5945,1,5,5,"155",Loyal
11665,350,2,5930,1,5,5,"155",Loyal
29611,824,3,9128,1,5,5,"155",Loyal
11678,359,2,5901,1,5,5,"155",Loyal
29624,824,4,431992,1,5,5,"155",Loyal
29794,824,4,71253,1,5,5,"155",Loyal
29664,824,4,42677,1,5,5,"155",Loyal
29813,824,4,48762,1,5,5,"155",Loyal
11217,350,2,5953,1,5,5,"155",Loyal
29493,824,4,5670,1,5,5,"155",Loyal
29773,824,4,85177,1,5,5,"155",Loyal
12188,326,2,5933,1,5,5,"155",Loyal
29791,824,4,55711,1,5,5,"155",Loyal
12164,335,2,5908,1,5,5,"155",Loyal
29906,824,4,87491,1,5,5,"155",Loyal
11688,350,2,5967,1,5,5,"155",Loyal
29667,459,4,47318,1,5,5,"155",Loyal
11534,350,2,5920,1,5,5,"155",Loyal
29807,824,4,69150,1,5,5,"155",Loyal
29510,824,4,125357,1,5,5,"155",Loyal
29749,824,4,137716,1,5,5,"155",Loyal
16388,385,2,4674,1,5,5,"155",Loyal
29742,824,4,138841,1,5,5,"155",Loyal
16394,385,2,4660,1,5,5,"155",Loyal
29836,459,4,258977,1,5,5,"155",Loyal
12052,355,2,5936,1,5,5,"155",Loyal
30056,824,4,140875,1,5,5,"155",Loyal
29582,824,4,153311,1,5,5,"155",Loyal
29774,824,4,175502,1,5,5,"155",Loyal
30100,824,4,88311,1,5,5,"155",Loyal
12207,294,2,5876,1,5,5,"155",Loyal
13208,294,2,4813,1,5,5,"155",Loyal
12058,361,2,5936,1,5,5,"155",Loyal
30111,824,4,276526,1,5,5,"155",Loyal
12172,318,2,5930,1,5,5,"155",Loyal
29861,824,4,408483,1,5,5,"155",Loyal
29548,824,4,4538,1,5,5,"155",Loyal
22109,385,2,5971,1,5,5,"155",Loyal
29491,854,4,87270,1,5,5,"155",Loyal
29566,854,4,26559,1,5,5,"155",Loyal
12934,295,2,4552,1,5,5,"155",Loyal
29596,854,4,36650,1,5,5,"155",Loyal
29912,854,4,81839,1,5,5,"155",Loyal
16390,295,2,4658,1,5,5,"155",Loyal
12384,295,3,5057,1,5,5,"155",Loyal
11401,328,3,5021,1,5,5,"155",Loyal
29759,854,4,32646,1,5,5,"155",Loyal
30012,459,7,11347,1,5,5,"155",Loyal
30052,854,4,19414,1,5,5,"155",Loyal
12141,326,2,5979,1,5,5,"155",Loyal
12143,317,2,5993,1,5,5,"155",Loyal
11538,335,2,5895,1,5,5,"155",Loyal
23306,295,2,4828,1,5,5,"155",Loyal
29898,854,4,148838,1,5,5,"155",Loyal
12316,317,3,6799,1,5,5,"155",Loyal
11129,386,2,5873,1,5,5,"155",Loyal
12152,329,2,5938,1,5,5,"155",Loyal
12083,334,2,5993,1,5,5,"155",Loyal
12941,302,2,4818,1,5,5,"155",Loyal
29946,459,8,153402,1,5,5,"155",Loyal
11011,317,3,8133,1,5,5,"155",Loyal
11007,317,3,8211,1,5,5,"155",Loyal
11227,354,2,5910,1,5,5,"155",Loyal
11296,366,2,5898,1,5,5,"155",Loyal
23267,317,2,4862,1,5,5,"155",Loyal
30044,459,4,141834,1,5,5,"155",Loyal
11270,388,2,5984,1,5,5,"155",Loyal
11267,388,2,5943,1,5,5,"155",Loyal
23172,355,2,4809,1,5,5,"155",Loyal
12142,334,2,5945,1,5,5,"155",Loyal
16408,317,2,4693,1,5,5,"155",Loyal
18722,317,2,5333,1,5,5,"155",Loyal
11529,360,2,5944,1,5,5,"155",Loyal
29973,489,7,30353,1,5,5,"155",Loyal
16519,296,2,4753,1,5,5,"155",Loyal
28298,389,2,4828,1,5,5,"155",Loyal
11332,389,2,5755,1,5,5,"155",Loyal
11008,334,3,8106,1,5,5,"155",Loyal
13174,296,2,4559,1,5,5,"155",Loyal
12178,334,2,5933,1,5,5,"155",Loyal
18729,326,2,5333,1,5,5,"155",Loyal
11587,296,2,4540,1,5,5,"155",Loyal
11830,365,2,5930,1,5,5,"155",Loyal
30017,459,4,14603,1,5,5,"155",Loyal
11216,359,2,5948,1,5,5,"155",Loyal
12200,327,2,5936,1,5,5,"155",Loyal
11671,297,2,5970,1,5,5,"155",Loyal
11834,351,2,5908,1,5,5,"155",Loyal
11885,360,2,5901,1,5,5,"155",Loyal
12053,365,2,5973,1,5,5,"155",Loyal
16522,297,2,4699,1,5,5,"155",Loyal
11818,365,2,5954,1,5,5,"155",Loyal
11335,391,2,5744,1,5,5,"155",Loyal
11327,363,2,5916,1,5,5,"155",Loyal
11540,315,2,5958,1,5,5,"155",Loyal
11278,392,2,5908,1,5,5,"155",Loyal
11825,352,2,5901,1,5,5,"155",Loyal
18468,392,2,5333,1,5,5,"155",Loyal
11817,352,2,5898,1,5,5,"155",Loyal
23164,352,2,4807,1,5,5,"155",Loyal
12272,297,3,5140,1,5,5,"155",Loyal
18697,392,2,5279,1,5,5,"155",Loyal
23209,352,2,4802,1,5,5,"155",Loyal
30028,459,4,11740,1,5,5,"155",Loyal
29549,489,8,212209,1,5,5,"155",Loyal
12328,315,3,6792,1,5,5,"155",Loyal
11536,315,2,5916,1,5,5,"155",Loyal
16517,314,2,4699,1,5,5,"155",Loyal
12364,305,2,5898,1,5,5,"155",Loyal
16521,304,2,4699,1,5,5,"155",Loyal
11628,305,2,5876,1,5,5,"155",Loyal
13220,304,2,4683,1,5,5,"155",Loyal
12335,314,3,6913,1,5,5,"155",Loyal
12116,314,2,5933,1,5,5,"155",Loyal
11387,304,3,6959,1,5,5,"155",Loyal
13986,313,2,1894,1,5,4,"154",Loyal
15882,290,2,1372,1,5,4,"154",Loyal
19421,325,2,1931,1,5,4,"154",Loyal
19417,391,2,1855,1,5,4,"154",Loyal
13992,293,2,1802,1,5,4,"154",Loyal
15558,360,2,1363,1,5,4,"154",Loyal
19426,295,2,1938,1,5,4,"154",Loyal
26760,322,2,1323,1,5,4,"154",Loyal
17975,355,2,1519,1,5,4,"154",Loyal
13993,299,2,1805,1,5,4,"154",Loyal
19451,352,2,1870,1,5,4,"154",Loyal
29819,367,5,3520,1,5,4,"154",Loyal
26767,311,2,1332,1,5,4,"154",Loyal
14036,303,2,1840,1,5,4,"154",Loyal
19496,315,2,1855,1,5,4,"154",Loyal
26768,315,2,1372,1,5,4,"154",Loyal
29993,459,4,1772,1,5,4,"154",Loyal
15561,344,2,1375,1,5,4,"154",Loyal
15834,328,2,1323,1,5,4,"154",Loyal
15862,332,2,1380,1,5,4,"154",Loyal
26743,344,2,1372,1,5,4,"154",Loyal
19429,339,2,1855,1,5,4,"154",Loyal
29855,548,3,3464,1,5,4,"154",Loyal
26654,380,2,1347,1,5,4,"154",Loyal
29930,459,5,1939,1,5,4,"154",Loyal
26967,330,2,1337,1,5,4,"154",Loyal
26656,374,2,1346,1,5,4,"154",Loyal
19501,310,2,1820,1,5,4,"154",Loyal
19428,386,2,1879,1,5,4,"154",Loyal
17982,301,2,1539,1,5,4,"154",Loyal
26749,366,2,1323,1,5,4,"154",Loyal
14104,304,2,1890,1,5,4,"154",Loyal
21534,393,2,1622,1,5,4,"154",Loyal
14017,305,2,1849,1,5,4,"154",Loyal
15276,375,2,1347,1,5,4,"154",Loyal
29733,885,2,1441,1,5,4,"154",Loyal
29674,610,4,2415,1,5,4,"154",Loyal
29905,824,2,1258,1,5,4,"154",Loyal
29858,489,3,2899,1,5,4,"154",Loyal
19443,358,2,1864,1,5,4,"154",Loyal
30010,824,2,1294,1,5,4,"154",Loyal
26667,354,2,1391,1,5,4,"154",Loyal
15551,394,2,1375,1,5,4,"154",Loyal
27339,302,2,1337,1,5,4,"154",Loyal
26657,380,2,1358,1,5,4,"154",Loyal
19423,324,2,1938,1,5,4,"154",Loyal
15865,291,2,1417,1,5,4,"154",Loyal
15557,387,2,1338,1,5,4,"154",Loyal
29999,398,5,1615,1,5,4,"154",Loyal
29882,428,4,2255,1,5,4,"154",Loyal
15570,337,2,1345,1,5,4,"154",Loyal
15763,313,2,1388,1,5,4,"154",Loyal
19380,347,2,1935,1,5,4,"154",Loyal
15554,371,2,1358,1,5,4,"154",Loyal
14098,293,2,1846,1,5,4,"154",Loyal
27338,305,2,1340,1,5,4,"154",Loyal
19326,371,2,1903,1,5,4,"154",Loyal
26774,319,2,1332,1,5,4,"154",Loyal
19482,321,2,1855,1,5,4,"154",Loyal
19475,378,2,1395,1,5,4,"154",Loyal
13990,310,2,1894,1,5,4,"154",Loyal
15017,375,2,1307,1,5,4,"154",Loyal
19422,371,2,1820,1,5,4,"154",Loyal
26655,389,2,1323,1,5,4,"154",Loyal
30110,428,4,1625,1,5,4,"154",Loyal
15552,370,2,1426,1,5,4,"154",Loyal
14734,336,2,1855,1,5,4,"154",Loyal
15553,390,2,1373,1,5,4,"154",Loyal
26666,390,2,1337,1,5,4,"154",Loyal
14095,294,2,1802,1,5,4,"154",Loyal
14105,294,2,1785,1,5,4,"154",Loyal
26757,314,2,1344,1,5,4,"154",Loyal
26673,349,2,1506,1,5,4,"154",Loyal
19472,325,2,1855,1,5,4,"154",Loyal
29980,428,4,1618,1,5,4,"154",Loyal
15827,309,2,1419,1,5,4,"154",Loyal
15562,365,2,1348,1,5,4,"154",Loyal
19450,343,2,1888,1,5,4,"154",Loyal
15548,368,2,1338,1,5,4,"154",Loyal
19432,349,2,1870,1,5,4,"154",Loyal
15886,294,2,1422,1,5,4,"154",Loyal
29728,913,2,1778,1,5,4,"154",Loyal
14024,300,2,1903,1,5,4,"154",Loyal
14080,299,2,1849,1,5,4,"154",Loyal
14733,339,2,1855,1,5,4,"154",Loyal
15860,319,2,1323,1,5,4,"154",Loyal
26748,344,2,1358,1,5,4,"154",Loyal
14735,318,2,1855,1,5,4,"154",Loyal
15555,379,2,1372,1,5,4,"154",Loyal
29726,520,2,1805,1,5,4,"154",Loyal
19503,335,2,1392,1,5,4,"154",Loyal
26658,384,2,1391,1,5,4,"154",Loyal
26758,325,2,1323,1,5,4,"154",Loyal
17387,302,3,148,1,5,3,"153",Loyal
29782,489,3,640,1,5,3,"153",Loyal
14353,300,3,129,1,5,3,"153",Loyal
11059,320,3,117,1,5,3,"153",Loyal
17026,316,3,261,1,5,3,"153",Loyal
29536,428,3,974,1,5,3,"153",Loyal
16958,302,3,168,1,5,3,"153",Loyal
30040,459,2,940,1,5,3,"153",Loyal
16459,301,2,47,1,5,2,"152",Loyal
19726,338,2,64,1,5,2,"152",Loyal
11889,332,2,50,1,5,2,"152",Loyal
19625,296,2,53,1,5,2,"152",Loyal
19087,358,2,47,1,5,2,"152",Loyal
30098,579,2,58,1,5,2,"152",Loyal
11226,305,2,37,1,5,1,"151",Loyal
11637,349,2,40,1,5,1,"151",Loyal
18284,338,2,6030,1,4,5,"145",Lost
20815,330,2,4118,1,4,5,"145",Lost
18288,359,2,6093,1,4,5,"145",Lost
23529,330,2,3618,1,4,5,"145",Lost
18484,359,2,6093,1,4,5,"145",Lost
18746,330,2,6135,1,4,5,"145",Lost
20152,359,2,4143,1,4,5,"145",Lost
14128,331,2,3836,1,4,5,"145",Lost
17096,359,2,4144,1,4,5,"145",Lost
18249,359,2,6045,1,4,5,"145",Lost
19771,358,2,4167,1,4,5,"145",Lost
12050,358,2,6024,1,4,5,"145",Lost
18724,331,2,6057,1,4,5,"145",Lost
18488,332,2,6057,1,4,5,"145",Lost
20157,357,2,4118,1,4,5,"145",Lost
18307,357,2,6022,1,4,5,"145",Lost
20159,357,2,4167,1,4,5,"145",Lost
20425,332,2,4118,1,4,5,"145",Lost
20420,332,2,4132,1,4,5,"145",Lost
29398,356,2,3964,1,4,5,"145",Lost
18252,356,2,6022,1,4,5,"145",Lost
18486,333,2,6022,1,4,5,"145",Lost
16713,356,2,6091,1,4,5,"145",Lost
13795,333,2,4358,1,4,5,"145",Lost
28673,355,2,4380,1,4,5,"145",Lost
11406,355,2,4415,1,4,5,"145",Lost
18694,333,2,6036,1,4,5,"145",Lost
19766,354,2,4167,1,4,5,"145",Lost
11346,353,2,4503,1,4,5,"145",Lost
28678,353,2,4338,1,4,5,"145",Lost
16663,352,2,4472,1,4,5,"145",Lost
28769,352,2,4330,1,4,5,"145",Lost
21741,334,2,4127,1,4,5,"145",Lost
28840,334,2,4399,1,4,5,"145",Lost
18483,351,2,6057,1,4,5,"145",Lost
22893,351,2,6057,1,4,5,"145",Lost
14125,351,2,3772,1,4,5,"145",Lost
14011,351,2,3832,1,4,5,"145",Lost
18489,334,2,6081,1,4,5,"145",Lost
17086,351,2,4194,1,4,5,"145",Lost
18716,334,2,6022,1,4,5,"145",Lost
11378,350,2,4436,1,4,5,"145",Lost
16740,350,2,6099,1,4,5,"145",Lost
29391,350,2,3950,1,4,5,"145",Lost
23416,335,2,3599,1,4,5,"145",Lost
20154,350,2,4153,1,4,5,"145",Lost
18469,350,2,6022,1,4,5,"145",Lost
18735,335,2,6022,1,4,5,"145",Lost
18692,336,2,6036,1,4,5,"145",Lost
11605,336,2,4344,1,4,5,"145",Lost
17082,348,2,3892,1,4,5,"145",Lost
18296,348,2,6118,1,4,5,"145",Lost
11382,348,2,4344,1,4,5,"145",Lost
20812,336,2,4127,1,4,5,"145",Lost
16675,348,2,4385,1,4,5,"145",Lost
23413,337,2,3618,1,4,5,"145",Lost
14010,337,2,3861,1,4,5,"145",Lost
20416,337,2,4118,1,4,5,"145",Lost
28770,346,2,4356,1,4,5,"145",Lost
18303,345,2,6031,1,4,5,"145",Lost
23412,345,2,3587,1,4,5,"145",Lost
18273,345,2,6104,1,4,5,"145",Lost
11492,345,2,4404,1,4,5,"145",Lost
22112,344,2,6047,1,4,5,"145",Lost
18260,338,2,6036,1,4,5,"145",Lost
18297,338,2,6120,1,4,5,"145",Lost
11741,344,2,6079,1,4,5,"145",Lost
18485,338,2,6063,1,4,5,"145",Lost
24344,338,2,4330,1,4,5,"145",Lost
11379,338,2,4426,1,4,5,"145",Lost
17107,359,2,4179,1,4,5,"145",Lost
28674,343,2,4430,1,4,5,"145",Lost
18248,339,2,6038,1,4,5,"145",Lost
20418,339,2,4207,1,4,5,"145",Lost
19770,343,2,4127,1,4,5,"145",Lost
11470,343,2,4344,1,4,5,"145",Lost
20160,342,2,4237,1,4,5,"145",Lost
20156,339,2,4140,1,4,5,"145",Lost
20151,339,2,4153,1,4,5,"145",Lost
22946,342,2,3912,1,4,5,"145",Lost
11299,340,2,6015,1,4,5,"145",Lost
20987,290,2,4132,1,4,5,"145",Lost
18929,290,2,6030,1,4,5,"145",Lost
21768,291,2,4118,1,4,5,"145",Lost
19556,291,2,6036,1,4,5,"145",Lost
12942,292,2,4502,1,4,5,"145",Lost
19594,293,2,6022,1,4,5,"145",Lost
24392,293,2,4330,1,4,5,"145",Lost
28847,293,2,4356,1,4,5,"145",Lost
20996,293,2,4150,1,4,5,"145",Lost
19595,293,2,6095,1,4,5,"145",Lost
19083,294,2,6022,1,4,5,"145",Lost
20990,294,2,4196,1,4,5,"145",Lost
19561,295,2,6022,1,4,5,"145",Lost
17279,295,2,6022,1,4,5,"145",Lost
19095,296,2,6057,1,4,5,"145",Lost
21939,296,2,4163,1,4,5,"145",Lost
11583,297,2,4381,1,4,5,"145",Lost
13203,299,2,4492,1,4,5,"145",Lost
19559,299,2,6057,1,4,5,"145",Lost
16707,299,2,4378,1,4,5,"145",Lost
19084,299,2,6093,1,4,5,"145",Lost
20985,300,2,4118,1,4,5,"145",Lost
20992,300,2,4140,1,4,5,"145",Lost
11614,300,2,4438,1,4,5,"145",Lost
12764,301,2,4348,1,4,5,"145",Lost
17280,302,2,6090,1,4,5,"145",Lost
29403,302,2,3992,1,4,5,"145",Lost
19094,302,2,6022,1,4,5,"145",Lost
19588,303,2,6057,1,4,5,"145",Lost
19586,303,2,6057,1,4,5,"145",Lost
17047,303,2,4348,1,4,5,"145",Lost
13807,303,2,4507,1,4,5,"145",Lost
20994,303,2,4192,1,4,5,"145",Lost
20823,304,2,4217,1,4,5,"145",Lost
12213,304,2,4419,1,4,5,"145",Lost
20984,304,2,4153,1,4,5,"145",Lost
20988,304,2,4118,1,4,5,"145",Lost
17742,305,2,4198,1,4,5,"145",Lost
19093,305,2,6036,1,4,5,"145",Lost
14131,306,2,3807,1,4,5,"145",Lost
28846,306,2,4321,1,4,5,"145",Lost
18909,307,2,6036,1,4,5,"145",Lost
16743,307,2,6071,1,4,5,"145",Lost
20821,307,2,4118,1,4,5,"145",Lost
18491,307,2,6057,1,4,5,"145",Lost
22953,310,2,3899,1,4,5,"145",Lost
18725,310,2,6045,1,4,5,"145",Lost
18490,310,2,6030,1,4,5,"145",Lost
11539,311,2,5998,1,4,5,"145",Lost
17741,311,2,4217,1,4,5,"145",Lost
18695,311,2,6030,1,4,5,"145",Lost
23415,312,2,3589,1,4,5,"145",Lost
18709,312,2,6099,1,4,5,"145",Lost
22961,312,2,3892,1,4,5,"145",Lost
28844,313,2,4338,1,4,5,"145",Lost
22954,313,2,4179,1,4,5,"145",Lost
18239,398,2,6031,1,4,5,"145",Lost
16688,397,2,6081,1,4,5,"145",Lost
18906,397,2,4217,1,4,5,"145",Lost
19765,396,2,4132,1,4,5,"145",Lost
18208,396,2,6036,1,4,5,"145",Lost
24604,396,2,3682,1,4,5,"145",Lost
11582,313,2,4379,1,4,5,"145",Lost
13519,396,2,4492,1,4,5,"145",Lost
22951,313,2,4242,1,4,5,"145",Lost
11576,313,2,4486,1,4,5,"145",Lost
11345,395,2,4404,1,4,5,"145",Lost
23859,395,2,4153,1,4,5,"145",Lost
18706,314,2,6061,1,4,5,"145",Lost
18738,314,2,6090,1,4,5,"145",Lost
22785,394,2,6030,1,4,5,"145",Lost
18691,315,2,6071,1,4,5,"145",Lost
11282,393,2,5999,1,4,5,"145",Lost
11340,393,2,4413,1,4,5,"145",Lost
16944,392,2,4254,1,4,5,"145",Lost
18212,392,2,6030,1,4,5,"145",Lost
18736,315,2,6036,1,4,5,"145",Lost
12103,315,2,5998,1,4,5,"145",Lost
16693,392,2,6061,1,4,5,"145",Lost
24386,392,2,4144,1,4,5,"145",Lost
17512,391,2,4171,1,4,5,"145",Lost
20423,315,2,4178,1,4,5,"145",Lost
16745,315,2,6022,1,4,5,"145",Lost
16741,316,2,6057,1,4,5,"145",Lost
16702,390,2,6022,1,4,5,"145",Lost
22940,390,2,4207,1,4,5,"145",Lost
18731,316,2,6054,1,4,5,"145",Lost
18718,316,2,6036,1,4,5,"145",Lost
11571,316,2,4391,1,4,5,"145",Lost
11336,390,2,4441,1,4,5,"145",Lost
16701,316,2,4427,1,4,5,"145",Lost
16569,390,2,3937,1,4,5,"145",Lost
13774,390,2,4393,1,4,5,"145",Lost
18246,389,2,6031,1,4,5,"145",Lost
18243,388,2,6058,1,4,5,"145",Lost
13789,388,2,4398,1,4,5,"145",Lost
18493,317,2,6030,1,4,5,"145",Lost
18220,388,2,6022,1,4,5,"145",Lost
19763,387,2,4153,1,4,5,"145",Lost
19270,387,2,4127,1,4,5,"145",Lost
14007,387,2,3772,1,4,5,"145",Lost
18240,387,2,6099,1,4,5,"145",Lost
14952,317,2,4153,1,4,5,"145",Lost
18487,317,2,6022,1,4,5,"145",Lost
11295,386,2,6058,1,4,5,"145",Lost
18209,386,2,6057,1,4,5,"145",Lost
18218,386,2,6022,1,4,5,"145",Lost
18205,386,2,6057,1,4,5,"145",Lost
28667,385,2,4371,1,4,5,"145",Lost
17635,318,2,4153,1,4,5,"145",Lost
18693,318,2,6022,1,4,5,"145",Lost
28672,385,2,4356,1,4,5,"145",Lost
14956,318,2,4146,1,4,5,"145",Lost
18495,318,2,6022,1,4,5,"145",Lost
18496,318,2,6122,1,4,5,"145",Lost
18903,384,2,4144,1,4,5,"145",Lost
11564,318,2,4369,1,4,5,"145",Lost
17513,384,2,4260,1,4,5,"145",Lost
18214,384,2,6093,1,4,5,"145",Lost
14945,384,2,4260,1,4,5,"145",Lost
18737,319,2,6022,1,4,5,"145",Lost
18217,383,2,6057,1,4,5,"145",Lost
18747,319,2,6090,1,4,5,"145",Lost
18710,319,2,6099,1,4,5,"145",Lost
28841,319,2,4335,1,4,5,"145",Lost
18244,382,2,6022,1,4,5,"145",Lost
22932,381,2,4169,1,4,5,"145",Lost
18907,380,2,4167,1,4,5,"145",Lost
18899,380,2,4118,1,4,5,"145",Lost
16937,379,2,3927,1,4,5,"145",Lost
18213,379,2,6071,1,4,5,"145",Lost
16687,379,2,6071,1,4,5,"145",Lost
16662,378,2,4356,1,4,5,"145",Lost
20816,320,2,4229,1,4,5,"145",Lost
28828,320,2,4330,1,4,5,"145",Lost
18241,377,2,6058,1,4,5,"145",Lost
20424,320,2,4132,1,4,5,"145",Lost
29400,320,2,3992,1,4,5,"145",Lost
20817,321,2,4118,1,4,5,"145",Lost
28671,377,2,4321,1,4,5,"145",Lost
16570,377,2,4219,1,4,5,"145",Lost
22931,376,2,3883,1,4,5,"145",Lost
18219,376,2,6039,1,4,5,"145",Lost
20818,321,2,4231,1,4,5,"145",Lost
18222,376,2,6045,1,4,5,"145",Lost
20814,322,2,4186,1,4,5,"145",Lost
24605,375,2,3628,1,4,5,"145",Lost
11570,322,2,4391,1,4,5,"145",Lost
18210,375,2,6045,1,4,5,"145",Lost
16742,322,2,6045,1,4,5,"145",Lost
17511,375,2,4151,1,4,5,"145",Lost
19271,375,2,4153,1,4,5,"145",Lost
16691,323,2,4472,1,4,5,"145",Lost
18900,374,2,4132,1,4,5,"145",Lost
18207,373,2,6090,1,4,5,"145",Lost
20819,323,2,4182,1,4,5,"145",Lost
18902,372,2,4186,1,4,5,"145",Lost
20820,323,2,4144,1,4,5,"145",Lost
11546,324,2,4460,1,4,5,"145",Lost
19269,371,2,4118,1,4,5,"145",Lost
11578,324,2,4406,1,4,5,"145",Lost
28842,324,2,4394,1,4,5,"145",Lost
14927,371,2,4190,1,4,5,"145",Lost
11577,324,2,4344,1,4,5,"145",Lost
17722,324,2,3883,1,4,5,"145",Lost
13778,370,2,4398,1,4,5,"145",Lost
11339,370,2,4379,1,4,5,"145",Lost
18242,370,2,6122,1,4,5,"145",Lost
18238,370,2,6031,1,4,5,"145",Lost
24661,370,2,4182,1,4,5,"145",Lost
19264,369,2,4132,1,4,5,"145",Lost
23524,325,2,3599,1,4,5,"145",Lost
18740,325,2,6057,1,4,5,"145",Lost
11561,325,2,4344,1,4,5,"145",Lost
14127,325,2,3810,1,4,5,"145",Lost
18908,325,2,6091,1,4,5,"145",Lost
11409,367,2,4444,1,4,5,"145",Lost
18301,367,2,6057,1,4,5,"145",Lost
29399,326,2,3936,1,4,5,"145",Lost
22895,367,2,6030,1,4,5,"145",Lost
18309,366,2,6091,1,4,5,"145",Lost
18494,326,2,6038,1,4,5,"145",Lost
18470,365,2,6022,1,4,5,"145",Lost
18250,365,2,6058,1,4,5,"145",Lost
20822,327,2,4135,1,4,5,"145",Lost
16664,365,2,4378,1,4,5,"145",Lost
18708,327,2,6057,1,4,5,"145",Lost
11323,365,2,6075,1,4,5,"145",Lost
12013,327,2,3950,1,4,5,"145",Lost
20426,327,2,4140,1,4,5,"145",Lost
20158,364,2,4153,1,4,5,"145",Lost
11325,364,2,6044,1,4,5,"145",Lost
16744,328,2,6071,1,4,5,"145",Lost
22950,362,2,3918,1,4,5,"145",Lost
11572,328,2,4450,1,4,5,"145",Lost
18272,362,2,6057,1,4,5,"145",Lost
16696,329,2,4507,1,4,5,"145",Lost
18254,361,2,6022,1,4,5,"145",Lost
18251,361,2,6036,1,4,5,"145",Lost
16703,361,2,6091,1,4,5,"145",Lost
18308,361,2,6038,1,4,5,"145",Lost
17514,361,2,4142,1,4,5,"145",Lost
13790,361,2,4398,1,4,5,"145",Lost
13521,361,2,4515,1,4,5,"145",Lost
11410,360,2,4464,1,4,5,"145",Lost
18482,360,2,6031,1,4,5,"145",Lost
18696,330,2,6150,1,4,5,"145",Lost
17629,360,2,4173,1,4,5,"145",Lost
18275,360,2,6022,1,4,5,"145",Lost
18302,359,2,6030,1,4,5,"145",Lost
14951,359,2,4153,1,4,5,"145",Lost
20982,395,2,2547,1,4,4,"144",Lost
19416,385,2,3476,1,4,4,"144",Lost
19455,355,2,3479,1,4,4,"144",Lost
21332,355,2,2617,1,4,4,"144",Lost
19418,392,2,3476,1,4,4,"144",Lost
19341,392,2,3499,1,4,4,"144",Lost
13793,303,2,3021,1,4,4,"144",Lost
30041,671,2,2419,1,4,4,"144",Lost
13871,341,2,3061,1,4,4,"144",Lost
14851,341,2,2802,1,4,4,"144",Lost
21618,363,2,2611,1,4,4,"144",Lost
15830,307,2,2680,1,4,4,"144",Lost
29388,361,2,2639,1,4,4,"144",Lost
21652,365,2,2646,1,4,4,"144",Lost
20824,397,2,2513,1,4,4,"144",Lost
19502,328,2,3565,1,4,4,"144",Lost
13882,359,2,3283,1,4,4,"144",Lost
14925,307,2,2722,1,4,4,"144",Lost
20042,333,2,3150,1,4,4,"144",Lost
13917,335,2,3283,1,4,4,"144",Lost
19500,313,2,3479,1,4,4,"144",Lost
20850,321,2,2557,1,4,4,"144",Lost
19336,350,2,1957,1,4,4,"144",Lost
17095,321,2,2760,1,4,4,"144",Lost
24901,331,2,2175,1,4,4,"144",Lost
19440,343,2,3493,1,4,4,"144",Lost
19362,376,2,3444,1,4,4,"144",Lost
23418,321,2,3400,1,4,4,"144",Lost
24960,316,2,3009,1,4,4,"144",Lost
20848,339,2,2558,1,4,4,"144",Lost
26331,297,2,2800,1,4,4,"144",Lost
13060,356,2,2808,1,4,4,"144",Lost
16311,391,2,2988,1,4,4,"144",Lost
20062,306,2,1997,1,4,4,"144",Lost
19477,365,2,3534,1,4,4,"144",Lost
13984,327,2,3283,1,4,4,"144",Lost
13889,339,2,3084,1,4,4,"144",Lost
15831,331,2,2646,1,4,4,"144",Lost
19479,334,2,3444,1,4,4,"144",Lost
17644,390,2,3017,1,4,4,"144",Lost
30032,459,2,2472,1,4,4,"144",Lost
19343,339,2,1952,1,4,4,"144",Lost
19424,375,2,3512,1,4,4,"144",Lost
21655,312,2,2648,1,4,4,"144",Lost
23104,375,2,3490,1,4,4,"144",Lost
19382,375,2,3444,1,4,4,"144",Lost
28758,390,2,2603,1,4,4,"144",Lost
14926,322,2,3058,1,4,4,"144",Lost
13747,375,2,3046,1,4,4,"144",Lost
24609,361,2,2121,1,4,4,"144",Lost
24902,310,2,2121,1,4,4,"144",Lost
19381,350,2,1953,1,4,4,"144",Lost
26315,343,2,2825,1,4,4,"144",Lost
17080,338,2,2733,1,4,4,"144",Lost
13058,375,2,3032,1,4,4,"144",Lost
24778,343,2,2858,1,4,4,"144",Lost
26309,375,2,2800,1,4,4,"144",Lost
14930,306,2,2722,1,4,4,"144",Lost
16405,351,2,3263,1,4,4,"144",Lost
19467,331,2,3485,1,4,4,"144",Lost
19320,390,2,1982,1,4,4,"144",Lost
13069,299,2,2732,1,4,4,"144",Lost
19499,361,2,3493,1,4,4,"144",Lost
13855,338,2,3096,1,4,4,"144",Lost
23531,331,2,3337,1,4,4,"144",Lost
13883,365,2,3021,1,4,4,"144",Lost
13059,396,2,3090,1,4,4,"144",Lost
13870,344,2,3283,1,4,4,"144",Lost
13877,337,2,3030,1,4,4,"144",Lost
17099,323,2,2701,1,4,4,"144",Lost
20839,356,2,2511,1,4,4,"144",Lost
13744,372,2,2959,1,4,4,"144",Lost
13766,335,2,3001,1,4,4,"144",Lost
26330,329,2,2822,1,4,4,"144",Lost
21039,372,2,2484,1,4,4,"144",Lost
26308,372,2,2868,1,4,4,"144",Lost
24608,346,2,2121,1,4,4,"144",Lost
14081,346,2,3452,1,4,4,"144",Lost
29389,323,2,2589,1,4,4,"144",Lost
21056,372,2,2548,1,4,4,"144",Lost
28757,372,2,2611,1,4,4,"144",Lost
17109,327,2,2769,1,4,4,"144",Lost
24907,299,2,2184,1,4,4,"144",Lost
19335,389,2,1957,1,4,4,"144",Lost
13862,347,2,2986,1,4,4,"144",Lost
13746,372,2,3250,1,4,4,"144",Lost
26322,337,2,2912,1,4,4,"144",Lost
26312,389,2,2882,1,4,4,"144",Lost
23532,324,2,3337,1,4,4,"144",Lost
19471,324,2,3479,1,4,4,"144",Lost
13927,316,2,3021,1,4,4,"144",Lost
20832,371,2,2534,1,4,4,"144",Lost
21040,371,2,2567,1,4,4,"144",Lost
16942,347,2,2751,1,4,4,"144",Lost
15790,337,2,2668,1,4,4,"144",Lost
13906,313,2,3021,1,4,4,"144",Lost
13667,348,2,3001,1,4,4,"144",Lost
24613,361,2,2148,1,4,4,"144",Lost
29390,324,2,2589,1,4,4,"144",Lost
19359,388,2,3479,1,4,4,"144",Lost
24614,348,2,2121,1,4,4,"144",Lost
24904,316,2,2200,1,4,4,"144",Lost
24615,329,2,2156,1,4,4,"144",Lost
21352,296,2,2625,1,4,4,"144",Lost
23310,388,2,3333,1,4,4,"144",Lost
23571,306,2,3564,1,4,4,"144",Lost
14848,352,2,2747,1,4,4,"144",Lost
13856,348,2,2982,1,4,4,"144",Lost
19361,370,2,3479,1,4,4,"144",Lost
17717,325,2,2840,1,4,4,"144",Lost
24887,325,2,2219,1,4,4,"144",Lost
20837,369,2,2548,1,4,4,"144",Lost
26306,369,2,2800,1,4,4,"144",Lost
24612,348,2,2152,1,4,4,"144",Lost
13742,369,2,2988,1,4,4,"144",Lost
21354,300,2,2646,1,4,4,"144",Lost
19493,360,2,3515,1,4,4,"144",Lost
20997,299,2,2745,1,4,4,"144",Lost
13939,327,2,3084,1,4,4,"144",Lost
16339,388,2,3170,1,4,4,"144",Lost
19448,349,2,3544,1,4,4,"144",Lost
17633,300,2,2733,1,4,4,"144",Lost
19435,368,2,3458,1,4,4,"144",Lost
13741,387,2,2951,1,4,4,"144",Lost
13915,334,2,3046,1,4,4,"144",Lost
21093,334,2,2515,1,4,4,"144",Lost
19386,326,2,1938,1,4,4,"144",Lost
24905,304,2,2196,1,4,4,"144",Lost
23526,309,2,3564,1,4,4,"144",Lost
13068,299,2,2816,1,4,4,"144",Lost
24903,327,2,2165,1,4,4,"144",Lost
13745,386,2,3283,1,4,4,"144",Lost
21501,386,2,2661,1,4,4,"144",Lost
20052,317,2,3214,1,4,4,"144",Lost
18621,327,2,3033,1,4,4,"144",Lost
16444,325,2,3272,1,4,4,"144",Lost
17743,305,2,2794,1,4,4,"144",Lost
20162,295,2,1966,1,4,4,"144",Lost
24900,330,2,2156,1,4,4,"144",Lost
17715,359,2,2832,1,4,4,"144",Lost
16406,364,2,3110,1,4,4,"144",Lost
16427,364,2,2975,1,4,4,"144",Lost
20150,298,2,3264,1,4,4,"144",Lost
13849,385,2,3085,1,4,4,"144",Lost
20054,294,2,3338,1,4,4,"144",Lost
26351,294,2,2800,1,4,4,"144",Lost
24910,294,2,2184,1,4,4,"144",Lost
19437,385,2,3480,1,4,4,"144",Lost
20166,300,2,1967,1,4,4,"144",Lost
13066,318,2,3033,1,4,4,"144",Lost
20838,350,2,2542,1,4,4,"144",Lost
29412,314,2,2672,1,4,4,"144",Lost
19459,350,2,3479,1,4,4,"144",Lost
13799,298,2,3010,1,4,4,"144",Lost
19360,394,2,3512,1,4,4,"144",Lost
24889,318,2,2270,1,4,4,"144",Lost
23523,333,2,3337,1,4,4,"144",Lost
13925,328,2,3221,1,4,4,"144",Lost
26317,350,2,2863,1,4,4,"144",Lost
21349,384,2,2989,1,4,4,"144",Lost
13890,318,2,2982,1,4,4,"144",Lost
21103,318,2,2507,1,4,4,"144",Lost
25104,293,2,3018,1,4,4,"144",Lost
15792,310,2,2645,1,4,4,"144",Lost
21331,384,2,2671,1,4,4,"144",Lost
26307,383,2,2849,1,4,4,"144",Lost
24912,292,2,2121,1,4,4,"144",Lost
23105,394,2,3362,1,4,4,"144",Lost
13884,353,2,3043,1,4,4,"144",Lost
13892,333,2,3021,1,4,4,"144",Lost
28904,319,2,2849,1,4,4,"144",Lost
21092,351,2,2511,1,4,4,"144",Lost
23411,364,2,3578,1,4,4,"144",Lost
20173,291,2,3181,1,4,4,"144",Lost
20834,382,2,2567,1,4,4,"144",Lost
26344,291,2,2791,1,4,4,"144",Lost
24606,382,2,2156,1,4,4,"144",Lost
15832,299,2,2611,1,4,4,"144",Lost
23414,319,2,3391,1,4,4,"144",Lost
24888,311,2,2175,1,4,4,"144",Lost
23417,308,2,3337,1,4,4,"144",Lost
20999,290,2,2736,1,4,4,"144",Lost
13938,319,2,3071,1,4,4,"144",Lost
25048,315,2,3047,1,4,4,"144",Lost
14083,320,2,2751,1,4,4,"144",Lost
26311,379,2,2823,1,4,4,"144",Lost
17098,379,2,2769,1,4,4,"144",Lost
23525,312,2,3302,1,4,4,"144",Lost
19433,379,2,3479,1,4,4,"144",Lost
13854,355,2,3248,1,4,4,"144",Lost
23311,363,2,3337,1,4,4,"144",Lost
24611,366,2,2219,1,4,4,"144",Lost
13662,378,2,3021,1,4,4,"144",Lost
13979,308,2,3283,1,4,4,"144",Lost
26329,320,2,2860,1,4,4,"144",Lost
16324,355,2,3283,1,4,4,"144",Lost
17700,377,2,2806,1,4,4,"144",Lost
11793,354,2,102,1,4,3,"143",Lost
13183,308,2,196,1,4,3,"143",Lost
29900,428,2,759,1,4,3,"143",Lost
16609,302,2,344,1,4,3,"143",Lost
19584,301,2,117,1,4,3,"143",Lost
18554,302,2,155,1,4,3,"143",Lost
11718,315,2,100,1,4,3,"143",Lost
14535,319,2,123,1,4,3,"143",Lost
15018,339,2,112,1,4,3,"143",Lost
14953,314,2,202,1,4,3,"143",Lost
17078,317,2,187,1,4,3,"143",Lost
11673,333,2,192,1,4,3,"143",Lost
18811,312,2,101,1,4,3,"143",Lost
11153,307,2,110,1,4,3,"143",Lost
17063,305,2,100,1,4,3,"143",Lost
14814,328,2,128,1,4,3,"143",Lost
17238,307,2,147,1,4,3,"143",Lost
11843,328,2,117,1,4,3,"143",Lost
18391,300,2,101,1,4,3,"143",Lost
17254,295,2,147,1,4,3,"143",Lost
17307,341,2,133,1,4,3,"143",Lost
29852,520,2,715,1,4,3,"143",Lost
16679,305,2,107,1,4,3,"143",Lost
11081,292,2,104,1,4,3,"143",Lost
11255,305,2,114,1,4,3,"143",Lost
12262,305,2,119,1,4,3,"143",Lost
18919,318,2,301,1,4,3,"143",Lost
29832,610,2,668,1,4,3,"143",Lost
14531,308,2,191,1,4,3,"143",Lost
15216,298,2,102,1,4,3,"143",Lost
13814,292,2,230,1,4,3,"143",Lost
17070,344,2,124,1,4,3,"143",Lost
12533,292,2,272,1,4,3,"143",Lost
14982,302,2,152,1,4,3,"143",Lost
21883,362,1,42,1,4,2,"142",Lost
11973,326,2,89,1,4,2,"142",Lost
12065,304,2,92,1,4,2,"142",Lost
14696,293,1,42,1,4,2,"142",Lost
27704,327,1,42,1,4,2,"142",Lost
20963,330,1,43,1,4,2,"142",Lost
13818,364,1,40,1,4,2,"142",Lost
22208,305,1,42,1,4,2,"142",Lost
21172,324,1,42,1,4,2,"142",Lost
21210,312,1,40,1,4,2,"142",Lost
12568,319,2,67,1,4,2,"142",Lost
18755,309,2,87,1,4,2,"142",Lost
11936,300,1,42,1,4,2,"142",Lost
18287,317,2,72,1,4,2,"142",Lost
29209,338,1,40,1,4,2,"142",Lost
22848,359,1,40,1,4,2,"142",Lost
11140,317,1,40,1,4,2,"142",Lost
23714,330,1,45,1,4,2,"142",Lost
29266,300,1,40,1,4,2,"142",Lost
21407,367,1,42,1,4,2,"142",Lost
17785,316,2,67,1,4,2,"142",Lost
11198,351,2,98,1,4,2,"142",Lost
28080,336,1,40,1,4,2,"142",Lost
22006,318,1,42,1,4,2,"142",Lost
13776,320,2,71,1,4,2,"142",Lost
21678,327,1,43,1,4,2,"142",Lost
18871,345,2,87,1,4,2,"142",Lost
27153,310,1,43,1,4,2,"142",Lost
20104,337,2,67,1,4,2,"142",Lost
21252,349,2,94,1,4,2,"142",Lost
23670,366,1,43,1,4,2,"142",Lost
20594,306,1,43,1,4,2,"142",Lost
27835,341,1,43,1,4,2,"142",Lost
16610,299,2,68,1,4,2,"142",Lost
14061,306,2,82,1,4,2,"142",Lost
14053,356,2,86,1,4,2,"142",Lost
29040,358,1,40,1,4,2,"142",Lost
27016,329,1,42,1,4,2,"142",Lost
16168,307,2,80,1,4,2,"142",Lost
12420,321,1,42,1,4,2,"142",Lost
12392,321,2,75,1,4,2,"142",Lost
21566,340,1,42,1,4,2,"142",Lost
13458,357,1,45,1,4,2,"142",Lost
21961,334,1,42,1,4,2,"142",Lost
21887,360,1,40,1,4,2,"142",Lost
11293,321,2,85,1,4,2,"142",Lost
17062,326,2,91,1,4,2,"142",Lost
18293,364,2,74,1,4,2,"142",Lost
28090,304,1,40,1,4,2,"142",Lost
21563,335,1,40,1,4,2,"142",Lost
20731,306,1,43,1,4,2,"142",Lost
14703,347,1,42,1,4,2,"142",Lost
12896,306,1,45,1,4,2,"142",Lost
22844,305,1,40,1,4,2,"142",Lost
25855,339,1,40,1,4,2,"142",Lost
21190,356,1,42,1,4,2,"142",Lost
18733,293,2,24,1,4,1,"141",Lost
15579,326,2,35,1,4,1,"141",Lost
28022,1080,1,3578,1,3,5,"135",Lost
28014,1091,1,3578,1,3,5,"135",Lost
28169,900,1,3578,1,3,5,"135",Lost
27666,1120,1,3578,1,3,5,"135",Lost
28112,1060,1,3578,1,3,5,"135",Lost
28142,1041,1,3578,1,3,5,"135",Lost
28018,1096,1,3578,1,3,5,"135",Lost
28149,1051,1,3578,1,3,5,"135",Lost
28047,1080,1,3578,1,3,5,"135",Lost
28162,1050,1,3578,1,3,5,"135",Lost
27577,1120,1,3578,1,3,5,"135",Lost
28130,900,1,3578,1,3,5,"135",Lost
27678,1078,1,3578,1,3,5,"135",Lost
28166,1047,1,3578,1,3,5,"135",Lost
27604,1119,1,3578,1,3,5,"135",Lost
27605,1100,1,3578,1,3,5,"135",Lost
27578,1112,1,3578,1,3,5,"135",Lost
28044,1079,1,3578,1,3,5,"135",Lost
27917,1077,1,3578,1,3,5,"135",Lost
28092,903,1,3578,1,3,5,"135",Lost
27649,1110,1,3578,1,3,5,"135",Lost
27672,889,1,3578,1,3,5,"135",Lost
24491,775,1,3578,1,3,5,"135",Lost
28161,903,1,3578,1,3,5,"135",Lost
27759,1078,1,3578,1,3,5,"135",Lost
27612,1123,1,3578,1,3,5,"135",Lost
28017,1084,1,3578,1,3,5,"135",Lost
24646,771,1,3578,1,3,5,"135",Lost
24501,765,1,3578,1,3,5,"135",Lost
28163,1044,1,3578,1,3,5,"135",Lost
28042,1083,1,3578,1,3,5,"135",Lost
28170,1049,1,3578,1,3,5,"135",Lost
28165,902,1,3578,1,3,5,"135",Lost
24493,790,1,3578,1,3,5,"135",Lost
27601,1124,1,3578,1,3,5,"135",Lost
27681,1080,1,3578,1,3,5,"135",Lost
28145,1065,1,3578,1,3,5,"135",Lost
28148,1048,1,3578,1,3,5,"135",Lost
27726,1091,1,3578,1,3,5,"135",Lost
27611,1100,1,3578,1,3,5,"135",Lost
28051,886,1,3578,1,3,5,"135",Lost
28097,1058,1,3578,1,3,5,"135",Lost
27614,1110,1,3578,1,3,5,"135",Lost
27752,895,1,3578,1,3,5,"135",Lost
28036,911,1,3578,1,3,5,"135",Lost
28013,901,1,3578,1,3,5,"135",Lost
28040,1087,1,3578,1,3,5,"135",Lost
28088,1061,1,3578,1,3,5,"135",Lost
28167,1042,1,3578,1,3,5,"135",Lost
28164,1053,1,3578,1,3,5,"135",Lost
29621,640,1,6214,1,3,5,"135",Lost
28168,1063,1,3578,1,3,5,"135",Lost
28147,1037,1,3578,1,3,5,"135",Lost
28039,1086,1,3578,1,3,5,"135",Lost
28096,1052,1,3578,1,3,5,"135",Lost
28129,901,1,3578,1,3,5,"135",Lost
28150,1052,1,3578,1,3,5,"135",Lost
28041,1068,1,3578,1,3,5,"135",Lost
27673,1098,1,3578,1,3,5,"135",Lost
24522,360,1,2483,1,3,4,"134",Lost
28184,1045,1,3578,1,3,4,"134",Lost
28765,995,1,3578,1,3,4,"134",Lost
28401,1046,1,3375,1,3,4,"134",Lost
24998,303,1,2438,1,3,4,"134",Lost
28644,994,1,3578,1,3,4,"134",Lost
24343,328,1,2444,1,3,4,"134",Lost
28649,982,1,3578,1,3,4,"134",Lost
24673,309,1,2428,1,3,4,"134",Lost
28618,982,1,3578,1,3,4,"134",Lost
28657,980,1,3578,1,3,4,"134",Lost
28625,979,1,3578,1,3,4,"134",Lost
29410,978,1,3400,1,3,4,"134",Lost
25892,718,1,2443,1,3,4,"134",Lost
28661,977,1,3578,1,3,4,"134",Lost
28829,975,1,3578,1,3,4,"134",Lost
28988,974,1,3578,1,3,4,"134",Lost
29126,974,1,3578,1,3,4,"134",Lost
28827,973,1,3578,1,3,4,"134",Lost
28853,973,1,3578,1,3,4,"134",Lost
28997,972,1,3578,1,3,4,"134",Lost
28804,971,1,3578,1,3,4,"134",Lost
29467,971,1,3375,1,3,4,"134",Lost
28857,970,1,3578,1,3,4,"134",Lost
28825,970,1,3578,1,3,4,"134",Lost
29139,969,1,3578,1,3,4,"134",Lost
24537,335,1,2511,1,3,4,"134",Lost
29058,969,1,3578,1,3,4,"134",Lost
25025,301,1,2469,1,3,4,"134",Lost
28852,967,1,3578,1,3,4,"134",Lost
28723,301,1,2419,1,3,4,"134",Lost
29056,965,1,3578,1,3,4,"134",Lost
28807,965,1,3578,1,3,4,"134",Lost
29136,965,1,3578,1,3,4,"134",Lost
25883,716,1,2443,1,3,4,"134",Lost
24670,310,1,2419,1,3,4,"134",Lost
28833,965,1,3578,1,3,4,"134",Lost
28838,964,1,3578,1,3,4,"134",Lost
29108,964,1,3578,1,3,4,"134",Lost
28821,964,1,3578,1,3,4,"134",Lost
28856,963,1,3578,1,3,4,"134",Lost
28966,961,1,3578,1,3,4,"134",Lost
28952,310,1,2473,1,3,4,"134",Lost
29017,960,1,3578,1,3,4,"134",Lost
22343,301,1,2423,1,3,4,"134",Lost
16372,301,1,2482,1,3,4,"134",Lost
29466,960,1,3375,1,3,4,"134",Lost
28830,959,1,3578,1,3,4,"134",Lost
29110,958,1,3578,1,3,4,"134",Lost
16361,325,1,2515,1,3,4,"134",Lost
28849,958,1,3578,1,3,4,"134",Lost
24988,301,1,2419,1,3,4,"134",Lost
16140,311,1,2528,1,3,4,"134",Lost
28851,957,1,3578,1,3,4,"134",Lost
28993,957,1,3578,1,3,4,"134",Lost
28990,956,1,3578,1,3,4,"134",Lost
28843,956,1,3578,1,3,4,"134",Lost
29474,956,1,3375,1,3,4,"134",Lost
28835,956,1,3578,1,3,4,"134",Lost
29060,955,1,3578,1,3,4,"134",Lost
28831,955,1,3578,1,3,4,"134",Lost
28989,954,1,3578,1,3,4,"134",Lost
28820,954,1,3578,1,3,4,"134",Lost
29016,954,1,3578,1,3,4,"134",Lost
29010,953,1,3578,1,3,4,"134",Lost
28823,953,1,3578,1,3,4,"134",Lost
25725,300,1,2419,1,3,4,"134",Lost
28824,953,1,3578,1,3,4,"134",Lost
26294,456,1,2443,1,3,4,"134",Lost
29132,952,1,3578,1,3,4,"134",Lost
29008,952,1,3578,1,3,4,"134",Lost
28805,950,1,3578,1,3,4,"134",Lost
29059,949,1,3578,1,3,4,"134",Lost
29106,949,1,3578,1,3,4,"134",Lost
28826,947,1,3578,1,3,4,"134",Lost
29070,946,1,3578,1,3,4,"134",Lost
29475,946,1,3400,1,3,4,"134",Lost
28822,945,1,3578,1,3,4,"134",Lost
28839,945,1,3578,1,3,4,"134",Lost
20302,312,1,2451,1,3,4,"134",Lost
28850,727,1,2443,1,3,4,"134",Lost
29143,943,1,3578,1,3,4,"134",Lost
29170,942,1,3578,1,3,4,"134",Lost
24779,312,1,2419,1,3,4,"134",Lost
25100,727,1,2443,1,3,4,"134",Lost
29151,941,1,3578,1,3,4,"134",Lost
20303,312,1,2512,1,3,4,"134",Lost
20200,367,1,2480,1,3,4,"134",Lost
29142,939,1,3578,1,3,4,"134",Lost
29140,939,1,3578,1,3,4,"134",Lost
22975,939,1,3578,1,3,4,"134",Lost
29195,299,1,2419,1,3,4,"134",Lost
29146,937,1,3578,1,3,4,"134",Lost
29141,937,1,3578,1,3,4,"134",Lost
22971,936,1,3578,1,3,4,"134",Lost
24347,299,1,2419,1,3,4,"134",Lost
29169,936,1,3578,1,3,4,"134",Lost
29158,935,1,3578,1,3,4,"134",Lost
29163,934,1,3578,1,3,4,"134",Lost
29254,928,1,3578,1,3,4,"134",Lost
28836,715,1,2443,1,3,4,"134",Lost
23765,312,1,2536,1,3,4,"134",Lost
29157,928,1,3578,1,3,4,"134",Lost
29198,928,1,3578,1,3,4,"134",Lost
29145,926,1,3578,1,3,4,"134",Lost
25361,728,1,2443,1,3,4,"134",Lost
22430,398,1,2639,1,3,4,"134",Lost
29148,924,1,3578,1,3,4,"134",Lost
23630,350,1,2482,1,3,4,"134",Lost
29476,924,1,3400,1,3,4,"134",Lost
29156,923,1,3578,1,3,4,"134",Lost
27820,397,1,2419,1,3,4,"134",Lost
28953,313,1,2463,1,3,4,"134",Lost
20183,366,1,2451,1,3,4,"134",Lost
24063,366,1,2433,1,3,4,"134",Lost
23234,396,1,2478,1,3,4,"134",Lost
25015,298,1,2462,1,3,4,"134",Lost
28202,396,1,2419,1,3,4,"134",Lost
29208,922,1,3578,1,3,4,"134",Lost
29144,921,1,3578,1,3,4,"134",Lost
24808,298,1,2407,1,3,4,"134",Lost
28729,298,1,2452,1,3,4,"134",Lost
29207,921,1,3578,1,3,4,"134",Lost
22822,395,1,2476,1,3,4,"134",Lost
29147,918,1,3578,1,3,4,"134",Lost
29155,917,1,3578,1,3,4,"134",Lost
29150,914,1,3578,1,3,4,"134",Lost
28648,913,1,3578,1,3,4,"134",Lost
29277,334,1,2419,1,3,4,"134",Lost
28204,395,1,2419,1,3,4,"134",Lost
20038,395,1,2443,1,3,4,"134",Lost
28630,912,1,3578,1,3,4,"134",Lost
28778,912,1,3578,1,3,4,"134",Lost
25793,395,1,2480,1,3,4,"134",Lost
25625,395,1,2433,1,3,4,"134",Lost
28443,911,1,3375,1,3,4,"134",Lost
28449,909,1,3375,1,3,4,"134",Lost
20180,394,1,2488,1,3,4,"134",Lost
25875,714,1,2443,1,3,4,"134",Lost
28363,908,1,3578,1,3,4,"134",Lost
28178,908,1,3578,1,3,4,"134",Lost
29352,906,1,3578,1,3,4,"134",Lost
16237,334,1,2515,1,3,4,"134",Lost
29326,904,1,3578,1,3,4,"134",Lost
29285,904,1,3578,1,3,4,"134",Lost
25724,298,1,2442,1,3,4,"134",Lost
24680,315,1,2418,1,3,4,"134",Lost
28834,713,1,2443,1,3,4,"134",Lost
28197,903,1,3578,1,3,4,"134",Lost
28620,903,1,3578,1,3,4,"134",Lost
20348,297,1,2511,1,3,4,"134",Lost
28802,729,1,2443,1,3,4,"134",Lost
28198,902,1,3578,1,3,4,"134",Lost
20323,315,1,2492,1,3,4,"134",Lost
28176,901,1,3578,1,3,4,"134",Lost
24662,351,1,2494,1,3,4,"134",Lost
29481,901,1,3375,1,3,4,"134",Lost
25779,392,1,2480,1,3,4,"134",Lost
29149,684,1,2443,1,3,4,"134",Lost
29334,900,1,3578,1,3,4,"134",Lost
29350,899,1,3578,1,3,4,"134",Lost
24883,391,1,2487,1,3,4,"134",Lost
29335,899,1,3578,1,3,4,"134",Lost
24425,391,1,2419,1,3,4,"134",Lost
24061,390,1,2413,1,3,4,"134",Lost
28624,897,1,3578,1,3,4,"134",Lost
28207,390,1,2462,1,3,4,"134",Lost
25095,729,1,2443,1,3,4,"134",Lost
28647,894,1,3578,1,3,4,"134",Lost
28646,894,1,3578,1,3,4,"134",Lost
29196,296,1,2438,1,3,4,"134",Lost
28177,892,1,3578,1,3,4,"134",Lost
28535,359,1,2433,1,3,4,"134",Lost
20204,365,1,2476,1,3,4,"134",Lost
29280,892,1,3578,1,3,4,"134",Lost
29354,891,1,3578,1,3,4,"134",Lost
28326,351,1,2443,1,3,4,"134",Lost
24815,296,1,2438,1,3,4,"134",Lost
24809,296,1,2419,1,3,4,"134",Lost
28173,888,1,3578,1,3,4,"134",Lost
29340,888,1,3578,1,3,4,"134",Lost
28389,1128,1,3400,1,3,4,"134",Lost
25061,739,1,2443,1,3,4,"134",Lost
25795,387,1,2482,1,3,4,"134",Lost
28354,888,1,3578,1,3,4,"134",Lost
28626,888,1,3578,1,3,4,"134",Lost
28574,888,1,3578,1,3,4,"134",Lost
28656,885,1,3578,1,3,4,"134",Lost
24528,360,1,2420,1,3,4,"134",Lost
28470,879,1,3400,1,3,4,"134",Lost
16363,317,1,2482,1,3,4,"134",Lost
24417,387,1,2467,1,3,4,"134",Lost
28458,875,1,3375,1,3,4,"134",Lost
28652,874,1,3578,1,3,4,"134",Lost
28478,873,1,3375,1,3,4,"134",Lost
28471,862,1,3375,1,3,4,"134",Lost
23906,295,1,2443,1,3,4,"134",Lost
28927,331,1,2419,1,3,4,"134",Lost
28935,318,1,2419,1,3,4,"134",Lost
23566,849,1,3578,1,3,4,"134",Lost
23806,826,1,3578,1,3,4,"134",Lost
23921,294,1,2465,1,3,4,"134",Lost
24807,293,1,2469,1,3,4,"134",Lost
20345,293,1,2521,1,3,4,"134",Lost
27937,318,1,2641,1,3,4,"134",Lost
20181,385,1,2443,1,3,4,"134",Lost
28492,813,1,3375,1,3,4,"134",Lost
16231,384,1,2526,1,3,4,"134",Lost
27821,352,1,2428,1,3,4,"134",Lost
28491,803,1,3375,1,3,4,"134",Lost
24534,333,1,2534,1,3,4,"134",Lost
29042,384,1,2420,1,3,4,"134",Lost
22312,384,1,2478,1,3,4,"134",Lost
28961,293,1,2478,1,3,4,"134",Lost
24084,328,1,2407,1,3,4,"134",Lost
24734,319,1,2492,1,3,4,"134",Lost
20075,790,1,3400,1,3,4,"134",Lost
28504,775,1,3375,1,3,4,"134",Lost
24413,383,1,2407,1,3,4,"134",Lost
29115,292,1,2407,1,3,4,"134",Lost
28659,737,1,2443,1,3,4,"134",Lost
24348,291,1,2444,1,3,4,"134",Lost
22828,381,1,2451,1,3,4,"134",Lost
27819,381,1,2419,1,3,4,"134",Lost
23607,381,1,2451,1,3,4,"134",Lost
23776,319,1,2478,1,3,4,"134",Lost
24153,291,1,2418,1,3,4,"134",Lost
29043,379,1,2447,1,3,4,"134",Lost
29194,290,1,2419,1,3,4,"134",Lost
20036,379,1,2619,1,3,4,"134",Lost
28663,758,1,2443,1,3,4,"134",Lost
23606,379,1,2543,1,3,4,"134",Lost
26013,562,1,2443,1,3,4,"134",Lost
28766,756,1,2443,1,3,4,"134",Lost
25995,583,1,2443,1,3,4,"134",Lost
24786,745,1,2443,1,3,4,"134",Lost
28709,333,1,2419,1,3,4,"134",Lost
24105,320,1,2419,1,3,4,"134",Lost
29281,645,1,2443,1,3,4,"134",Lost
24427,377,1,2400,1,3,4,"134",Lost
16132,377,1,2460,1,3,4,"134",Lost
29159,647,1,2443,1,3,4,"134",Lost
29532,671,1,2486,1,3,4,"134",Lost
24660,363,1,2419,1,3,4,"134",Lost
23608,341,1,2511,1,3,4,"134",Lost
20039,377,1,2457,1,3,4,"134",Lost
27316,333,1,2443,1,3,4,"134",Lost
11015,377,1,2501,1,3,4,"134",Lost
28949,321,1,2473,1,3,4,"134",Lost
22808,376,1,2478,1,3,4,"134",Lost
24341,340,1,2453,1,3,4,"134",Lost
23636,342,1,2480,1,3,4,"134",Lost
22449,340,1,2515,1,3,4,"134",Lost
28720,362,1,2419,1,3,4,"134",Lost
28201,376,1,2419,1,3,4,"134",Lost
24437,343,1,2427,1,3,4,"134",Lost
22448,343,1,2480,1,3,4,"134",Lost
24735,322,1,2478,1,3,4,"134",Lost
28714,339,1,2433,1,3,4,"134",Lost
26381,375,1,2521,1,3,4,"134",Lost
24436,339,1,2438,1,3,4,"134",Lost
20339,309,1,2528,1,3,4,"134",Lost
21858,375,1,2492,1,3,4,"134",Lost
28798,706,1,2443,1,3,4,"134",Lost
24526,339,1,2419,1,3,4,"134",Lost
20337,332,1,2452,1,3,4,"134",Lost
23618,356,1,2482,1,3,4,"134",Lost
28217,339,1,2408,1,3,4,"134",Lost
25094,749,1,2443,1,3,4,"134",Lost
23764,343,1,2457,1,3,4,"134",Lost
25393,706,1,2443,1,3,4,"134",Lost
27839,323,1,2419,1,3,4,"134",Lost
29165,338,1,2407,1,3,4,"134",Lost
23759,374,1,2476,1,3,4,"134",Lost
20199,344,1,2503,1,3,4,"134",Lost
22323,374,1,2443,1,3,4,"134",Lost
28309,344,1,2419,1,3,4,"134",Lost
24093,362,1,2466,1,3,4,"134",Lost
24669,359,1,2419,1,3,4,"134",Lost
24405,373,1,2419,1,3,4,"134",Lost
25780,373,1,2480,1,3,4,"134",Lost
25769,373,1,2515,1,3,4,"134",Lost
26399,337,1,2543,1,3,4,"134",Lost
24527,337,1,2419,1,3,4,"134",Lost
24675,332,1,2419,1,3,4,"134",Lost
16235,346,1,2443,1,3,4,"134",Lost
20210,347,1,2478,1,3,4,"134",Lost
23635,360,1,2452,1,3,4,"134",Lost
25640,347,1,2428,1,3,4,"134",Lost
21857,371,1,2487,1,3,4,"134",Lost
22445,371,1,2490,1,3,4,"134",Lost
16232,347,1,2476,1,3,4,"134",Lost
24433,370,1,2443,1,3,4,"134",Lost
20297,324,1,2466,1,3,4,"134",Lost
25681,336,1,2398,1,3,4,"134",Lost
25674,329,1,2419,1,3,4,"134",Lost
23629,357,1,2466,1,3,4,"134",Lost
11144,370,1,2400,1,3,4,"134",Lost
26420,357,1,2443,1,3,4,"134",Lost
24521,348,1,2419,1,3,4,"134",Lost
29137,370,1,2419,1,3,4,"134",Lost
24421,369,1,2447,1,3,4,"134",Lost
29247,349,1,2447,1,3,4,"134",Lost
26382,369,1,2443,1,3,4,"134",Lost
28327,349,1,2407,1,3,4,"134",Lost
24083,349,1,2419,1,3,4,"134",Lost
24523,357,1,2492,1,3,4,"134",Lost
23597,368,1,2482,1,3,4,"134",Lost
28790,1002,1,3578,1,3,4,"134",Lost
28794,1002,1,3578,1,3,4,"134",Lost
28653,1004,1,3578,1,3,4,"134",Lost
29103,304,1,2419,1,3,4,"134",Lost
28660,1005,1,3578,1,3,4,"134",Lost
29448,1005,1,3400,1,3,4,"134",Lost
28295,1010,1,3578,1,3,4,"134",Lost
28294,1010,1,3578,1,3,4,"134",Lost
28293,1010,1,3578,1,3,4,"134",Lost
28573,1015,1,3578,1,3,4,"134",Lost
28627,1002,1,3578,1,3,4,"134",Lost
28270,1016,1,3578,1,3,4,"134",Lost
28761,1001,1,3578,1,3,4,"134",Lost
27309,335,1,2457,1,3,4,"134",Lost
28583,1017,1,3578,1,3,4,"134",Lost
28362,1017,1,3578,1,3,4,"134",Lost
28586,1018,1,3578,1,3,4,"134",Lost
28645,1001,1,3578,1,3,4,"134",Lost
28340,1019,1,3578,1,3,4,"134",Lost
28355,1019,1,3578,1,3,4,"134",Lost
28584,1020,1,3578,1,3,4,"134",Lost
28792,1000,1,3578,1,3,4,"134",Lost
28772,999,1,3578,1,3,4,"134",Lost
28774,999,1,3578,1,3,4,"134",Lost
28223,1020,1,3578,1,3,4,"134",Lost
25720,304,1,2433,1,3,4,"134",Lost
28299,1021,1,3578,1,3,4,"134",Lost
28221,1021,1,3578,1,3,4,"134",Lost
20340,305,1,2443,1,3,4,"134",Lost
28588,1023,1,3578,1,3,4,"134",Lost
28339,1024,1,3578,1,3,4,"134",Lost
28587,1025,1,3578,1,3,4,"134",Lost
28271,1029,1,3578,1,3,4,"134",Lost
25363,722,1,2443,1,3,4,"134",Lost
28200,1030,1,3578,1,3,4,"134",Lost
28675,998,1,3578,1,3,4,"134",Lost
28650,998,1,3578,1,3,4,"134",Lost
28598,1034,1,3578,1,3,4,"134",Lost
28654,998,1,3578,1,3,4,"134",Lost
28655,998,1,3578,1,3,4,"134",Lost
28199,1034,1,3578,1,3,4,"134",Lost
28222,1036,1,3578,1,3,4,"134",Lost
28628,998,1,3578,1,3,4,"134",Lost
28171,1040,1,3578,1,3,4,"134",Lost
28658,996,1,3578,1,3,4,"134",Lost
28629,995,1,3578,1,3,4,"134",Lost
28180,1048,1,3578,1,3,4,"134",Lost
28651,994,1,3578,1,3,4,"134",Lost
24136,303,1,2413,1,3,4,"134",Lost
29449,993,1,3400,1,3,4,"134",Lost
28407,992,1,3375,1,3,4,"134",Lost
28619,992,1,3578,1,3,4,"134",Lost
28183,1060,1,3578,1,3,4,"134",Lost
28179,1060,1,3578,1,3,4,"134",Lost
28185,1061,1,3578,1,3,4,"134",Lost
28186,1062,1,3578,1,3,4,"134",Lost
28182,1062,1,3578,1,3,4,"134",Lost
28181,1063,1,3578,1,3,4,"134",Lost
28172,1064,1,3578,1,3,4,"134",Lost
25702,307,1,2419,1,3,4,"134",Lost
28928,307,1,2473,1,3,4,"134",Lost
20037,368,1,2596,1,3,4,"134",Lost
24681,330,1,2453,1,3,4,"134",Lost
28948,335,1,2419,1,3,4,"134",Lost
28775,991,1,3578,1,3,4,"134",Lost
24802,303,1,2407,1,3,4,"134",Lost
25864,721,1,2443,1,3,4,"134",Lost
27924,307,1,2526,1,3,4,"134",Lost
28763,990,1,3578,1,3,4,"134",Lost
20324,307,1,2543,1,3,4,"134",Lost
28795,990,1,3578,1,3,4,"134",Lost
24806,303,1,2413,1,3,4,"134",Lost
28621,990,1,3578,1,3,4,"134",Lost
28635,989,1,3578,1,3,4,"134",Lost
24349,302,1,2419,1,3,4,"134",Lost
24135,308,1,2419,1,3,4,"134",Lost
28643,987,1,3578,1,3,4,"134",Lost
28799,987,1,3578,1,3,4,"134",Lost
28797,987,1,3578,1,3,4,"134",Lost
29289,302,1,2433,1,3,4,"134",Lost
28414,985,1,3400,1,3,4,"134",Lost
28670,985,1,3578,1,3,4,"134",Lost
19802,1099,1,3375,1,3,4,"134",Lost
28390,1102,1,3375,1,3,4,"134",Lost
29385,1107,1,3400,1,3,4,"134",Lost
25857,1107,1,3400,1,3,4,"134",Lost
28676,985,1,3578,1,3,4,"134",Lost
25861,1120,1,3400,1,3,4,"134",Lost
24748,341,1,40,1,3,2,"132",Lost
23743,340,1,40,1,3,2,"132",Lost
22952,341,1,40,1,3,2,"132",Lost
21846,321,1,40,1,3,2,"132",Lost
27966,312,1,40,1,3,2,"132",Lost
21366,363,1,40,1,3,2,"132",Lost
21375,334,1,40,1,3,2,"132",Lost
17342,301,1,40,1,3,2,"132",Lost
19277,354,1,40,1,3,2,"132",Lost
18640,328,1,40,1,3,2,"132",Lost
18574,307,1,40,1,3,2,"132",Lost
26132,364,1,40,1,3,2,"132",Lost
27981,364,1,40,1,3,2,"132",Lost
21849,314,1,40,1,3,2,"132",Lost
24858,293,1,40,1,3,2,"132",Lost
18097,314,1,40,1,3,2,"132",Lost
17583,350,1,40,1,3,2,"132",Lost
27914,293,1,40,1,3,2,"132",Lost
23679,358,1,40,1,3,2,"132",Lost
25620,295,1,40,1,3,2,"132",Lost
25638,306,1,40,1,3,2,"132",Lost
27720,334,1,40,1,3,2,"132",Lost
28002,304,1,40,1,3,2,"132",Lost
17554,349,1,40,1,3,2,"132",Lost
25136,300,1,40,1,3,2,"132",Lost
18751,349,1,40,1,3,2,"132",Lost
22143,349,1,40,1,3,2,"132",Lost
17380,324,1,40,1,3,2,"132",Lost
17419,329,1,40,1,3,2,"132",Lost
27594,324,1,40,1,3,2,"132",Lost
21861,364,1,40,1,3,2,"132",Lost
18358,295,1,40,1,3,2,"132",Lost
24594,337,1,40,1,3,2,"132",Lost
20691,313,1,40,1,3,2,"132",Lost
24085,327,1,40,1,3,2,"132",Lost
19926,299,1,40,1,3,2,"132",Lost
25815,350,1,40,1,3,2,"132",Lost
21339,361,1,40,1,3,2,"132",Lost
27968,362,1,40,1,3,2,"132",Lost
17359,331,1,40,1,3,2,"132",Lost
17260,316,1,40,1,3,2,"132",Lost
23235,360,1,40,1,3,2,"132",Lost
24890,357,1,40,1,3,2,"132",Lost
20316,338,1,40,1,3,2,"132",Lost
27857,322,1,40,1,3,2,"132",Lost
22670,322,1,40,1,3,2,"132",Lost
24094,366,1,40,1,3,2,"132",Lost
25579,309,1,40,1,3,2,"132",Lost
25324,339,1,40,1,3,2,"132",Lost
18223,339,1,40,1,3,2,"132",Lost
26701,303,1,40,1,3,2,"132",Lost
18349,311,1,40,1,3,2,"132",Lost
19182,315,1,40,1,3,2,"132",Lost
27851,297,1,40,1,3,2,"132",Lost
25630,303,1,40,1,3,2,"132",Lost
23255,342,1,40,1,3,2,"132",Lost
21863,297,1,40,1,3,2,"132",Lost
24113,321,1,40,1,3,2,"132",Lost
24256,311,1,40,1,3,2,"132",Lost
18105,310,1,40,1,3,2,"132",Lost
17366,321,1,40,1,3,2,"132",Lost
25219,299,1,40,1,3,2,"132",Lost
18664,362,1,14,1,3,1,"131",Lost
16143,290,1,27,1,3,1,"131",Lost
28106,290,1,13,1,3,1,"131",Lost
24546,290,1,37,1,3,1,"131",Lost
23839,290,1,30,1,3,1,"131",Lost
17895,291,1,30,1,3,1,"131",Lost
19328,291,1,27,1,3,1,"131",Lost
26889,291,1,30,1,3,1,"131",Lost
17170,291,1,14,1,3,1,"131",Lost
25259,292,1,32,1,3,1,"131",Lost
18546,292,1,29,1,3,1,"131",Lost
17033,292,1,29,1,3,1,"131",Lost
24991,292,1,35,1,3,1,"131",Lost
24928,292,1,27,1,3,1,"131",Lost
26542,292,1,27,1,3,1,"131",Lost
13899,292,1,22,1,3,1,"131",Lost
24451,292,1,39,1,3,1,"131",Lost
20676,292,1,15,1,3,1,"131",Lost
11399,292,1,14,1,3,1,"131",Lost
27382,292,1,36,1,3,1,"131",Lost
22068,293,1,24,1,3,1,"131",Lost
29409,293,1,36,1,3,1,"131",Lost
25062,293,1,14,1,3,1,"131",Lost
21294,293,1,10,1,3,1,"131",Lost
27336,293,1,36,1,3,1,"131",Lost
20789,293,1,39,1,3,1,"131",Lost
16980,294,1,40,1,3,1,"131",Lost
24513,294,1,39,1,3,1,"131",Lost
23826,294,1,32,1,3,1,"131",Lost
23064,294,1,30,1,3,1,"131",Lost
26181,294,1,32,1,3,1,"131",Lost
25929,295,1,27,1,3,1,"131",Lost
12741,295,1,40,1,3,1,"131",Lost
23044,296,1,37,1,3,1,"131",Lost
28126,296,1,14,1,3,1,"131",Lost
11426,296,1,35,1,3,1,"131",Lost
17031,296,1,14,1,3,1,"131",Lost
21632,296,1,15,1,3,1,"131",Lost
16326,296,1,25,1,3,1,"131",Lost
27478,296,1,28,1,3,1,"131",Lost
16238,296,1,13,1,3,1,"131",Lost
29116,297,1,17,1,3,1,"131",Lost
25848,297,1,27,1,3,1,"131",Lost
13097,297,1,22,1,3,1,"131",Lost
25959,297,1,27,1,3,1,"131",Lost
16716,297,1,28,1,3,1,"131",Lost
28746,297,1,24,1,3,1,"131",Lost
16510,297,1,27,1,3,1,"131",Lost
22378,297,1,30,1,3,1,"131",Lost
24375,297,1,32,1,3,1,"131",Lost
15875,297,1,15,1,3,1,"131",Lost
19184,297,1,25,1,3,1,"131",Lost
24827,298,1,35,1,3,1,"131",Lost
23364,298,1,32,1,3,1,"131",Lost
25343,298,1,25,1,3,1,"131",Lost
20634,298,1,10,1,3,1,"131",Lost
28638,298,1,38,1,3,1,"131",Lost
25091,298,1,37,1,3,1,"131",Lost
23928,298,1,36,1,3,1,"131",Lost
26184,298,1,36,1,3,1,"131",Lost
27680,298,1,36,1,3,1,"131",Lost
14943,299,1,37,1,3,1,"131",Lost
23007,299,1,15,1,3,1,"131",Lost
24223,299,1,32,1,3,1,"131",Lost
22727,299,1,35,1,3,1,"131",Lost
14422,299,1,39,1,3,1,"131",Lost
21843,299,1,14,1,3,1,"131",Lost
25524,299,1,25,1,3,1,"131",Lost
12722,299,1,39,1,3,1,"131",Lost
24035,299,1,14,1,3,1,"131",Lost
22077,299,1,30,1,3,1,"131",Lost
16884,299,1,40,1,3,1,"131",Lost
17727,300,1,22,1,3,1,"131",Lost
28809,300,1,25,1,3,1,"131",Lost
22244,300,1,30,1,3,1,"131",Lost
22081,300,1,30,1,3,1,"131",Lost
21088,300,1,30,1,3,1,"131",Lost
24289,301,1,33,1,3,1,"131",Lost
17704,301,1,32,1,3,1,"131",Lost
21739,301,1,37,1,3,1,"131",Lost
20868,301,1,37,1,3,1,"131",Lost
28322,301,1,29,1,3,1,"131",Lost
21471,301,1,32,1,3,1,"131",Lost
16396,301,1,32,1,3,1,"131",Lost
12457,301,1,24,1,3,1,"131",Lost
25142,301,1,14,1,3,1,"131",Lost
25372,302,1,33,1,3,1,"131",Lost
27658,302,1,28,1,3,1,"131",Lost
29324,302,1,39,1,3,1,"131",Lost
29251,302,1,13,1,3,1,"131",Lost
17392,302,1,14,1,3,1,"131",Lost
24148,302,1,12,1,3,1,"131",Lost
18104,303,1,14,1,3,1,"131",Lost
29304,303,1,24,1,3,1,"131",Lost
18312,303,1,15,1,3,1,"131",Lost
14454,303,1,32,1,3,1,"131",Lost
27322,303,1,36,1,3,1,"131",Lost
26349,303,1,27,1,3,1,"131",Lost
16963,303,1,40,1,3,1,"131",Lost
25669,303,1,39,1,3,1,"131",Lost
27930,304,1,36,1,3,1,"131",Lost
17746,304,1,30,1,3,1,"131",Lost
15618,304,1,25,1,3,1,"131",Lost
25206,304,1,25,1,3,1,"131",Lost
18042,304,1,30,1,3,1,"131",Lost
23198,304,1,35,1,3,1,"131",Lost
17970,304,1,27,1,3,1,"131",Lost
29052,304,1,39,1,3,1,"131",Lost
22034,305,1,15,1,3,1,"131",Lost
16214,305,1,15,1,3,1,"131",Lost
26054,305,1,25,1,3,1,"131",Lost
24154,305,1,29,1,3,1,"131",Lost
23678,305,1,30,1,3,1,"131",Lost
24933,305,1,33,1,3,1,"131",Lost
24395,305,1,37,1,3,1,"131",Lost
27152,305,1,39,1,3,1,"131",Lost
15307,306,1,40,1,3,1,"131",Lost
29767,306,1,24,1,3,1,"131",Lost
12838,306,1,37,1,3,1,"131",Lost
28054,306,1,25,1,3,1,"131",Lost
23966,306,1,29,1,3,1,"131",Lost
26894,306,1,24,1,3,1,"131",Lost
21307,306,1,24,1,3,1,"131",Lost
17693,306,1,14,1,3,1,"131",Lost
12951,307,1,31,1,3,1,"131",Lost
20520,307,1,15,1,3,1,"131",Lost
20596,307,1,32,1,3,1,"131",Lost
20766,307,1,15,1,3,1,"131",Lost
25516,307,1,21,1,3,1,"131",Lost
15871,307,1,40,1,3,1,"131",Lost
11392,307,1,29,1,3,1,"131",Lost
29241,308,1,25,1,3,1,"131",Lost
27654,308,1,21,1,3,1,"131",Lost
27903,308,1,39,1,3,1,"131",Lost
22324,308,1,25,1,3,1,"131",Lost
16474,308,1,25,1,3,1,"131",Lost
18327,308,1,14,1,3,1,"131",Lost
24423,308,1,33,1,3,1,"131",Lost
27479,308,1,24,1,3,1,"131",Lost
18036,308,1,25,1,3,1,"131",Lost
24742,308,1,37,1,3,1,"131",Lost
16458,309,1,25,1,3,1,"131",Lost
13296,309,1,22,1,3,1,"131",Lost
27387,309,1,34,1,3,1,"131",Lost
18321,309,1,13,1,3,1,"131",Lost
16455,309,1,29,1,3,1,"131",Lost
23465,310,1,35,1,3,1,"131",Lost
22185,310,1,39,1,3,1,"131",Lost
17740,310,1,39,1,3,1,"131",Lost
19275,310,1,14,1,3,1,"131",Lost
22227,310,1,35,1,3,1,"131",Lost
20512,310,1,10,1,3,1,"131",Lost
16557,310,1,31,1,3,1,"131",Lost
21989,310,1,35,1,3,1,"131",Lost
26179,310,1,39,1,3,1,"131",Lost
14865,310,1,30,1,3,1,"131",Lost
19064,311,1,32,1,3,1,"131",Lost
21358,311,1,10,1,3,1,"131",Lost
28057,311,1,21,1,3,1,"131",Lost
13031,311,1,22,1,3,1,"131",Lost
23555,311,1,35,1,3,1,"131",Lost
25813,311,1,27,1,3,1,"131",Lost
23023,311,1,32,1,3,1,"131",Lost
16292,311,1,32,1,3,1,"131",Lost
13868,312,1,31,1,3,1,"131",Lost
16558,312,1,25,1,3,1,"131",Lost
28979,312,1,38,1,3,1,"131",Lost
16319,312,1,27,1,3,1,"131",Lost
22741,312,1,35,1,3,1,"131",Lost
29286,312,1,14,1,3,1,"131",Lost
29127,312,1,29,1,3,1,"131",Lost
23086,312,1,13,1,3,1,"131",Lost
25267,313,1,25,1,3,1,"131",Lost
12832,313,1,40,1,3,1,"131",Lost
27828,313,1,28,1,3,1,"131",Lost
26130,313,1,21,1,3,1,"131",Lost
27961,313,1,29,1,3,1,"131",Lost
17158,314,1,40,1,3,1,"131",Lost
22145,314,1,37,1,3,1,"131",Lost
26981,314,1,21,1,3,1,"131",Lost
29394,314,1,36,1,3,1,"131",Lost
19078,314,1,32,1,3,1,"131",Lost
28623,314,1,27,1,3,1,"131",Lost
28330,314,1,10,1,3,1,"131",Lost
24941,314,1,33,1,3,1,"131",Lost
15910,314,1,40,1,3,1,"131",Lost
13430,314,1,31,1,3,1,"131",Lost
23272,314,1,39,1,3,1,"131",Lost
26897,314,1,39,1,3,1,"131",Lost
27526,314,1,24,1,3,1,"131",Lost
22883,315,1,30,1,3,1,"131",Lost
26264,315,1,31,1,3,1,"131",Lost
16991,315,1,40,1,3,1,"131",Lost
17783,315,1,25,1,3,1,"131",Lost
14443,315,1,22,1,3,1,"131",Lost
26517,315,1,25,1,3,1,"131",Lost
27753,315,1,25,1,3,1,"131",Lost
23153,315,1,35,1,3,1,"131",Lost
27055,316,1,34,1,3,1,"131",Lost
13832,316,1,24,1,3,1,"131",Lost
22945,316,1,13,1,3,1,"131",Lost
15281,316,1,40,1,3,1,"131",Lost
13266,316,1,30,1,3,1,"131",Lost
15452,316,1,25,1,3,1,"131",Lost
17842,317,1,37,1,3,1,"131",Lost
12868,317,1,33,1,3,1,"131",Lost
14205,317,1,33,1,3,1,"131",Lost
23722,317,1,32,1,3,1,"131",Lost
26053,317,1,27,1,3,1,"131",Lost
28896,317,1,21,1,3,1,"131",Lost
22009,318,1,10,1,3,1,"131",Lost
22226,318,1,35,1,3,1,"131",Lost
23051,318,1,35,1,3,1,"131",Lost
28981,318,1,27,1,3,1,"131",Lost
16965,318,1,40,1,3,1,"131",Lost
12531,318,1,22,1,3,1,"131",Lost
28143,318,1,14,1,3,1,"131",Lost
26896,318,1,13,1,3,1,"131",Lost
27631,319,1,34,1,3,1,"131",Lost
28423,319,1,34,1,3,1,"131",Lost
25152,319,1,35,1,3,1,"131",Lost
27001,319,1,30,1,3,1,"131",Lost
18374,319,1,13,1,3,1,"131",Lost
27740,319,1,25,1,3,1,"131",Lost
14811,319,1,37,1,3,1,"131",Lost
21698,319,1,15,1,3,1,"131",Lost
27025,319,1,24,1,3,1,"131",Lost
23578,320,1,37,1,3,1,"131",Lost
28235,320,1,30,1,3,1,"131",Lost
16885,320,1,40,1,3,1,"131",Lost
16399,320,1,32,1,3,1,"131",Lost
14821,320,1,30,1,3,1,"131",Lost
15285,320,1,40,1,3,1,"131",Lost
11347,320,1,14,1,3,1,"131",Lost
26263,320,1,29,1,3,1,"131",Lost
25512,321,1,39,1,3,1,"131",Lost
24872,321,1,24,1,3,1,"131",Lost
26470,321,1,35,1,3,1,"131",Lost
15509,321,1,40,1,3,1,"131",Lost
14863,321,1,32,1,3,1,"131",Lost
11574,321,1,35,1,3,1,"131",Lost
22826,321,1,35,1,3,1,"131",Lost
14532,321,1,22,1,3,1,"131",Lost
12925,321,1,22,1,3,1,"131",Lost
14985,322,1,30,1,3,1,"131",Lost
18777,322,1,29,1,3,1,"131",Lost
23769,322,1,29,1,3,1,"131",Lost
29386,322,1,28,1,3,1,"131",Lost
26465,322,1,27,1,3,1,"131",Lost
24299,322,1,39,1,3,1,"131",Lost
22835,322,1,39,1,3,1,"131",Lost
23897,322,1,39,1,3,1,"131",Lost
19764,322,1,13,1,3,1,"131",Lost
22562,322,1,30,1,3,1,"131",Lost
24619,322,1,33,1,3,1,"131",Lost
14924,323,1,40,1,3,1,"131",Lost
20580,323,1,37,1,3,1,"131",Lost
27037,323,1,13,1,3,1,"131",Lost
22832,323,1,14,1,3,1,"131",Lost
11511,323,1,35,1,3,1,"131",Lost
20265,323,1,32,1,3,1,"131",Lost
13310,323,1,30,1,3,1,"131",Lost
19060,323,1,30,1,3,1,"131",Lost
28813,323,1,38,1,3,1,"131",Lost
25671,323,1,30,1,3,1,"131",Lost
15485,324,1,40,1,3,1,"131",Lost
22736,324,1,30,1,3,1,"131",Lost
21373,324,1,15,1,3,1,"131",Lost
21688,324,1,15,1,3,1,"131",Lost
15706,324,1,35,1,3,1,"131",Lost
17102,324,1,32,1,3,1,"131",Lost
23336,324,1,32,1,3,1,"131",Lost
22125,325,1,35,1,3,1,"131",Lost
13843,325,1,31,1,3,1,"131",Lost
23089,325,1,37,1,3,1,"131",Lost
24882,325,1,24,1,3,1,"131",Lost
27463,325,1,24,1,3,1,"131",Lost
26291,325,1,35,1,3,1,"131",Lost
17908,325,1,36,1,3,1,"131",Lost
28269,326,1,14,1,3,1,"131",Lost
22265,326,1,22,1,3,1,"131",Lost
25220,326,1,24,1,3,1,"131",Lost
19291,326,1,29,1,3,1,"131",Lost
19462,326,1,29,1,3,1,"131",Lost
14935,326,1,30,1,3,1,"131",Lost
23061,326,1,30,1,3,1,"131",Lost
23869,326,1,35,1,3,1,"131",Lost
24863,327,1,28,1,3,1,"131",Lost
21819,327,1,32,1,3,1,"131",Lost
24866,327,1,28,1,3,1,"131",Lost
21453,328,1,37,1,3,1,"131",Lost
13213,328,1,22,1,3,1,"131",Lost
14271,328,1,22,1,3,1,"131",Lost
18170,328,1,40,1,3,1,"131",Lost
12798,328,1,15,1,3,1,"131",Lost
19460,328,1,29,1,3,1,"131",Lost
23472,328,1,32,1,3,1,"131",Lost
21255,328,1,32,1,3,1,"131",Lost
24276,328,1,24,1,3,1,"131",Lost
22060,329,1,37,1,3,1,"131",Lost
20929,329,1,37,1,3,1,"131",Lost
22894,329,1,32,1,3,1,"131",Lost
23888,330,1,35,1,3,1,"131",Lost
21432,330,1,15,1,3,1,"131",Lost
23360,330,1,30,1,3,1,"131",Lost
27482,330,1,39,1,3,1,"131",Lost
27389,330,1,29,1,3,1,"131",Lost
22242,330,1,37,1,3,1,"131",Lost
24452,330,1,33,1,3,1,"131",Lost
20636,330,1,15,1,3,1,"131",Lost
13831,330,1,35,1,3,1,"131",Lost
15496,331,1,40,1,3,1,"131",Lost
11408,331,1,34,1,3,1,"131",Lost
17845,331,1,25,1,3,1,"131",Lost
29224,331,1,27,1,3,1,"131",Lost
22841,331,1,35,1,3,1,"131",Lost
12429,331,1,35,1,3,1,"131",Lost
20732,331,1,10,1,3,1,"131",Lost
16413,331,1,38,1,3,1,"131",Lost
20618,331,1,21,1,3,1,"131",Lost
15869,331,1,14,1,3,1,"131",Lost
22794,332,1,27,1,3,1,"131",Lost
25181,332,1,33,1,3,1,"131",Lost
20494,332,1,15,1,3,1,"131",Lost
27794,333,1,25,1,3,1,"131",Lost
27000,333,1,30,1,3,1,"131",Lost
28939,333,1,15,1,3,1,"131",Lost
25244,333,1,22,1,3,1,"131",Lost
24397,334,1,39,1,3,1,"131",Lost
25691,334,1,28,1,3,1,"131",Lost
15065,334,1,24,1,3,1,"131",Lost
23049,334,1,35,1,3,1,"131",Lost
22549,334,1,35,1,3,1,"131",Lost
23115,334,1,35,1,3,1,"131",Lost
23735,334,1,35,1,3,1,"131",Lost
26010,334,1,25,1,3,1,"131",Lost
26139,334,1,34,1,3,1,"131",Lost
26722,334,1,34,1,3,1,"131",Lost
22317,335,1,14,1,3,1,"131",Lost
18624,335,1,30,1,3,1,"131",Lost
15450,335,1,32,1,3,1,"131",Lost
12505,335,1,37,1,3,1,"131",Lost
19590,335,1,32,1,3,1,"131",Lost
28877,336,1,13,1,3,1,"131",Lost
27565,337,1,33,1,3,1,"131",Lost
17992,337,1,31,1,3,1,"131",Lost
19348,337,1,21,1,3,1,"131",Lost
15275,337,1,14,1,3,1,"131",Lost
21962,337,1,35,1,3,1,"131",Lost
13320,338,1,22,1,3,1,"131",Lost
28753,338,1,24,1,3,1,"131",Lost
18895,338,1,28,1,3,1,"131",Lost
16440,338,1,29,1,3,1,"131",Lost
23299,338,1,30,1,3,1,"131",Lost
28791,338,1,31,1,3,1,"131",Lost
12840,338,1,40,1,3,1,"131",Lost
18348,339,1,29,1,3,1,"131",Lost
28862,339,1,25,1,3,1,"131",Lost
23402,339,1,30,1,3,1,"131",Lost
23964,339,1,36,1,3,1,"131",Lost
17336,339,1,27,1,3,1,"131",Lost
19913,339,1,29,1,3,1,"131",Lost
24969,340,1,35,1,3,1,"131",Lost
23959,340,1,39,1,3,1,"131",Lost
20439,340,1,15,1,3,1,"131",Lost
25529,340,1,21,1,3,1,"131",Lost
13497,340,1,40,1,3,1,"131",Lost
27661,340,1,24,1,3,1,"131",Lost
23981,340,1,34,1,3,1,"131",Lost
22676,341,1,29,1,3,1,"131",Lost
29025,341,1,27,1,3,1,"131",Lost
27321,341,1,29,1,3,1,"131",Lost
24277,341,1,10,1,3,1,"131",Lost
18477,341,1,14,1,3,1,"131",Lost
21496,341,1,15,1,3,1,"131",Lost
23254,341,1,10,1,3,1,"131",Lost
26899,341,1,24,1,3,1,"131",Lost
20234,341,1,32,1,3,1,"131",Lost
16377,341,1,14,1,3,1,"131",Lost
27249,341,1,29,1,3,1,"131",Lost
28536,341,1,14,1,3,1,"131",Lost
16582,342,1,35,1,3,1,"131",Lost
14174,342,1,39,1,3,1,"131",Lost
28918,342,1,24,1,3,1,"131",Lost
12791,342,1,30,1,3,1,"131",Lost
26237,342,1,27,1,3,1,"131",Lost
14973,342,1,30,1,3,1,"131",Lost
25378,343,1,39,1,3,1,"131",Lost
28793,343,1,25,1,3,1,"131",Lost
15301,343,1,15,1,3,1,"131",Lost
26037,343,1,39,1,3,1,"131",Lost
16254,343,1,25,1,3,1,"131",Lost
17738,343,1,25,1,3,1,"131",Lost
23711,343,1,35,1,3,1,"131",Lost
21720,344,1,15,1,3,1,"131",Lost
13698,344,1,32,1,3,1,"131",Lost
18632,344,1,32,1,3,1,"131",Lost
24317,344,1,35,1,3,1,"131",Lost
17640,344,1,25,1,3,1,"131",Lost
28998,344,1,29,1,3,1,"131",Lost
18346,344,1,14,1,3,1,"131",Lost
19177,344,1,39,1,3,1,"131",Lost
23937,345,1,39,1,3,1,"131",Lost
20588,345,1,27,1,3,1,"131",Lost
26691,345,1,29,1,3,1,"131",Lost
21787,345,1,17,1,3,1,"131",Lost
29268,345,1,39,1,3,1,"131",Lost
25435,345,1,37,1,3,1,"131",Lost
15397,346,1,40,1,3,1,"131",Lost
21500,346,1,23,1,3,1,"131",Lost
29228,346,1,25,1,3,1,"131",Lost
27176,346,1,21,1,3,1,"131",Lost
19056,346,1,38,1,3,1,"131",Lost
26838,347,1,36,1,3,1,"131",Lost
24855,347,1,25,1,3,1,"131",Lost
23252,347,1,15,1,3,1,"131",Lost
18017,347,1,25,1,3,1,"131",Lost
29249,347,1,25,1,3,1,"131",Lost
23109,347,1,37,1,3,1,"131",Lost
16802,347,1,14,1,3,1,"131",Lost
12906,348,1,22,1,3,1,"131",Lost
21525,348,1,32,1,3,1,"131",Lost
23140,348,1,39,1,3,1,"131",Lost
23406,348,1,30,1,3,1,"131",Lost
19392,348,1,27,1,3,1,"131",Lost
24297,348,1,39,1,3,1,"131",Lost
23046,348,1,37,1,3,1,"131",Lost
25835,348,1,27,1,3,1,"131",Lost
15742,348,1,40,1,3,1,"131",Lost
23130,348,1,32,1,3,1,"131",Lost
17994,348,1,27,1,3,1,"131",Lost
20779,348,1,15,1,3,1,"131",Lost
27222,349,1,12,1,3,1,"131",Lost
21070,349,1,30,1,3,1,"131",Lost
13485,349,1,37,1,3,1,"131",Lost
29248,349,1,27,1,3,1,"131",Lost
26543,349,1,14,1,3,1,"131",Lost
25521,349,1,30,1,3,1,"131",Lost
16441,349,1,25,1,3,1,"131",Lost
16477,349,1,40,1,3,1,"131",Lost
25890,349,1,25,1,3,1,"131",Lost
21459,349,1,15,1,3,1,"131",Lost
28391,349,1,33,1,3,1,"131",Lost
26736,349,1,25,1,3,1,"131",Lost
23602,349,1,39,1,3,1,"131",Lost
16877,349,1,40,1,3,1,"131",Lost
14820,350,1,37,1,3,1,"131",Lost
21110,350,1,35,1,3,1,"131",Lost
19247,351,1,25,1,3,1,"131",Lost
13349,351,1,22,1,3,1,"131",Lost
15158,351,1,40,1,3,1,"131",Lost
23289,351,1,35,1,3,1,"131",Lost
26480,351,1,24,1,3,1,"131",Lost
26551,351,1,29,1,3,1,"131",Lost
16418,351,1,27,1,3,1,"131",Lost
28049,351,1,28,1,3,1,"131",Lost
12869,351,1,33,1,3,1,"131",Lost
27192,351,1,34,1,3,1,"131",Lost
24292,351,1,39,1,3,1,"131",Lost
21630,351,1,15,1,3,1,"131",Lost
14916,352,1,27,1,3,1,"131",Lost
23502,352,1,32,1,3,1,"131",Lost
14707,352,1,37,1,3,1,"131",Lost
20940,352,1,39,1,3,1,"131",Lost
21715,352,1,15,1,3,1,"131",Lost
26401,352,1,39,1,3,1,"131",Lost
14507,352,1,40,1,3,1,"131",Lost
16057,352,1,40,1,3,1,"131",Lost
19262,352,1,25,1,3,1,"131",Lost
25803,353,1,30,1,3,1,"131",Lost
27729,353,1,13,1,3,1,"131",Lost
21442,353,1,15,1,3,1,"131",Lost
22705,353,1,39,1,3,1,"131",Lost
26599,353,1,29,1,3,1,"131",Lost
25156,353,1,37,1,3,1,"131",Lost
26395,353,1,25,1,3,1,"131",Lost
28903,353,1,24,1,3,1,"131",Lost
13596,354,1,10,1,3,1,"131",Lost
22055,354,1,24,1,3,1,"131",Lost
11404,354,1,34,1,3,1,"131",Lost
20460,354,1,21,1,3,1,"131",Lost
13275,354,1,22,1,3,1,"131",Lost
27002,354,1,39,1,3,1,"131",Lost
24141,355,1,15,1,3,1,"131",Lost
17092,355,1,37,1,3,1,"131",Lost
22090,355,1,32,1,3,1,"131",Lost
13339,355,1,31,1,3,1,"131",Lost
22052,355,1,15,1,3,1,"131",Lost
15469,355,1,40,1,3,1,"131",Lost
15330,355,1,40,1,3,1,"131",Lost
16119,356,1,14,1,3,1,"131",Lost
21111,356,1,37,1,3,1,"131",Lost
25645,356,1,21,1,3,1,"131",Lost
26904,356,1,29,1,3,1,"131",Lost
24516,356,1,39,1,3,1,"131",Lost
28764,356,1,27,1,3,1,"131",Lost
26468,356,1,27,1,3,1,"131",Lost
25844,356,1,25,1,3,1,"131",Lost
24829,356,1,35,1,3,1,"131",Lost
29451,356,1,25,1,3,1,"131",Lost
20391,356,1,24,1,3,1,"131",Lost
22455,356,1,29,1,3,1,"131",Lost
23088,356,1,32,1,3,1,"131",Lost
12374,357,1,35,1,3,1,"131",Lost
22365,357,1,32,1,3,1,"131",Lost
19080,357,1,30,1,3,1,"131",Lost
24393,357,1,37,1,3,1,"131",Lost
14866,357,1,31,1,3,1,"131",Lost
17540,358,1,14,1,3,1,"131",Lost
14145,358,1,24,1,3,1,"131",Lost
21581,358,1,24,1,3,1,"131",Lost
28971,358,1,27,1,3,1,"131",Lost
23784,358,1,35,1,3,1,"131",Lost
25849,358,1,35,1,3,1,"131",Lost
14512,358,1,40,1,3,1,"131",Lost
11350,359,1,38,1,3,1,"131",Lost
22839,359,1,39,1,3,1,"131",Lost
28409,359,1,29,1,3,1,"131",Lost
21391,359,1,30,1,3,1,"131",Lost
22980,359,1,30,1,3,1,"131",Lost
11438,359,1,35,1,3,1,"131",Lost
24820,360,1,39,1,3,1,"131",Lost
24550,360,1,37,1,3,1,"131",Lost
22163,360,1,37,1,3,1,"131",Lost
22154,360,1,37,1,3,1,"131",Lost
26861,360,1,36,1,3,1,"131",Lost
26788,360,1,36,1,3,1,"131",Lost
26598,360,1,34,1,3,1,"131",Lost
23452,360,1,32,1,3,1,"131",Lost
27978,360,1,29,1,3,1,"131",Lost
21507,360,1,25,1,3,1,"131",Lost
29425,360,1,24,1,3,1,"131",Lost
28392,360,1,24,1,3,1,"131",Lost
23277,360,1,23,1,3,1,"131",Lost
17447,360,1,14,1,3,1,"131",Lost
28730,361,1,24,1,3,1,"131",Lost
17506,361,1,13,1,3,1,"131",Lost
16209,361,1,31,1,3,1,"131",Lost
24989,361,1,37,1,3,1,"131",Lost
15257,361,1,40,1,3,1,"131",Lost
14761,361,1,40,1,3,1,"131",Lost
18110,361,1,13,1,3,1,"131",Lost
15430,361,1,40,1,3,1,"131",Lost
16814,361,1,40,1,3,1,"131",Lost
24746,361,1,14,1,3,1,"131",Lost
26278,361,1,30,1,3,1,"131",Lost
15821,361,1,31,1,3,1,"131",Lost
23785,361,1,37,1,3,1,"131",Lost
26195,362,1,27,1,3,1,"131",Lost
26989,362,1,25,1,3,1,"131",Lost
26489,362,1,25,1,3,1,"131",Lost
19346,362,1,21,1,3,1,"131",Lost
13663,362,1,15,1,3,1,"131",Lost
16953,362,1,14,1,3,1,"131",Lost
21840,362,1,31,1,3,1,"131",Lost
12724,363,1,15,1,3,1,"131",Lost
25045,363,1,39,1,3,1,"131",Lost
23690,363,1,39,1,3,1,"131",Lost
24486,363,1,37,1,3,1,"131",Lost
28908,363,1,33,1,3,1,"131",Lost
20453,363,1,21,1,3,1,"131",Lost
20237,363,1,21,1,3,1,"131",Lost
20681,363,1,10,1,3,1,"131",Lost
27624,363,1,29,1,3,1,"131",Lost
23466,364,1,30,1,3,1,"131",Lost
25337,364,1,30,1,3,1,"131",Lost
26199,364,1,25,1,3,1,"131",Lost
24494,364,1,10,1,3,1,"131",Lost
13234,364,1,37,1,3,1,"131",Lost
27066,365,1,34,1,3,1,"131",Lost
27942,365,1,29,1,3,1,"131",Lost
21176,365,1,35,1,3,1,"131",Lost
13574,365,1,40,1,3,1,"131",Lost
17882,365,1,32,1,3,1,"131",Lost
25799,365,1,14,1,3,1,"131",Lost
26584,366,1,34,1,3,1,"131",Lost
24839,366,1,33,1,3,1,"131",Lost
28237,366,1,33,1,3,1,"131",Lost
24741,366,1,33,1,3,1,"131",Lost
20537,366,1,24,1,3,1,"131",Lost
29393,366,1,24,1,3,1,"131",Lost
29307,366,1,15,1,3,1,"131",Lost
23962,367,1,29,1,3,1,"131",Lost
23941,367,1,39,1,3,1,"131",Lost
24994,367,1,35,1,3,1,"131",Lost
24940,367,1,35,1,3,1,"131",Lost
23556,367,1,30,1,3,1,"131",Lost
24293,367,1,35,1,3,1,"131",Lost
16972,293,1,1755,1,2,4,"124",Lost
16811,337,1,1701,1,2,4,"124",Lost
24103,347,1,1755,1,2,4,"124",Lost
29397,540,1,2049,1,2,4,"124",Lost
20666,336,1,1715,1,2,4,"124",Lost
16812,348,1,1736,1,2,4,"124",Lost
28712,293,1,2393,1,2,4,"124",Lost
26873,348,1,1250,1,2,4,"124",Lost
11647,349,1,2366,1,2,4,"124",Lost
25148,336,1,1250,1,2,4,"124",Lost
29114,292,1,2384,1,2,4,"124",Lost
11523,349,1,2377,1,2,4,"124",Lost
28323,350,1,2384,1,2,4,"124",Lost
16897,335,1,1764,1,2,4,"124",Lost
23758,350,1,1755,1,2,4,"124",Lost
25097,351,1,1269,1,2,4,"124",Lost
29183,292,1,2393,1,2,4,"124",Lost
27056,540,1,2071,1,2,4,"124",Lost
25305,292,1,1726,1,2,4,"124",Lost
29293,291,1,2384,1,2,4,"124",Lost
24819,291,1,2393,1,2,4,"124",Lost
24976,759,1,2182,1,2,4,"124",Lost
19402,354,1,1254,1,2,4,"124",Lost
11618,355,1,2370,1,2,4,"124",Lost
11016,355,1,2332,1,2,4,"124",Lost
27064,548,1,2071,1,2,4,"124",Lost
26731,549,1,2049,1,2,4,"124",Lost
29380,554,1,2071,1,2,4,"124",Lost
29364,556,1,2049,1,2,4,"124",Lost
26726,559,1,2071,1,2,4,"124",Lost
16888,356,1,1755,1,2,4,"124",Lost
25046,759,1,2182,1,2,4,"124",Lost
27054,548,1,2071,1,2,4,"124",Lost
26724,560,1,2049,1,2,4,"124",Lost
26725,561,1,2049,1,2,4,"124",Lost
26710,563,1,2071,1,2,4,"124",Lost
26735,565,1,2071,1,2,4,"124",Lost
24781,757,1,2182,1,2,4,"124",Lost
26814,566,1,2049,1,2,4,"124",Lost
26734,567,1,2049,1,2,4,"124",Lost
26811,568,1,2071,1,2,4,"124",Lost
26711,568,1,2049,1,2,4,"124",Lost
26801,569,1,2049,1,2,4,"124",Lost
26805,571,1,2071,1,2,4,"124",Lost
26786,571,1,2071,1,2,4,"124",Lost
29361,572,1,2071,1,2,4,"124",Lost
26717,572,1,2071,1,2,4,"124",Lost
26049,577,1,2182,1,2,4,"124",Lost
28736,581,1,2071,1,2,4,"124",Lost
26815,547,1,2049,1,2,4,"124",Lost
25999,584,1,2182,1,2,4,"124",Lost
28749,587,1,2049,1,2,4,"124",Lost
28728,592,1,2049,1,2,4,"124",Lost
28739,593,1,2049,1,2,4,"124",Lost
26127,755,1,2049,1,2,4,"124",Lost
16886,360,1,1730,1,2,4,"124",Lost
28727,612,1,2071,1,2,4,"124",Lost
29415,546,1,2049,1,2,4,"124",Lost
27020,545,1,2071,1,2,4,"124",Lost
28690,642,1,2049,1,2,4,"124",Lost
29154,645,1,2182,1,2,4,"124",Lost
24780,329,1,2384,1,2,4,"124",Lost
24529,360,1,2398,1,2,4,"124",Lost
28719,360,1,2384,1,2,4,"124",Lost
29431,329,1,1250,1,2,4,"124",Lost
26174,753,1,2071,1,2,4,"124",Lost
28724,647,1,2049,1,2,4,"124",Lost
29336,648,1,2182,1,2,4,"124",Lost
28689,651,1,2049,1,2,4,"124",Lost
26481,651,1,2071,1,2,4,"124",Lost
28707,656,1,2071,1,2,4,"124",Lost
26249,752,1,2071,1,2,4,"124",Lost
28708,663,1,2071,1,2,4,"124",Lost
28711,666,1,2071,1,2,4,"124",Lost
11526,361,1,2377,1,2,4,"124",Lost
24977,750,1,2182,1,2,4,"124",Lost
16894,329,1,1764,1,2,4,"124",Lost
24674,329,1,2384,1,2,4,"124",Lost
25911,672,1,2182,1,2,4,"124",Lost
29152,683,1,2182,1,2,4,"124",Lost
28683,688,1,2049,1,2,4,"124",Lost
28559,691,1,2049,1,2,4,"124",Lost
22693,362,1,1755,1,2,4,"124",Lost
28560,698,1,2071,1,2,4,"124",Lost
25093,747,1,2182,1,2,4,"124",Lost
28685,699,1,2049,1,2,4,"124",Lost
28510,746,1,2071,1,2,4,"124",Lost
24824,746,1,2182,1,2,4,"124",Lost
28529,704,1,2049,1,2,4,"124",Lost
29135,708,1,2182,1,2,4,"124",Lost
28519,709,1,2049,1,2,4,"124",Lost
27058,543,1,2049,1,2,4,"124",Lost
28512,709,1,2049,1,2,4,"124",Lost
29013,709,1,2182,1,2,4,"124",Lost
28540,713,1,2049,1,2,4,"124",Lost
25371,716,1,2182,1,2,4,"124",Lost
28818,718,1,2182,1,2,4,"124",Lost
16889,326,1,1730,1,2,4,"124",Lost
28848,719,1,2182,1,2,4,"124",Lost
28837,721,1,2182,1,2,4,"124",Lost
28547,722,1,2049,1,2,4,"124",Lost
27078,544,1,2071,1,2,4,"124",Lost
28832,726,1,2182,1,2,4,"124",Lost
28541,727,1,2049,1,2,4,"124",Lost
28819,727,1,2182,1,2,4,"124",Lost
24817,744,1,2182,1,2,4,"124",Lost
28532,729,1,2071,1,2,4,"124",Lost
29404,543,1,2049,1,2,4,"124",Lost
19550,326,1,1269,1,2,4,"124",Lost
28669,738,1,2182,1,2,4,"124",Lost
11693,367,1,2295,1,2,4,"124",Lost
28311,367,1,2393,1,2,4,"124",Lost
27874,325,1,1288,1,2,4,"124",Lost
24832,734,1,2182,1,2,4,"124",Lost
26183,737,1,2071,1,2,4,"124",Lost
27875,325,1,1269,1,2,4,"124",Lost
22686,325,1,1243,1,2,4,"124",Lost
24102,370,1,1779,1,2,4,"124",Lost
11145,370,1,2310,1,2,4,"124",Lost
11064,370,1,2305,1,2,4,"124",Lost
28206,371,1,2398,1,2,4,"124",Lost
24711,323,1,1751,1,2,4,"124",Lost
11021,372,1,2372,1,2,4,"124",Lost
16799,372,1,1701,1,2,4,"124",Lost
24420,372,1,2393,1,2,4,"124",Lost
24710,323,1,1732,1,2,4,"124",Lost
24404,373,1,2384,1,2,4,"124",Lost
11036,373,1,2355,1,2,4,"124",Lost
25087,373,1,1250,1,2,4,"124",Lost
25199,323,1,1250,1,2,4,"124",Lost
11022,375,1,2322,1,2,4,"124",Lost
11037,375,1,2374,1,2,4,"124",Lost
16890,322,1,1808,1,2,4,"124",Lost
24345,322,1,2398,1,2,4,"124",Lost
24414,375,1,2398,1,2,4,"124",Lost
11158,376,1,2396,1,2,4,"124",Lost
28923,321,1,2393,1,2,4,"124",Lost
16792,378,1,1736,1,2,4,"124",Lost
11053,378,1,2330,1,2,4,"124",Lost
16896,320,1,1715,1,2,4,"124",Lost
25366,320,1,1244,1,2,4,"124",Lost
16798,379,1,1765,1,2,4,"124",Lost
26862,379,1,1250,1,2,4,"124",Lost
16804,380,1,1728,1,2,4,"124",Lost
16805,380,1,1769,1,2,4,"124",Lost
16794,380,1,1786,1,2,4,"124",Lost
28694,380,1,2393,1,2,4,"124",Lost
16803,381,1,1760,1,2,4,"124",Lost
16807,381,1,1728,1,2,4,"124",Lost
11041,381,1,2380,1,2,4,"124",Lost
26831,382,1,1265,1,2,4,"124",Lost
25088,382,1,1250,1,2,4,"124",Lost
11063,383,1,2373,1,2,4,"124",Lost
11316,383,1,2350,1,2,4,"124",Lost
11888,318,1,2377,1,2,4,"124",Lost
25204,318,1,1250,1,2,4,"124",Lost
12765,318,1,1751,1,2,4,"124",Lost
20664,318,1,1765,1,2,4,"124",Lost
11154,385,1,2320,1,2,4,"124",Lost
11152,386,1,2295,1,2,4,"124",Lost
11156,387,1,2390,1,2,4,"124",Lost
16797,387,1,1732,1,2,4,"124",Lost
24434,387,1,2398,1,2,4,"124",Lost
16895,317,1,1760,1,2,4,"124",Lost
24110,317,1,2393,1,2,4,"124",Lost
29256,317,1,2393,1,2,4,"124",Lost
25092,388,1,1258,1,2,4,"124",Lost
11062,388,1,2352,1,2,4,"124",Lost
16793,388,1,1789,1,2,4,"124",Lost
24403,389,1,2393,1,2,4,"124",Lost
26930,316,1,1264,1,2,4,"124",Lost
12017,316,1,2340,1,2,4,"124",Lost
11155,389,1,2320,1,2,4,"124",Lost
28203,390,1,2384,1,2,4,"124",Lost
11136,392,1,2380,1,2,4,"124",Lost
11265,392,1,2352,1,2,4,"124",Lost
25198,315,1,1250,1,2,4,"124",Lost
28136,393,1,2384,1,2,4,"124",Lost
23763,315,1,1736,1,2,4,"124",Lost
25618,394,1,2398,1,2,4,"124",Lost
26826,396,1,1238,1,2,4,"124",Lost
25086,396,1,1308,1,2,4,"124",Lost
26864,397,1,1269,1,2,4,"124",Lost
11020,397,1,2317,1,2,4,"124",Lost
20662,398,1,1751,1,2,4,"124",Lost
29751,398,1,1345,1,2,4,"124",Lost
27873,398,1,1250,1,2,4,"124",Lost
24339,398,1,2384,1,2,4,"124",Lost
27556,400,1,2049,1,2,4,"124",Lost
27559,402,1,2049,1,2,4,"124",Lost
27524,403,1,2049,1,2,4,"124",Lost
27546,405,1,2049,1,2,4,"124",Lost
27467,406,1,2049,1,2,4,"124",Lost
27523,407,1,2049,1,2,4,"124",Lost
27544,407,1,2071,1,2,4,"124",Lost
27554,410,1,2071,1,2,4,"124",Lost
27468,410,1,2071,1,2,4,"124",Lost
27508,412,1,2071,1,2,4,"124",Lost
27531,414,1,2071,1,2,4,"124",Lost
27576,415,1,2071,1,2,4,"124",Lost
27555,416,1,2049,1,2,4,"124",Lost
27552,419,1,2071,1,2,4,"124",Lost
27504,419,1,2071,1,2,4,"124",Lost
27534,419,1,2071,1,2,4,"124",Lost
27551,420,1,2049,1,2,4,"124",Lost
27558,420,1,2049,1,2,4,"124",Lost
27535,421,1,2049,1,2,4,"124",Lost
27547,423,1,2071,1,2,4,"124",Lost
27575,426,1,2071,1,2,4,"124",Lost
27553,427,1,2049,1,2,4,"124",Lost
16920,312,1,1701,1,2,4,"124",Lost
27549,428,1,2071,1,2,4,"124",Lost
30099,428,1,1296,1,2,4,"124",Lost
27275,429,1,2049,1,2,4,"124",Lost
27277,431,1,2071,1,2,4,"124",Lost
27431,431,1,2049,1,2,4,"124",Lost
26279,432,1,2182,1,2,4,"124",Lost
27271,433,1,2071,1,2,4,"124",Lost
27416,433,1,2049,1,2,4,"124",Lost
27262,434,1,2049,1,2,4,"124",Lost
27276,434,1,2049,1,2,4,"124",Lost
27286,436,1,2071,1,2,4,"124",Lost
27424,436,1,2049,1,2,4,"124",Lost
27448,437,1,2071,1,2,4,"124",Lost
27261,438,1,2049,1,2,4,"124",Lost
27264,440,1,2071,1,2,4,"124",Lost
27423,441,1,2071,1,2,4,"124",Lost
27269,446,1,2049,1,2,4,"124",Lost
27272,448,1,2049,1,2,4,"124",Lost
27421,451,1,2049,1,2,4,"124",Lost
27268,452,1,2049,1,2,4,"124",Lost
27266,454,1,2071,1,2,4,"124",Lost
27258,454,1,2071,1,2,4,"124",Lost
27260,455,1,2049,1,2,4,"124",Lost
27263,456,1,2049,1,2,4,"124",Lost
27292,456,1,2049,1,2,4,"124",Lost
27405,457,1,2071,1,2,4,"124",Lost
27289,458,1,2071,1,2,4,"124",Lost
27425,458,1,2049,1,2,4,"124",Lost
26310,458,1,2182,1,2,4,"124",Lost
24210,311,1,1730,1,2,4,"124",Lost
28940,311,1,2393,1,2,4,"124",Lost
27257,460,1,2071,1,2,4,"124",Lost
27205,464,1,2049,1,2,4,"124",Lost
27227,465,1,2071,1,2,4,"124",Lost
27256,466,1,2071,1,2,4,"124",Lost
27235,466,1,2049,1,2,4,"124",Lost
27254,467,1,2049,1,2,4,"124",Lost
27239,471,1,2071,1,2,4,"124",Lost
27206,474,1,2071,1,2,4,"124",Lost
27212,475,1,2071,1,2,4,"124",Lost
27234,476,1,2071,1,2,4,"124",Lost
27255,477,1,2049,1,2,4,"124",Lost
26235,477,1,2182,1,2,4,"124",Lost
27232,477,1,2049,1,2,4,"124",Lost
27228,478,1,2071,1,2,4,"124",Lost
27211,479,1,2071,1,2,4,"124",Lost
27240,479,1,2049,1,2,4,"124",Lost
27226,482,1,2049,1,2,4,"124",Lost
27231,483,1,2049,1,2,4,"124",Lost
27251,485,1,2049,1,2,4,"124",Lost
27193,488,1,2049,1,2,4,"124",Lost
16898,310,1,1751,1,2,4,"124",Lost
25281,310,1,1250,1,2,4,"124",Lost
27089,490,1,2049,1,2,4,"124",Lost
27090,493,1,2049,1,2,4,"124",Lost
23780,308,1,1751,1,2,4,"124",Lost
27091,495,1,2071,1,2,4,"124",Lost
27094,496,1,2071,1,2,4,"124",Lost
29482,499,1,2049,1,2,4,"124",Lost
25384,306,1,1250,1,2,4,"124",Lost
29450,501,1,2049,1,2,4,"124",Lost
25382,306,1,1284,1,2,4,"124",Lost
27086,501,1,2049,1,2,4,"124",Lost
29179,306,1,2393,1,2,4,"124",Lost
27095,503,1,2049,1,2,4,"124",Lost
27108,506,1,2071,1,2,4,"124",Lost
27081,507,1,2049,1,2,4,"124",Lost
12080,305,1,2355,1,2,4,"124",Lost
16976,305,1,1786,1,2,4,"124",Lost
27080,508,1,2071,1,2,4,"124",Lost
29102,304,1,2384,1,2,4,"124",Lost
29483,508,1,2049,1,2,4,"124",Lost
27079,509,1,2071,1,2,4,"124",Lost
25385,303,1,1250,1,2,4,"124",Lost
11040,302,1,2351,1,2,4,"124",Lost
24784,302,1,2393,1,2,4,"124",Lost
27083,509,1,2049,1,2,4,"124",Lost
27088,513,1,2071,1,2,4,"124",Lost
16951,302,1,1736,1,2,4,"124",Lost
25368,301,1,1284,1,2,4,"124",Lost
29479,513,1,2049,1,2,4,"124",Lost
27087,519,1,2071,1,2,4,"124",Lost
27044,521,1,2049,1,2,4,"124",Lost
27021,525,1,2071,1,2,4,"124",Lost
24804,300,1,2384,1,2,4,"124",Lost
29433,300,1,1289,1,2,4,"124",Lost
27067,528,1,2049,1,2,4,"124",Lost
27051,528,1,2049,1,2,4,"124",Lost
29414,528,1,2071,1,2,4,"124",Lost
24351,299,1,2393,1,2,4,"124",Lost
27047,529,1,2049,1,2,4,"124",Lost
23939,299,1,1710,1,2,4,"124",Lost
24718,298,1,1751,1,2,4,"124",Lost
29292,298,1,2393,1,2,4,"124",Lost
27076,530,1,2071,1,2,4,"124",Lost
27069,530,1,2049,1,2,4,"124",Lost
27045,531,1,2049,1,2,4,"124",Lost
29432,298,1,1307,1,2,4,"124",Lost
13102,297,1,2387,1,2,4,"124",Lost
27068,532,1,2049,1,2,4,"124",Lost
16974,296,1,1730,1,2,4,"124",Lost
16925,296,1,1765,1,2,4,"124",Lost
25099,341,1,1250,1,2,4,"124",Lost
11132,296,1,2372,1,2,4,"124",Lost
16878,341,1,1736,1,2,4,"124",Lost
24340,340,1,2393,1,2,4,"124",Lost
28208,341,1,2398,1,2,4,"124",Lost
20663,342,1,1751,1,2,4,"124",Lost
25098,342,1,1251,1,2,4,"124",Lost
11160,343,1,2322,1,2,4,"124",Lost
27063,534,1,2071,1,2,4,"124",Lost
26884,339,1,1274,1,2,4,"124",Lost
16887,344,1,1770,1,2,4,"124",Lost
27880,294,1,2393,1,2,4,"124",Lost
16879,338,1,1728,1,2,4,"124",Lost
20667,294,1,1776,1,2,4,"124",Lost
16956,294,1,1701,1,2,4,"124",Lost
27050,537,1,2071,1,2,4,"124",Lost
16763,294,1,1701,1,2,4,"124",Lost
11162,346,1,2330,1,2,4,"124",Lost
27077,537,1,2071,1,2,4,"124",Lost
24206,347,1,1755,1,2,4,"124",Lost
16970,293,1,1755,1,2,4,"124",Lost
18583,356,1,120,1,2,3,"123",Lost
18641,299,1,1120,1,2,3,"123",Lost
25626,357,1,549,1,2,3,"123",Lost
28301,357,1,161,1,2,3,"123",Lost
22288,357,1,561,1,2,3,"123",Lost
25612,357,1,575,1,2,3,"123",Lost
21748,332,1,600,1,2,3,"123",Lost
23750,357,1,1155,1,2,3,"123",Lost
25741,332,1,568,1,2,3,"123",Lost
25757,299,1,629,1,2,3,"123",Lost
22477,332,1,575,1,2,3,"123",Lost
19534,357,1,1179,1,2,3,"123",Lost
26224,332,1,777,1,2,3,"123",Lost
24447,331,1,751,1,2,3,"123",Lost
20944,358,1,226,1,2,3,"123",Lost
22301,358,1,540,1,2,3,"123",Lost
22289,358,1,561,1,2,3,"123",Lost
19111,299,1,610,1,2,3,"123",Lost
27252,582,1,783,1,2,3,"123",Lost
27253,582,1,783,1,2,3,"123",Lost
27242,585,1,783,1,2,3,"123",Lost
19993,299,1,1184,1,2,3,"123",Lost
22671,331,1,1155,1,2,3,"123",Lost
23695,358,1,151,1,2,3,"123",Lost
27259,591,1,783,1,2,3,"123",Lost
21021,359,1,629,1,2,3,"123",Lost
25726,331,1,663,1,2,3,"123",Lost
26504,595,1,1000,1,2,3,"123",Lost
26512,603,1,1000,1,2,3,"123",Lost
21602,359,1,549,1,2,3,"123",Lost
18591,330,1,120,1,2,3,"123",Lost
27265,606,1,783,1,2,3,"123",Lost
22043,299,1,589,1,2,3,"123",Lost
28241,330,1,130,1,2,3,"123",Lost
26503,606,1,1000,1,2,3,"123",Lost
29934,610,1,202,1,2,3,"123",Lost
23232,299,1,1120,1,2,3,"123",Lost
27102,613,1,783,1,2,3,"123",Lost
27368,330,1,133,1,2,3,"123",Lost
27101,614,1,783,1,2,3,"123",Lost
27085,614,1,783,1,2,3,"123",Lost
26496,614,1,1000,1,2,3,"123",Lost
21609,360,1,554,1,2,3,"123",Lost
27099,614,1,783,1,2,3,"123",Lost
26482,620,1,1000,1,2,3,"123",Lost
13508,360,1,129,1,2,3,"123",Lost
30016,640,1,1229,1,2,3,"123",Lost
22544,360,1,127,1,2,3,"123",Lost
27772,329,1,123,1,2,3,"123",Lost
21041,360,1,590,1,2,3,"123",Lost
21059,360,1,617,1,2,3,"123",Lost
25752,360,1,756,1,2,3,"123",Lost
15356,329,1,120,1,2,3,"123",Lost
22372,329,1,575,1,2,3,"123",Lost
23752,299,1,1164,1,2,3,"123",Lost
17379,329,1,125,1,2,3,"123",Lost
27082,648,1,783,1,2,3,"123",Lost
21649,346,1,554,1,2,3,"123",Lost
25732,329,1,639,1,2,3,"123",Lost
28108,329,1,751,1,2,3,"123",Lost
21603,361,1,568,1,2,3,"123",Lost
29862,671,1,184,1,2,3,"123",Lost
27084,671,1,783,1,2,3,"123",Lost
18962,361,1,567,1,2,3,"123",Lost
26400,329,1,133,1,2,3,"123",Lost
19168,361,1,120,1,2,3,"123",Lost
22276,362,1,599,1,2,3,"123",Lost
27062,674,1,783,1,2,3,"123",Lost
27060,676,1,783,1,2,3,"123",Lost
27800,362,1,1120,1,2,3,"123",Lost
27053,686,1,783,1,2,3,"123",Lost
15881,328,1,565,1,2,3,"123",Lost
26789,908,1,699,1,2,3,"123",Lost
23224,362,1,1183,1,2,3,"123",Lost
27071,694,1,783,1,2,3,"123",Lost
13872,363,1,181,1,2,3,"123",Lost
18584,328,1,124,1,2,3,"123",Lost
14961,298,1,151,1,2,3,"123",Lost
25728,328,1,575,1,2,3,"123",Lost
23954,297,1,1178,1,2,3,"123",Lost
19023,328,1,580,1,2,3,"123",Lost
27525,328,1,183,1,2,3,"123",Lost
23632,297,1,163,1,2,3,"123",Lost
15900,328,1,700,1,2,3,"123",Lost
25146,364,1,1224,1,2,3,"123",Lost
19532,364,1,1205,1,2,3,"123",Lost
19538,328,1,1155,1,2,3,"123",Lost
18960,364,1,619,1,2,3,"123",Lost
25749,364,1,742,1,2,3,"123",Lost
22089,297,1,554,1,2,3,"123",Lost
26316,714,1,1000,1,2,3,"123",Lost
18570,327,1,1174,1,2,3,"123",Lost
22745,327,1,589,1,2,3,"123",Lost
25532,327,1,1224,1,2,3,"123",Lost
16354,327,1,575,1,2,3,"123",Lost
19403,365,1,1155,1,2,3,"123",Lost
27965,327,1,565,1,2,3,"123",Lost
27043,716,1,783,1,2,3,"123",Lost
19545,327,1,1179,1,2,3,"123",Lost
28115,327,1,563,1,2,3,"123",Lost
14108,297,1,839,1,2,3,"123",Lost
19985,297,1,1174,1,2,3,"123",Lost
24695,326,1,166,1,2,3,"123",Lost
22282,365,1,575,1,2,3,"123",Lost
28880,297,1,638,1,2,3,"123",Lost
21766,326,1,540,1,2,3,"123",Lost
18364,326,1,125,1,2,3,"123",Lost
28086,297,1,166,1,2,3,"123",Lost
27027,725,1,783,1,2,3,"123",Lost
28117,297,1,565,1,2,3,"123",Lost
15774,297,1,125,1,2,3,"123",Lost
20290,296,1,124,1,2,3,"123",Lost
21651,326,1,609,1,2,3,"123",Lost
27792,326,1,751,1,2,3,"123",Lost
21610,337,1,549,1,2,3,"123",Lost
19679,326,1,1155,1,2,3,"123",Lost
19344,367,1,186,1,2,3,"123",Lost
29860,367,1,200,1,2,3,"123",Lost
29790,367,1,200,1,2,3,"123",Lost
22695,326,1,1174,1,2,3,"123",Lost
19413,367,1,1145,1,2,3,"123",Lost
22048,296,1,549,1,2,3,"123",Lost
20120,296,1,120,1,2,3,"123",Lost
27688,367,1,166,1,2,3,"123",Lost
30077,732,1,165,1,2,3,"123",Lost
13571,367,1,144,1,2,3,"123",Lost
23751,325,1,1155,1,2,3,"123",Lost
22878,296,1,554,1,2,3,"123",Lost
22330,367,1,609,1,2,3,"123",Lost
22284,367,1,600,1,2,3,"123",Lost
25642,340,1,584,1,2,3,"123",Lost
19201,368,1,1120,1,2,3,"123",Lost
21013,368,1,549,1,2,3,"123",Lost
26825,368,1,1229,1,2,3,"123",Lost
21611,340,1,617,1,2,3,"123",Lost
22398,369,1,540,1,2,3,"123",Lost
19218,325,1,133,1,2,3,"123",Lost
22335,325,1,578,1,2,3,"123",Lost
21915,325,1,570,1,2,3,"123",Lost
27393,324,1,124,1,2,3,"123",Lost
19539,324,1,1120,1,2,3,"123",Lost
19548,324,1,1183,1,2,3,"123",Lost
28110,324,1,845,1,2,3,"123",Lost
21576,370,1,549,1,2,3,"123",Lost
19169,370,1,1170,1,2,3,"123",Lost
21795,324,1,613,1,2,3,"123",Lost
19199,371,1,1134,1,2,3,"123",Lost
18957,371,1,589,1,2,3,"123",Lost
20714,324,1,188,1,2,3,"123",Lost
18109,341,1,123,1,2,3,"123",Lost
19211,371,1,1120,1,2,3,"123",Lost
28109,324,1,779,1,2,3,"123",Lost
25748,324,1,540,1,2,3,"123",Lost
22441,372,1,598,1,2,3,"123",Lost
26986,323,1,1155,1,2,3,"123",Lost
22334,341,1,549,1,2,3,"123",Lost
21466,372,1,556,1,2,3,"123",Lost
19533,347,1,1155,1,2,3,"123",Lost
27904,340,1,157,1,2,3,"123",Lost
25608,373,1,540,1,2,3,"123",Lost
29401,373,1,1224,1,2,3,"123",Lost
21062,323,1,564,1,2,3,"123",Lost
19670,323,1,1134,1,2,3,"123",Lost
22262,373,1,540,1,2,3,"123",Lost
25203,323,1,1224,1,2,3,"123",Lost
25485,323,1,1224,1,2,3,"123",Lost
22274,374,1,575,1,2,3,"123",Lost
16015,374,1,575,1,2,3,"123",Lost
21909,323,1,564,1,2,3,"123",Lost
27744,374,1,644,1,2,3,"123",Lost
19240,374,1,1155,1,2,3,"123",Lost
27325,323,1,201,1,2,3,"123",Lost
22728,340,1,150,1,2,3,"123",Lost
25747,322,1,540,1,2,3,"123",Lost
27765,375,1,742,1,2,3,"123",Lost
21448,375,1,564,1,2,3,"123",Lost
21072,322,1,540,1,2,3,"123",Lost
19682,322,1,1155,1,2,3,"123",Lost
22459,375,1,540,1,2,3,"123",Lost
25085,375,1,1229,1,2,3,"123",Lost
22669,376,1,1120,1,2,3,"123",Lost
22469,321,1,564,1,2,3,"123",Lost
21597,376,1,561,1,2,3,"123",Lost
19717,321,1,1137,1,2,3,"123",Lost
19160,376,1,1183,1,2,3,"123",Lost
22630,376,1,1164,1,2,3,"123",Lost
19213,376,1,1155,1,2,3,"123",Lost
22614,377,1,1155,1,2,3,"123",Lost
28460,321,1,120,1,2,3,"123",Lost
20977,377,1,575,1,2,3,"123",Lost
27814,320,1,183,1,2,3,"123",Lost
14078,377,1,839,1,2,3,"123",Lost
20279,320,1,144,1,2,3,"123",Lost
21470,377,1,563,1,2,3,"123",Lost
21654,320,1,604,1,2,3,"123",Lost
27799,377,1,1174,1,2,3,"123",Lost
29332,320,1,165,1,2,3,"123",Lost
22273,378,1,575,1,2,3,"123",Lost
26211,295,1,565,1,2,3,"123",Lost
27143,320,1,1169,1,2,3,"123",Lost
21024,347,1,563,1,2,3,"123",Lost
22393,378,1,589,1,2,3,"123",Lost
21487,379,1,549,1,2,3,"123",Lost
15880,320,1,133,1,2,3,"123",Lost
22329,340,1,575,1,2,3,"123",Lost
25646,347,1,540,1,2,3,"123",Lost
21014,379,1,608,1,2,3,"123",Lost
19170,379,1,1152,1,2,3,"123",Lost
19198,379,1,1155,1,2,3,"123",Lost
22668,379,1,1174,1,2,3,"123",Lost
25383,295,1,1229,1,2,3,"123",Lost
21903,319,1,549,1,2,3,"123",Lost
19202,380,1,1170,1,2,3,"123",Lost
22436,380,1,608,1,2,3,"123",Lost
16295,319,1,138,1,2,3,"123",Lost
21300,381,1,1120,1,2,3,"123",Lost
23132,319,1,160,1,2,3,"123",Lost
19159,382,1,1120,1,2,3,"123",Lost
25605,382,1,600,1,2,3,"123",Lost
22254,382,1,554,1,2,3,"123",Lost
18602,295,1,120,1,2,3,"123",Lost
19212,383,1,1174,1,2,3,"123",Lost
21017,383,1,578,1,2,3,"123",Lost
16218,383,1,575,1,2,3,"123",Lost
23688,383,1,1215,1,2,3,"123",Lost
21488,383,1,639,1,2,3,"123",Lost
19171,384,1,1174,1,2,3,"123",Lost
19021,318,1,615,1,2,3,"123",Lost
13148,318,1,1137,1,2,3,"123",Lost
27128,342,1,1155,1,2,3,"123",Lost
15549,384,1,575,1,2,3,"123",Lost
18521,318,1,120,1,2,3,"123",Lost
21465,385,1,575,1,2,3,"123",Lost
22613,385,1,1183,1,2,3,"123",Lost
19395,340,1,1155,1,2,3,"123",Lost
21469,385,1,589,1,2,3,"123",Lost
21438,385,1,561,1,2,3,"123",Lost
22042,318,1,540,1,2,3,"123",Lost
16059,318,1,147,1,2,3,"123",Lost
19549,318,1,1183,1,2,3,"123",Lost
14107,317,1,819,1,2,3,"123",Lost
25611,386,1,564,1,2,3,"123",Lost
25722,386,1,777,1,2,3,"123",Lost
19547,317,1,1180,1,2,3,"123",Lost
25339,317,1,1224,1,2,3,"123",Lost
22259,387,1,563,1,2,3,"123",Lost
22478,317,1,554,1,2,3,"123",Lost
26995,387,1,1145,1,2,3,"123",Lost
22414,387,1,575,1,2,3,"123",Lost
21608,342,1,575,1,2,3,"123",Lost
22092,293,1,564,1,2,3,"123",Lost
18973,342,1,567,1,2,3,"123",Lost
16777,340,1,125,1,2,3,"123",Lost
22260,388,1,564,1,2,3,"123",Lost
22415,388,1,615,1,2,3,"123",Lost
19393,388,1,1134,1,2,3,"123",Lost
25739,317,1,540,1,2,3,"123",Lost
19743,295,1,1195,1,2,3,"123",Lost
12907,317,1,142,1,2,3,"123",Lost
22643,342,1,1120,1,2,3,"123",Lost
18571,317,1,1120,1,2,3,"123",Lost
21439,389,1,540,1,2,3,"123",Lost
22631,389,1,1149,1,2,3,"123",Lost
21004,389,1,561,1,2,3,"123",Lost
19401,342,1,1170,1,2,3,"123",Lost
22543,316,1,563,1,2,3,"123",Lost
25723,389,1,777,1,2,3,"123",Lost
27745,389,1,617,1,2,3,"123",Lost
19725,316,1,1180,1,2,3,"123",Lost
22432,390,1,578,1,2,3,"123",Lost
26994,390,1,1134,1,2,3,"123",Lost
21240,316,1,120,1,2,3,"123",Lost
19537,316,1,1155,1,2,3,"123",Lost
18958,390,1,565,1,2,3,"123",Lost
21064,316,1,554,1,2,3,"123",Lost
25727,316,1,540,1,2,3,"123",Lost
28444,316,1,124,1,2,3,"123",Lost
27949,391,1,554,1,2,3,"123",Lost
29356,391,1,629,1,2,3,"123",Lost
21940,315,1,572,1,2,3,"123",Lost
22486,315,1,589,1,2,3,"123",Lost
23696,315,1,233,1,2,3,"123",Lost
19678,315,1,1120,1,2,3,"123",Lost
25655,315,1,572,1,2,3,"123",Lost
22667,392,1,1170,1,2,3,"123",Lost
24424,315,1,250,1,2,3,"123",Lost
27766,392,1,827,1,2,3,"123",Lost
27770,342,1,751,1,2,3,"123",Lost
22300,342,1,549,1,2,3,"123",Lost
27267,534,1,783,1,2,3,"123",Lost
22656,314,1,1169,1,2,3,"123",Lost
19167,394,1,1120,1,2,3,"123",Lost
18544,394,1,1155,1,2,3,"123",Lost
22479,314,1,600,1,2,3,"123",Lost
21600,395,1,564,1,2,3,"123",Lost
28921,314,1,184,1,2,3,"123",Lost
25609,395,1,565,1,2,3,"123",Lost
22473,314,1,608,1,2,3,"123",Lost
29355,395,1,568,1,2,3,"123",Lost
22368,314,1,615,1,2,3,"123",Lost
19701,314,1,1184,1,2,3,"123",Lost
19225,395,1,1219,1,2,3,"123",Lost
26987,314,1,1155,1,2,3,"123",Lost
25641,396,1,561,1,2,3,"123",Lost
21575,396,1,549,1,2,3,"123",Lost
19407,342,1,1155,1,2,3,"123",Lost
19680,313,1,1170,1,2,3,"123",Lost
22522,295,1,540,1,2,3,"123",Lost
22687,397,1,1155,1,2,3,"123",Lost
21440,397,1,563,1,2,3,"123",Lost
25721,313,1,584,1,2,3,"123",Lost
27767,398,1,776,1,2,3,"123",Lost
28411,339,1,135,1,2,3,"123",Lost
25759,342,1,742,1,2,3,"123",Lost
22261,398,1,561,1,2,3,"123",Lost
29893,398,1,1021,1,2,3,"123",Lost
18974,339,1,586,1,2,3,"123",Lost
27956,343,1,554,1,2,3,"123",Lost
27602,409,1,783,1,2,3,"123",Lost
24551,339,1,142,1,2,3,"123",Lost
24772,295,1,196,1,2,3,"123",Lost
21619,347,1,556,1,2,3,"123",Lost
27613,422,1,783,1,2,3,"123",Lost
19530,339,1,1120,1,2,3,"123",Lost
26163,312,1,124,1,2,3,"123",Lost
25647,312,1,564,1,2,3,"123",Lost
20941,343,1,126,1,2,3,"123",Lost
28475,311,1,124,1,2,3,"123",Lost
12439,311,1,125,1,2,3,"123",Lost
27550,429,1,783,1,2,3,"123",Lost
28114,339,1,570,1,2,3,"123",Lost
27545,431,1,783,1,2,3,"123",Lost
19410,339,1,1120,1,2,3,"123",Lost
27536,431,1,783,1,2,3,"123",Lost
27560,434,1,783,1,2,3,"123",Lost
26582,435,1,1000,1,2,3,"123",Lost
19860,338,1,133,1,2,3,"123",Lost
26615,449,1,1000,1,2,3,"123",Lost
22054,293,1,564,1,2,3,"123",Lost
16224,338,1,556,1,2,3,"123",Lost
27557,454,1,783,1,2,3,"123",Lost
26572,456,1,1000,1,2,3,"123",Lost
25746,311,1,561,1,2,3,"123",Lost
19406,338,1,1188,1,2,3,"123",Lost
12032,344,1,615,1,2,3,"123",Lost
19013,311,1,636,1,2,3,"123",Lost
25731,311,1,549,1,2,3,"123",Lost
29505,459,1,149,1,2,3,"123",Lost
27757,311,1,133,1,2,3,"123",Lost
14886,311,1,540,1,2,3,"123",Lost
19024,311,1,700,1,2,3,"123",Lost
21601,344,1,590,1,2,3,"123",Lost
25538,310,1,1229,1,2,3,"123",Lost
15156,310,1,125,1,2,3,"123",Lost
19671,310,1,1170,1,2,3,"123",Lost
22336,310,1,600,1,2,3,"123",Lost
23220,310,1,1174,1,2,3,"123",Lost
19643,347,1,124,1,2,3,"123",Lost
27429,464,1,783,1,2,3,"123",Lost
12979,344,1,181,1,2,3,"123",Lost
25703,338,1,608,1,2,3,"123",Lost
18549,344,1,1169,1,2,3,"123",Lost
22639,344,1,1155,1,2,3,"123",Lost
27126,338,1,1155,1,2,3,"123",Lost
27774,344,1,771,1,2,3,"123",Lost
27777,344,1,779,1,2,3,"123",Lost
22044,294,1,608,1,2,3,"123",Lost
19408,344,1,1129,1,2,3,"123",Lost
24275,338,1,831,1,2,3,"123",Lost
29545,489,1,250,1,2,3,"123",Lost
22374,309,1,600,1,2,3,"123",Lost
18923,309,1,804,1,2,3,"123",Lost
18836,309,1,129,1,2,3,"123",Lost
23230,309,1,1155,1,2,3,"123",Lost
15913,309,1,712,1,2,3,"123",Lost
18807,309,1,120,1,2,3,"123",Lost
26664,309,1,124,1,2,3,"123",Lost
18963,345,1,590,1,2,3,"123",Lost
28111,309,1,865,1,2,3,"123",Lost
26620,1099,1,699,1,2,3,"123",Lost
26865,345,1,124,1,2,3,"123",Lost
16340,308,1,609,1,2,3,"123",Lost
24399,308,1,133,1,2,3,"123",Lost
27297,494,1,783,1,2,3,"123",Lost
27404,494,1,783,1,2,3,"123",Lost
21791,307,1,575,1,2,3,"123",Lost
27298,495,1,783,1,2,3,"123",Lost
26629,1079,1,699,1,2,3,"123",Lost
23522,294,1,120,1,2,3,"123",Lost
12793,345,1,120,1,2,3,"123",Lost
21653,307,1,589,1,2,3,"123",Lost
19716,307,1,1155,1,2,3,"123",Lost
27270,497,1,783,1,2,3,"123",Lost
20949,306,1,155,1,2,3,"123",Lost
27285,500,1,783,1,2,3,"123",Lost
29578,306,1,324,1,2,3,"123",Lost
21090,306,1,549,1,2,3,"123",Lost
24944,306,1,126,1,2,3,"123",Lost
26222,306,1,561,1,2,3,"123",Lost
28211,294,1,540,1,2,3,"123",Lost
22885,306,1,549,1,2,3,"123",Lost
29802,306,1,144,1,2,3,"123",Lost
22072,305,1,617,1,2,3,"123",Lost
26102,305,1,147,1,2,3,"123",Lost
21122,294,1,144,1,2,3,"123",Lost
21022,345,1,540,1,2,3,"123",Lost
26792,305,1,184,1,2,3,"123",Lost
18024,304,1,150,1,2,3,"123",Lost
22896,304,1,600,1,2,3,"123",Lost
26630,1015,1,699,1,2,3,"123",Lost
18809,304,1,120,1,2,3,"123",Lost
26933,304,1,1224,1,2,3,"123",Lost
29585,1005,1,419,1,2,3,"123",Lost
29668,1005,1,419,1,2,3,"123",Lost
23756,304,1,151,1,2,3,"123",Lost
19999,304,1,1148,1,2,3,"123",Lost
29232,304,1,173,1,2,3,"123",Lost
22066,304,1,540,1,2,3,"123",Lost
21510,303,1,129,1,2,3,"123",Lost
19986,303,1,1189,1,2,3,"123",Lost
27783,303,1,165,1,2,3,"123",Lost
26210,303,1,554,1,2,3,"123",Lost
27746,337,1,629,1,2,3,"123",Lost
25761,303,1,563,1,2,3,"123",Lost
23944,303,1,1155,1,2,3,"123",Lost
25760,302,1,568,1,2,3,"123",Lost
19121,302,1,657,1,2,3,"123",Lost
19129,302,1,639,1,2,3,"123",Lost
19745,302,1,1174,1,2,3,"123",Lost
26643,979,1,699,1,2,3,"123",Lost
18786,302,1,120,1,2,3,"123",Lost
20045,302,1,597,1,2,3,"123",Lost
23029,302,1,120,1,2,3,"123",Lost
19122,302,1,589,1,2,3,"123",Lost
27859,293,1,777,1,2,3,"123",Lost
26668,301,1,120,1,2,3,"123",Lost
21233,301,1,120,1,2,3,"123",Lost
22758,301,1,563,1,2,3,"123",Lost
22287,346,1,540,1,2,3,"123",Lost
19981,301,1,1155,1,2,3,"123",Lost
19865,301,1,1155,1,2,3,"123",Lost
19396,337,1,1169,1,2,3,"123",Lost
19998,301,1,1155,1,2,3,"123",Lost
21048,347,1,578,1,2,3,"123",Lost
24429,347,1,146,1,2,3,"123",Lost
28539,293,1,120,1,2,3,"123",Lost
22646,348,1,1155,1,2,3,"123",Lost
19728,336,1,120,1,2,3,"123",Lost
22327,348,1,575,1,2,3,"123",Lost
23861,348,1,153,1,2,3,"123",Lost
18617,293,1,1148,1,2,3,"123",Lost
21089,293,1,561,1,2,3,"123",Lost
27882,293,1,791,1,2,3,"123",Lost
19724,336,1,1155,1,2,3,"123",Lost
24927,301,1,191,1,2,3,"123",Lost
29697,793,1,723,1,2,3,"123",Lost
25615,348,1,575,1,2,3,"123",Lost
23473,336,1,133,1,2,3,"123",Lost
21747,336,1,540,1,2,3,"123",Lost
20378,349,1,120,1,2,3,"123",Lost
23223,349,1,1155,1,2,3,"123",Lost
25675,349,1,549,1,2,3,"123",Lost
29607,336,1,229,1,2,3,"123",Lost
18816,336,1,148,1,2,3,"123",Lost
16221,349,1,589,1,2,3,"123",Lost
19747,336,1,148,1,2,3,"123",Lost
27026,791,1,699,1,2,3,"123",Lost
18603,301,1,1205,1,2,3,"123",Lost
19241,349,1,148,1,2,3,"123",Lost
18580,292,1,1170,1,2,3,"123",Lost
19128,292,1,643,1,2,3,"123",Lost
27801,336,1,777,1,2,3,"123",Lost
22875,292,1,556,1,2,3,"123",Lost
13341,349,1,142,1,2,3,"123",Lost
19535,349,1,1170,1,2,3,"123",Lost
22281,349,1,540,1,2,3,"123",Lost
21650,349,1,554,1,2,3,"123",Lost
20694,335,1,147,1,2,3,"123",Lost
28107,350,1,810,1,2,3,"123",Lost
21756,335,1,554,1,2,3,"123",Lost
16223,350,1,563,1,2,3,"123",Lost
16360,335,1,554,1,2,3,"123",Lost
18635,350,1,163,1,2,3,"123",Lost
16222,350,1,561,1,2,3,"123",Lost
22346,335,1,575,1,2,3,"123",Lost
21810,335,1,563,1,2,3,"123",Lost
29411,350,1,1224,1,2,3,"123",Lost
22642,350,1,1199,1,2,3,"123",Lost
19544,350,1,133,1,2,3,"123",Lost
19683,335,1,1143,1,2,3,"123",Lost
22481,335,1,564,1,2,3,"123",Lost
28215,301,1,590,1,2,3,"123",Lost
21050,350,1,584,1,2,3,"123",Lost
21031,350,1,598,1,2,3,"123",Lost
26250,350,1,156,1,2,3,"123",Lost
22045,292,1,562,1,2,3,"123",Lost
19110,334,1,605,1,2,3,"123",Lost
13499,351,1,133,1,2,3,"123",Lost
15105,334,1,120,1,2,3,"123",Lost
26407,334,1,126,1,2,3,"123",Lost
22640,351,1,1149,1,2,3,"123",Lost
27910,351,1,575,1,2,3,"123",Lost
18799,301,1,120,1,2,3,"123",Lost
26225,334,1,742,1,2,3,"123",Lost
18990,351,1,562,1,2,3,"123",Lost
20129,301,1,120,1,2,3,"123",Lost
22082,292,1,575,1,2,3,"123",Lost
21648,351,1,549,1,2,3,"123",Lost
23760,291,1,1183,1,2,3,"123",Lost
25096,352,1,1237,1,2,3,"123",Lost
27791,334,1,777,1,2,3,"123",Lost
21574,352,1,124,1,2,3,"123",Lost
26985,352,1,1164,1,2,3,"123",Lost
27953,352,1,549,1,2,3,"123",Lost
21283,291,1,125,1,2,3,"123",Lost
18675,291,1,129,1,2,3,"123",Lost
21310,334,1,1120,1,2,3,"123",Lost
22088,291,1,570,1,2,3,"123",Lost
16226,333,1,554,1,2,3,"123",Lost
25743,352,1,786,1,2,3,"123",Lost
17637,352,1,150,1,2,3,"123",Lost
19774,333,1,148,1,2,3,"123",Lost
18557,353,1,1179,1,2,3,"123",Lost
21033,353,1,554,1,2,3,"123",Lost
15556,333,1,589,1,2,3,"123",Lost
12506,353,1,120,1,2,3,"123",Lost
25701,353,1,600,1,2,3,"123",Lost
22653,353,1,1188,1,2,3,"123",Lost
22879,291,1,563,1,2,3,"123",Lost
16225,333,1,554,1,2,3,"123",Lost
21647,354,1,609,1,2,3,"123",Lost
22167,354,1,124,1,2,3,"123",Lost
21769,333,1,603,1,2,3,"123",Lost
28631,354,1,144,1,2,3,"123",Lost
27884,290,1,756,1,2,3,"123",Lost
25616,354,1,540,1,2,3,"123",Lost
21030,354,1,540,1,2,3,"123",Lost
21061,354,1,608,1,2,3,"123",Lost
19529,354,1,1169,1,2,3,"123",Lost
28210,290,1,564,1,2,3,"123",Lost
18967,355,1,133,1,2,3,"123",Lost
20115,333,1,120,1,2,3,"123",Lost
24492,333,1,791,1,2,3,"123",Lost
14579,333,1,125,1,2,3,"123",Lost
19405,355,1,1170,1,2,3,"123",Lost
22620,355,1,574,1,2,3,"123",Lost
21234,346,1,120,1,2,3,"123",Lost
21309,355,1,1183,1,2,3,"123",Lost
22046,300,1,564,1,2,3,"123",Lost
25381,293,1,1229,1,2,3,"123",Lost
21646,346,1,564,1,2,3,"123",Lost
22462,356,1,554,1,2,3,"123",Lost
16504,300,1,589,1,2,3,"123",Lost
26898,333,1,174,1,2,3,"123",Lost
22328,356,1,549,1,2,3,"123",Lost
23774,300,1,1234,1,2,3,"123",Lost
19775,300,1,1183,1,2,3,"123",Lost
23225,356,1,1184,1,2,3,"123",Lost
22275,356,1,615,1,2,3,"123",Lost
19409,356,1,1183,1,2,3,"123",Lost
20116,332,1,120,1,2,3,"123",Lost
19531,356,1,1180,1,2,3,"123",Lost
29768,944,1,419,1,2,3,"123",Lost
21942,332,1,575,1,2,3,"123",Lost
26782,944,1,699,1,2,3,"123",Lost
28543,306,1,108,1,1,3,"113",Lost
12757,302,1,107,1,1,3,"113",Lost
13568,346,1,120,1,1,3,"113",Lost
18885,355,1,110,1,1,3,"113",Lost
15273,299,1,103,1,1,3,"113",Lost
16208,332,1,120,1,1,3,"113",Lost
28600,306,1,120,1,1,3,"113",Lost
17729,303,1,110,1,1,3,"113",Lost
29079,367,1,102,1,1,3,"113",Lost
16597,334,1,103,1,1,3,"113",Lost
13416,326,1,107,1,1,3,"113",Lost
21445,336,1,113,1,1,3,"113",Lost
27283,355,1,120,1,1,3,"113",Lost
18987,365,1,120,1,1,3,"113",Lost
20344,328,1,120,1,1,3,"113",Lost
23188,338,1,120,1,1,3,"113",Lost
19383,330,1,120,1,1,3,"113",Lost
19025,322,1,120,1,1,3,"113",Lost
18384,355,1,103,1,1,3,"113",Lost
25839,359,1,108,1,1,3,"113",Lost
13759,302,1,100,1,1,3,"113",Lost
21990,299,1,99,1,1,3,"113",Lost
29049,300,1,113,1,1,3,"113",Lost
13388,331,1,107,1,1,3,"113",Lost
21549,332,1,99,1,1,3,"113",Lost
13336,297,1,107,1,1,3,"113",Lost
14445,299,1,100,1,1,3,"113",Lost
17130,331,1,99,1,1,3,"113",Lost
14842,328,1,100,1,1,3,"113",Lost
20138,358,1,120,1,1,3,"113",Lost
18752,314,1,120,1,1,3,"113",Lost
18530,346,1,114,1,1,3,"113",Lost
24899,344,1,105,1,1,3,"113",Lost
26852,362,1,114,1,1,3,"113",Lost
27059,339,1,119,1,1,3,"113",Lost
26472,316,1,115,1,1,3,"113",Lost
12983,333,1,100,1,1,3,"113",Lost
13153,352,1,107,1,1,3,"113",Lost
25223,309,1,103,1,1,3,"113",Lost
27815,349,1,110,1,1,3,"113",Lost
25329,323,1,100,1,1,3,"113",Lost
27970,301,1,64,1,1,2,"112",Lost
23405,316,1,70,1,1,2,"112",Lost
19005,342,1,94,1,1,2,"112",Lost
21254,353,1,90,1,1,2,"112",Lost
25820,353,1,49,1,1,2,"112",Lost
23354,336,1,70,1,1,2,"112",Lost
19010,348,1,79,1,1,2,"112",Lost
19826,353,1,72,1,1,2,"112",Lost
27509,316,1,60,1,1,2,"112",Lost
26365,336,1,63,1,1,2,"112",Lost
26340,342,1,65,1,1,2,"112",Lost
25902,342,1,65,1,1,2,"112",Lost
24906,301,1,62,1,1,2,"112",Lost
28141,342,1,94,1,1,2,"112",Lost
22527,316,1,75,1,1,2,"112",Lost
22064,348,1,70,1,1,2,"112",Lost
27196,316,1,68,1,1,2,"112",Lost
21068,300,1,81,1,1,2,"112",Lost
21805,290,1,50,1,1,2,"112",Lost
22023,316,1,79,1,1,2,"112",Lost
14351,316,1,57,1,1,2,"112",Lost
24589,316,1,69,1,1,2,"112",Lost
24469,348,1,64,1,1,2,"112",Lost
16355,316,1,90,1,1,2,"112",Lost
22625,339,1,78,1,1,2,"112",Lost
17485,316,1,77,1,1,2,"112",Lost
15759,315,1,90,1,1,2,"112",Lost
13550,315,1,70,1,1,2,"112",Lost
22924,353,1,91,1,1,2,"112",Lost
20127,293,1,70,1,1,2,"112",Lost
27837,349,1,60,1,1,2,"112",Lost
13363,336,1,72,1,1,2,"112",Lost
23801,349,1,83,1,1,2,"112",Lost
20299,292,1,57,1,1,2,"112",Lost
24595,301,1,62,1,1,2,"112",Lost
13610,315,1,45,1,1,2,"112",Lost
28452,290,1,70,1,1,2,"112",Lost
15112,353,1,94,1,1,2,"112",Lost
24830,292,1,96,1,1,2,"112",Lost
15366,342,1,60,1,1,2,"112",Lost
13923,295,1,57,1,1,2,"112",Lost
28806,315,1,64,1,1,2,"112",Lost
16746,336,1,64,1,1,2,"112",Lost
17519,314,1,59,1,1,2,"112",Lost
22698,292,1,69,1,1,2,"112",Lost
18064,314,1,59,1,1,2,"112",Lost
29214,349,1,60,1,1,2,"112",Lost
13166,314,1,72,1,1,2,"112",Lost
20497,336,1,70,1,1,2,"112",Lost
14511,300,1,90,1,1,2,"112",Lost
24411,314,1,72,1,1,2,"112",Lost
12635,314,1,50,1,1,2,"112",Lost
13813,333,1,75,1,1,2,"112",Lost
17035,349,1,59,1,1,2,"112",Lost
11490,301,1,54,1,1,2,"112",Lost
11377,336,1,84,1,1,2,"112",Lost
18984,313,1,94,1,1,2,"112",Lost
12796,301,1,72,1,1,2,"112",Lost
28668,313,1,79,1,1,2,"112",Lost
18151,313,1,77,1,1,2,"112",Lost
19606,313,1,84,1,1,2,"112",Lost
20506,333,1,69,1,1,2,"112",Lost
16568,353,1,70,1,1,2,"112",Lost
13070,318,1,57,1,1,2,"112",Lost
12639,346,1,50,1,1,2,"112",Lost
16013,347,1,90,1,1,2,"112",Lost
27996,355,1,68,1,1,2,"112",Lost
27229,342,1,93,1,1,2,"112",Lost
28498,347,1,79,1,1,2,"112",Lost
18601,318,1,70,1,1,2,"112",Lost
23798,318,1,68,1,1,2,"112",Lost
17631,318,1,98,1,1,2,"112",Lost
20308,318,1,70,1,1,2,"112",Lost
17806,347,1,65,1,1,2,"112",Lost
21299,333,1,78,1,1,2,"112",Lost
22345,347,1,74,1,1,2,"112",Lost
21474,340,1,45,1,1,2,"112",Lost
22569,317,1,49,1,1,2,"112",Lost
13989,317,1,46,1,1,2,"112",Lost
25627,355,1,48,1,1,2,"112",Lost
23918,317,1,69,1,1,2,"112",Lost
23795,317,1,72,1,1,2,"112",Lost
19886,293,1,79,1,1,2,"112",Lost
29002,317,1,68,1,1,2,"112",Lost
17850,348,1,79,1,1,2,"112",Lost
17016,348,1,99,1,1,2,"112",Lost
25253,317,1,74,1,1,2,"112",Lost
26335,293,1,89,1,1,2,"112",Lost
27841,317,1,60,1,1,2,"112",Lost
29884,520,1,68,1,1,2,"112",Lost
28590,317,1,59,1,1,2,"112",Lost
12466,317,1,59,1,1,2,"112",Lost
23783,333,1,59,1,1,2,"112",Lost
15673,295,1,65,1,1,2,"112",Lost
23697,291,1,70,1,1,2,"112",Lost
23237,342,1,69,1,1,2,"112",Lost
22843,293,1,49,1,1,2,"112",Lost
22097,348,1,62,1,1,2,"112",Lost
15883,301,1,90,1,1,2,"112",Lost
15894,300,1,90,1,1,2,"112",Lost
11430,317,1,85,1,1,2,"112",Lost
23989,353,1,59,1,1,2,"112",Lost
25265,317,1,55,1,1,2,"112",Lost
15617,363,1,60,1,1,2,"112",Lost
13432,309,1,57,1,1,2,"112",Lost
19713,363,1,79,1,1,2,"112",Lost
19641,292,1,68,1,1,2,"112",Lost
28226,363,1,60,1,1,2,"112",Lost
17083,309,1,52,1,1,2,"112",Lost
27415,363,1,70,1,1,2,"112",Lost
25439,363,1,72,1,1,2,"112",Lost
18889,363,1,79,1,1,2,"112",Lost
29763,701,1,91,1,1,2,"112",Lost
12737,298,1,45,1,1,2,"112",Lost
14463,328,1,68,1,1,2,"112",Lost
27388,293,1,84,1,1,2,"112",Lost
19896,308,1,70,1,1,2,"112",Lost
23831,363,1,70,1,1,2,"112",Lost
23002,293,1,67,1,1,2,"112",Lost
17276,364,1,68,1,1,2,"112",Lost
18966,328,1,79,1,1,2,"112",Lost
20317,308,1,59,1,1,2,"112",Lost
11374,290,1,69,1,1,2,"112",Lost
17367,297,1,68,1,1,2,"112",Lost
21762,364,1,79,1,1,2,"112",Lost
28082,334,1,60,1,1,2,"112",Lost
25953,308,1,60,1,1,2,"112",Lost
20014,308,1,79,1,1,2,"112",Lost
20492,364,1,72,1,1,2,"112",Lost
25692,327,1,67,1,1,2,"112",Lost
23559,364,1,64,1,1,2,"112",Lost
17189,327,1,46,1,1,2,"112",Lost
27502,365,1,70,1,1,2,"112",Lost
27202,327,1,97,1,1,2,"112",Lost
19881,307,1,79,1,1,2,"112",Lost
18687,355,1,94,1,1,2,"112",Lost
16334,365,1,85,1,1,2,"112",Lost
21918,365,1,69,1,1,2,"112",Lost
12454,297,1,72,1,1,2,"112",Lost
14245,365,1,57,1,1,2,"112",Lost
22846,365,1,75,1,1,2,"112",Lost
17721,307,1,70,1,1,2,"112",Lost
24952,351,1,72,1,1,2,"112",Lost
16227,365,1,81,1,1,2,"112",Lost
28991,307,1,64,1,1,2,"112",Lost
20334,351,1,70,1,1,2,"112",Lost
23879,307,1,64,1,1,2,"112",Lost
28028,297,1,64,1,1,2,"112",Lost
20513,307,1,74,1,1,2,"112",Lost
22818,366,1,57,1,1,2,"112",Lost
22122,292,1,94,1,1,2,"112",Lost
25310,366,1,60,1,1,2,"112",Lost
21220,306,1,75,1,1,2,"112",Lost
16055,292,1,66,1,1,2,"112",Lost
17852,297,1,87,1,1,2,"112",Lost
16781,366,1,64,1,1,2,"112",Lost
16041,366,1,65,1,1,2,"112",Lost
16760,326,1,68,1,1,2,"112",Lost
18454,366,1,68,1,1,2,"112",Lost
20958,366,1,68,1,1,2,"112",Lost
26452,294,1,60,1,1,2,"112",Lost
12433,306,1,75,1,1,2,"112",Lost
13437,334,1,81,1,1,2,"112",Lost
19920,345,1,92,1,1,2,"112",Lost
25811,366,1,86,1,1,2,"112",Lost
28465,326,1,69,1,1,2,"112",Lost
18835,366,1,79,1,1,2,"112",Lost
22947,333,1,76,1,1,2,"112",Lost
24771,334,1,60,1,1,2,"112",Lost
19880,306,1,70,1,1,2,"112",Lost
19929,306,1,64,1,1,2,"112",Lost
19921,292,1,64,1,1,2,"112",Lost
17122,300,1,59,1,1,2,"112",Lost
19252,306,1,95,1,1,2,"112",Lost
29347,338,1,48,1,1,2,"112",Lost
14870,367,1,86,1,1,2,"112",Lost
27293,345,1,89,1,1,2,"112",Lost
20739,326,1,79,1,1,2,"112",Lost
16982,367,1,90,1,1,2,"112",Lost
25719,351,1,60,1,1,2,"112",Lost
26688,306,1,65,1,1,2,"112",Lost
25005,306,1,65,1,1,2,"112",Lost
25012,292,1,74,1,1,2,"112",Lost
25065,306,1,72,1,1,2,"112",Lost
15703,367,1,75,1,1,2,"112",Lost
19233,296,1,70,1,1,2,"112",Lost
26392,296,1,60,1,1,2,"112",Lost
14204,367,1,72,1,1,2,"112",Lost
14329,367,1,92,1,1,2,"112",Lost
27659,367,1,75,1,1,2,"112",Lost
17437,333,1,59,1,1,2,"112",Lost
13490,325,1,57,1,1,2,"112",Lost
19703,346,1,70,1,1,2,"112",Lost
27360,291,1,70,1,1,2,"112",Lost
25899,325,1,72,1,1,2,"112",Lost
16398,325,1,53,1,1,2,"112",Lost
28872,325,1,60,1,1,2,"112",Lost
18754,325,1,70,1,1,2,"112",Lost
12661,305,1,50,1,1,2,"112",Lost
26457,325,1,89,1,1,2,"112",Lost
22150,325,1,70,1,1,2,"112",Lost
23309,325,1,60,1,1,2,"112",Lost
23228,305,1,63,1,1,2,"112",Lost
14339,352,1,72,1,1,2,"112",Lost
23797,293,1,68,1,1,2,"112",Lost
19369,305,1,64,1,1,2,"112",Lost
19552,324,1,70,1,1,2,"112",Lost
29886,1036,1,58,1,1,2,"112",Lost
14469,305,1,64,1,1,2,"112",Lost
19334,324,1,64,1,1,2,"112",Lost
11348,305,1,68,1,1,2,"112",Lost
12421,324,1,75,1,1,2,"112",Lost
14688,341,1,75,1,1,2,"112",Lost
26078,340,1,65,1,1,2,"112",Lost
12723,337,1,69,1,1,2,"112",Lost
23862,305,1,70,1,1,2,"112",Lost
21242,324,1,79,1,1,2,"112",Lost
19345,305,1,70,1,1,2,"112",Lost
22035,305,1,70,1,1,2,"112",Lost
21775,305,1,70,1,1,2,"112",Lost
13373,305,1,72,1,1,2,"112",Lost
20871,305,1,79,1,1,2,"112",Lost
24298,324,1,87,1,1,2,"112",Lost
26081,324,1,65,1,1,2,"112",Lost
23773,305,1,89,1,1,2,"112",Lost
19520,323,1,88,1,1,2,"112",Lost
13313,323,1,77,1,1,2,"112",Lost
13195,296,1,72,1,1,2,"112",Lost
28595,296,1,50,1,1,2,"112",Lost
24930,352,1,65,1,1,2,"112",Lost
11405,305,1,54,1,1,2,"112",Lost
27350,304,1,70,1,1,2,"112",Lost
28402,352,1,72,1,1,2,"112",Lost
19227,323,1,70,1,1,2,"112",Lost
14903,291,1,62,1,1,2,"112",Lost
23577,337,1,94,1,1,2,"112",Lost
14782,345,1,67,1,1,2,"112",Lost
26506,341,1,65,1,1,2,"112",Lost
24777,352,1,72,1,1,2,"112",Lost
27420,355,1,70,1,1,2,"112",Lost
26765,323,1,79,1,1,2,"112",Lost
22492,345,1,68,1,1,2,"112",Lost
19332,323,1,83,1,1,2,"112",Lost
13935,334,1,57,1,1,2,"112",Lost
21802,304,1,78,1,1,2,"112",Lost
25102,345,1,72,1,1,2,"112",Lost
14519,323,1,81,1,1,2,"112",Lost
28450,352,1,69,1,1,2,"112",Lost
15683,323,1,90,1,1,2,"112",Lost
14849,304,1,57,1,1,2,"112",Lost
20705,304,1,69,1,1,2,"112",Lost
27109,322,1,89,1,1,2,"112",Lost
22734,340,1,74,1,1,2,"112",Lost
20366,340,1,70,1,1,2,"112",Lost
17788,304,1,65,1,1,2,"112",Lost
26259,304,1,69,1,1,2,"112",Lost
13848,355,1,61,1,1,2,"112",Lost
12562,322,1,59,1,1,2,"112",Lost
16767,322,1,60,1,1,2,"112",Lost
16592,322,1,75,1,1,2,"112",Lost
26409,322,1,67,1,1,2,"112",Lost
23496,295,1,70,1,1,2,"112",Lost
28379,295,1,61,1,1,2,"112",Lost
28796,303,1,64,1,1,2,"112",Lost
13227,291,1,72,1,1,2,"112",Lost
13945,321,1,57,1,1,2,"112",Lost
24737,303,1,47,1,1,2,"112",Lost
26771,321,1,70,1,1,2,"112",Lost
27155,321,1,69,1,1,2,"112",Lost
21321,321,1,50,1,1,2,"112",Lost
12716,352,1,78,1,1,2,"112",Lost
29075,303,1,67,1,1,2,"112",Lost
20559,321,1,75,1,1,2,"112",Lost
14002,321,1,85,1,1,2,"112",Lost
23732,300,1,74,1,1,2,"112",Lost
11567,321,1,54,1,1,2,"112",Lost
22215,291,1,79,1,1,2,"112",Lost
21750,303,1,69,1,1,2,"112",Lost
23439,321,1,69,1,1,2,"112",Lost
25526,320,1,60,1,1,2,"112",Lost
27437,303,1,79,1,1,2,"112",Lost
16301,320,1,73,1,1,2,"112",Lost
20278,333,1,70,1,1,2,"112",Lost
29434,302,1,78,1,1,2,"112",Lost
15069,333,1,72,1,1,2,"112",Lost
14749,320,1,99,1,1,2,"112",Lost
12471,320,1,84,1,1,2,"112",Lost
18893,320,1,70,1,1,2,"112",Lost
15824,320,1,76,1,1,2,"112",Lost
19047,300,1,72,1,1,2,"112",Lost
28682,319,1,64,1,1,2,"112",Lost
22475,295,1,99,1,1,2,"112",Lost
12938,345,1,81,1,1,2,"112",Lost
26175,319,1,89,1,1,2,"112",Lost
21382,355,1,70,1,1,2,"112",Lost
12878,341,1,46,1,1,2,"112",Lost
19852,319,1,70,1,1,2,"112",Lost
19512,295,1,86,1,1,2,"112",Lost
27939,295,1,93,1,1,2,"112",Lost
15708,341,1,75,1,1,2,"112",Lost
28344,300,1,54,1,1,2,"112",Lost
23894,319,1,70,1,1,2,"112",Lost
26773,319,1,70,1,1,2,"112",Lost
15000,340,1,46,1,1,2,"112",Lost
21350,341,1,70,1,1,2,"112",Lost
26841,319,1,78,1,1,2,"112",Lost
28412,341,1,46,1,1,2,"112",Lost
16044,319,1,68,1,1,2,"112",Lost
23251,319,1,45,1,1,2,"112",Lost
15963,302,1,90,1,1,2,"112",Lost
18094,345,1,68,1,1,2,"112",Lost
13764,319,1,75,1,1,2,"112",Lost
24450,319,1,68,1,1,2,"112",Lost
16936,346,1,64,1,1,2,"112",Lost
14828,291,1,76,1,1,2,"112",Lost
25347,291,1,60,1,1,2,"112",Lost
24314,319,1,57,1,1,2,"112",Lost
14266,337,1,57,1,1,2,"112",Lost
15260,301,1,46,1,1,2,"112",Lost
21406,318,1,75,1,1,2,"112",Lost
26784,318,1,89,1,1,2,"112",Lost
12828,318,1,55,1,1,2,"112",Lost
20121,318,1,70,1,1,2,"112",Lost
23357,290,1,98,1,1,2,"112",Lost
15352,313,1,70,1,1,2,"112",Lost
17138,313,1,60,1,1,2,"112",Lost
28985,313,1,53,1,1,2,"112",Lost
20255,354,1,75,1,1,2,"112",Lost
13802,342,1,79,1,1,2,"112",Lost
18757,356,1,79,1,1,2,"112",Lost
28267,336,1,64,1,1,2,"112",Lost
18986,354,1,57,1,1,2,"112",Lost
22963,313,1,59,1,1,2,"112",Lost
19632,343,1,57,1,1,2,"112",Lost
21633,313,1,65,1,1,2,"112",Lost
20413,313,1,50,1,1,2,"112",Lost
22795,343,1,68,1,1,2,"112",Lost
19185,349,1,59,1,1,2,"112",Lost
22970,349,1,79,1,1,2,"112",Lost
18150,343,1,77,1,1,2,"112",Lost
20909,295,1,70,1,1,2,"112",Lost
18760,337,1,55,1,1,2,"112",Lost
27787,339,1,69,1,1,2,"112",Lost
23580,339,1,70,1,1,2,"112",Lost
13696,343,1,49,1,1,2,"112",Lost
25129,343,1,60,1,1,2,"112",Lost
21815,300,1,64,1,1,2,"112",Lost
28032,343,1,75,1,1,2,"112",Lost
28810,343,1,79,1,1,2,"112",Lost
23728,295,1,70,1,1,2,"112",Lost
21783,339,1,50,1,1,2,"112",Lost
27023,292,1,60,1,1,2,"112",Lost
23274,337,1,50,1,1,2,"112",Lost
19684,313,1,79,1,1,2,"112",Lost
18681,312,1,70,1,1,2,"112",Lost
24813,292,1,72,1,1,2,"112",Lost
15709,312,1,95,1,1,2,"112",Lost
25256,337,1,68,1,1,2,"112",Lost
26909,335,1,78,1,1,2,"112",Lost
16194,312,1,49,1,1,2,"112",Lost
23804,312,1,72,1,1,2,"112",Lost
18522,312,1,70,1,1,2,"112",Lost
27530,312,1,48,1,1,2,"112",Lost
20679,311,1,64,1,1,2,"112",Lost
27758,311,1,70,1,1,2,"112",Lost
24389,350,1,46,1,1,2,"112",Lost
25261,311,1,72,1,1,2,"112",Lost
20602,295,1,80,1,1,2,"112",Lost
25351,300,1,49,1,1,2,"112",Lost
27782,339,1,48,1,1,2,"112",Lost
23787,311,1,72,1,1,2,"112",Lost
28101,354,1,79,1,1,2,"112",Lost
18145,354,1,72,1,1,2,"112",Lost
26123,354,1,65,1,1,2,"112",Lost
14736,335,1,85,1,1,2,"112",Lost
23069,350,1,70,1,1,2,"112",Lost
21212,343,1,75,1,1,2,"112",Lost
28589,295,1,70,1,1,2,"112",Lost
20410,295,1,50,1,1,2,"112",Lost
19490,301,1,63,1,1,2,"112",Lost
13933,338,1,57,1,1,2,"112",Lost
22743,335,1,66,1,1,2,"112",Lost
28817,343,1,70,1,1,2,"112",Lost
22065,338,1,70,1,1,2,"112",Lost
27561,338,1,85,1,1,2,"112",Lost
18022,337,1,64,1,1,2,"112",Lost
19946,290,1,87,1,1,2,"112",Lost
19778,344,1,70,1,1,2,"112",Lost
16383,333,1,59,1,1,2,"112",Lost
19639,350,1,64,1,1,2,"112",Lost
23682,354,1,60,1,1,2,"112",Lost
20361,350,1,70,1,1,2,"112",Lost
18152,338,1,77,1,1,2,"112",Lost
21443,338,1,50,1,1,2,"112",Lost
16320,335,1,49,1,1,2,"112",Lost
12948,350,1,77,1,1,2,"112",Lost
21565,347,1,49,1,1,2,"112",Lost
26493,347,1,65,1,1,2,"112",Lost
17569,338,1,64,1,1,2,"112",Lost
21159,344,1,74,1,1,2,"112",Lost
21158,332,1,50,1,1,2,"112",Lost
26348,356,1,90,1,1,2,"112",Lost
26141,357,1,79,1,1,2,"112",Lost
19695,357,1,94,1,1,2,"112",Lost
22742,332,1,72,1,1,2,"112",Lost
27364,335,1,79,1,1,2,"112",Lost
22388,311,1,68,1,1,2,"112",Lost
14166,350,1,72,1,1,2,"112",Lost
27664,290,1,60,1,1,2,"112",Lost
22213,337,1,59,1,1,2,"112",Lost
22333,332,1,70,1,1,2,"112",Lost
17211,350,1,48,1,1,2,"112",Lost
19879,332,1,70,1,1,2,"112",Lost
26411,335,1,59,1,1,2,"112",Lost
21223,311,1,57,1,1,2,"112",Lost
12331,331,1,50,1,1,2,"112",Lost
12844,311,1,57,1,1,2,"112",Lost
16539,358,1,84,1,1,2,"112",Lost
27441,358,1,79,1,1,2,"112",Lost
20343,358,1,70,1,1,2,"112",Lost
22767,311,1,70,1,1,2,"112",Lost
23824,358,1,70,1,1,2,"112",Lost
17771,358,1,70,1,1,2,"112",Lost
26424,333,1,79,1,1,2,"112",Lost
20981,358,1,68,1,1,2,"112",Lost
14243,299,1,72,1,1,2,"112",Lost
20117,310,1,79,1,1,2,"112",Lost
21298,310,1,93,1,1,2,"112",Lost
26272,358,1,60,1,1,2,"112",Lost
26414,358,1,58,1,1,2,"112",Lost
26469,331,1,65,1,1,2,"112",Lost
28333,358,1,54,1,1,2,"112",Lost
18593,332,1,70,1,1,2,"112",Lost
22982,331,1,70,1,1,2,"112",Lost
18577,331,1,70,1,1,2,"112",Lost
16002,333,1,62,1,1,2,"112",Lost
21412,359,1,60,1,1,2,"112",Lost
25335,359,1,60,1,1,2,"112",Lost
29005,331,1,70,1,1,2,"112",Lost
16863,331,1,64,1,1,2,"112",Lost
18095,359,1,59,1,1,2,"112",Lost
14043,331,1,57,1,1,2,"112",Lost
26069,331,1,51,1,1,2,"112",Lost
21472,331,1,50,1,1,2,"112",Lost
26807,359,1,69,1,1,2,"112",Lost
28898,330,1,69,1,1,2,"112",Lost
14718,330,1,64,1,1,2,"112",Lost
21680,330,1,49,1,1,2,"112",Lost
25632,330,1,54,1,1,2,"112",Lost
13235,346,1,57,1,1,2,"112",Lost
22431,330,1,60,1,1,2,"112",Lost
20528,330,1,64,1,1,2,"112",Lost
28462,310,1,70,1,1,2,"112",Lost
29428,359,1,48,1,1,2,"112",Lost
15107,310,1,70,1,1,2,"112",Lost
19521,350,1,54,1,1,2,"112",Lost
14623,330,1,64,1,1,2,"112",Lost
16395,337,1,64,1,1,2,"112",Lost
12908,330,1,85,1,1,2,"112",Lost
14704,360,1,96,1,1,2,"112",Lost
21003,354,1,50,1,1,2,"112",Lost
11551,335,1,54,1,1,2,"112",Lost
22697,330,1,84,1,1,2,"112",Lost
18030,330,1,65,1,1,2,"112",Lost
12965,360,1,57,1,1,2,"112",Lost
13360,360,1,57,1,1,2,"112",Lost
24497,360,1,72,1,1,2,"112",Lost
19758,330,1,79,1,1,2,"112",Lost
26505,360,1,60,1,1,2,"112",Lost
13302,335,1,57,1,1,2,"112",Lost
25788,347,1,60,1,1,2,"112",Lost
24776,344,1,92,1,1,2,"112",Lost
22804,299,1,54,1,1,2,"112",Lost
17570,338,1,69,1,1,2,"112",Lost
20696,360,1,74,1,1,2,"112",Lost
22156,330,1,70,1,1,2,"112",Lost
28410,344,1,60,1,1,2,"112",Lost
29014,360,1,64,1,1,2,"112",Lost
12977,330,1,72,1,1,2,"112",Lost
20438,294,1,70,1,1,2,"112",Lost
14246,334,1,72,1,1,2,"112",Lost
14505,350,1,62,1,1,2,"112",Lost
25697,360,1,69,1,1,2,"112",Lost
23639,338,1,70,1,1,2,"112",Lost
13372,360,1,77,1,1,2,"112",Lost
21780,299,1,78,1,1,2,"112",Lost
26573,360,1,69,1,1,2,"112",Lost
18014,299,1,93,1,1,2,"112",Lost
28302,330,1,79,1,1,2,"112",Lost
23050,360,1,70,1,1,2,"112",Lost
22729,299,1,70,1,1,2,"112",Lost
26739,332,1,62,1,1,2,"112",Lost
28053,290,1,69,1,1,2,"112",Lost
19135,299,1,70,1,1,2,"112",Lost
26233,360,1,49,1,1,2,"112",Lost
23380,310,1,70,1,1,2,"112",Lost
19733,360,1,70,1,1,2,"112",Lost
22038,360,1,85,1,1,2,"112",Lost
18063,310,1,55,1,1,2,"112",Lost
28456,360,1,70,1,1,2,"112",Lost
16018,360,1,90,1,1,2,"112",Lost
28331,329,1,54,1,1,2,"112",Lost
23249,361,1,50,1,1,2,"112",Lost
16040,333,1,65,1,1,2,"112",Lost
26017,361,1,89,1,1,2,"112",Lost
28542,346,1,79,1,1,2,"112",Lost
19727,361,1,70,1,1,2,"112",Lost
22424,298,1,75,1,1,2,"112",Lost
28304,329,1,92,1,1,2,"112",Lost
23729,361,1,72,1,1,2,"112",Lost
14568,298,1,55,1,1,2,"112",Lost
15278,361,1,57,1,1,2,"112",Lost
16382,298,1,60,1,1,2,"112",Lost
12728,298,1,60,1,1,2,"112",Lost
27173,329,1,60,1,1,2,"112",Lost
13053,329,1,77,1,1,2,"112",Lost
28442,309,1,70,1,1,2,"112",Lost
15487,329,1,90,1,1,2,"112",Lost
26972,309,1,84,1,1,2,"112",Lost
17161,309,1,60,1,1,2,"112",Lost
14711,309,1,72,1,1,2,"112",Lost
27400,361,1,70,1,1,2,"112",Lost
23366,298,1,59,1,1,2,"112",Lost
27323,361,1,84,1,1,2,"112",Lost
28737,351,1,70,1,1,2,"112",Lost
17993,361,1,79,1,1,2,"112",Lost
19152,298,1,79,1,1,2,"112",Lost
13510,362,1,94,1,1,2,"112",Lost
18775,362,1,70,1,1,2,"112",Lost
22028,362,1,70,1,1,2,"112",Lost
15820,362,1,72,1,1,2,"112",Lost
19833,293,1,70,1,1,2,"112",Lost
22914,301,1,60,1,1,2,"112",Lost
13942,329,1,57,1,1,2,"112",Lost
28374,328,1,69,1,1,2,"112",Lost
11440,309,1,78,1,1,2,"112",Lost
22338,362,1,69,1,1,2,"112",Lost
14887,298,1,87,1,1,2,"112",Lost
22142,309,1,72,1,1,2,"112",Lost
18671,328,1,70,1,1,2,"112",Lost
20591,338,1,70,1,1,2,"112",Lost
21993,328,1,75,1,1,2,"112",Lost
21120,362,1,49,1,1,2,"112",Lost
20505,301,1,65,1,1,2,"112",Lost
18898,328,1,75,1,1,2,"112",Lost
18534,333,1,55,1,1,2,"112",Lost
20071,333,1,79,1,1,2,"112",Lost
27184,363,1,90,1,1,2,"112",Lost
18935,363,1,70,1,1,2,"112",Lost
27850,309,1,73,1,1,2,"112",Lost
29333,328,1,55,1,1,2,"112",Lost
20050,363,1,59,1,1,2,"112",Lost
24652,363,1,92,1,1,2,"112",Lost
23077,313,1,7,1,1,1,"111",Lost
17590,333,1,5,1,1,1,"111",Lost
20146,349,1,4,1,1,1,"111",Lost
23498,301,1,5,1,1,1,"111",Lost
12512,313,1,9,1,1,1,"111",Lost
27727,314,1,6,1,1,1,"111",Lost
21114,308,1,5,1,1,1,"111",Lost
28967,344,1,9,1,1,1,"111",Lost
26218,293,1,6,1,1,1,"111",Lost
23623,342,1,4,1,1,1,"111",Lost
15385,291,1,7,1,1,1,"111",Lost
29287,364,1,5,1,1,1,"111",Lost
17369,353,1,7,1,1,1,"111",Lost
14465,356,1,7,1,1,1,"111",Lost
27224,303,1,6,1,1,1,"111",Lost
22772,313,1,5,1,1,1,"111",Lost
27807,347,1,5,1,1,1,"111",Lost
27929,313,1,4,1,1,1,"111",Lost
29230,337,1,5,1,1,1,"111",Lost
15384,301,1,7,1,1,1,"111",Lost
25507,300,1,5,1,1,1,"111",Lost
19515,308,1,6,1,1,1,"111",Lost
22739,351,1,7,1,1,1,"111",Lost
17165,351,1,5,1,1,1,"111",Lost
20962,293,1,6,1,1,1,"111",Lost
24895,333,1,5,1,1,1,"111",Lost
27036,335,1,7,1,1,1,"111",Lost
28274,365,1,5,1,1,1,"111",Lost
14845,348,1,7,1,1,1,"111",Lost
21845,307,1,5,1,1,1,"111",Lost
14901,354,1,7,1,1,1,"111",Lost
17137,343,1,5,1,1,1,"111",Lost
27607,315,1,7,1,1,1,"111",Lost
26693,333,1,7,1,1,1,"111",Lost
25026,337,1,6,1,1,1,"111",Lost
18174,365,1,7,1,1,1,"111",Lost
25513,310,1,7,1,1,1,"111",Lost
12837,354,1,5,1,1,1,"111",Lost
23770,343,1,5,1,1,1,"111",Lost
25672,349,1,7,1,1,1,"111",Lost
23591,307,1,7,1,1,1,"111",Lost
18102,360,1,5,1,1,1,"111",Lost
23676,339,1,5,1,1,1,"111",Lost
17368,356,1,5,1,1,1,"111",Lost
28936,323,1,7,1,1,1,"111",Lost
25547,354,1,4,1,1,1,"111",Lost
28094,343,1,2,1,1,1,"111",Lost
21374,325,1,7,1,1,1,"111",Lost
17104,307,1,5,1,1,1,"111",Lost
22814,312,1,5,1,1,1,"111",Lost
20948,312,1,4,1,1,1,"111",Lost
27788,325,1,6,1,1,1,"111",Lost
19516,312,1,4,1,1,1,"111",Lost
17169,317,1,5,1,1,1,"111",Lost
22554,325,1,5,1,1,1,"111",Lost
19933,312,1,5,1,1,1,"111",Lost
27218,292,1,6,1,1,1,"111",Lost
17526,303,1,5,1,1,1,"111",Lost
23070,361,1,5,1,1,1,"111",Lost
22494,329,1,5,1,1,1,"111",Lost
19463,327,1,5,1,1,1,"111",Lost
21764,312,1,7,1,1,1,"111",Lost
28003,344,1,5,1,1,1,"111",Lost
22059,304,1,7,1,1,1,"111",Lost
18169,310,1,7,1,1,1,"111",Lost
21851,311,1,5,1,1,1,"111",Lost
18552,319,1,5,1,1,1,"111",Lost
28533,361,1,5,1,1,1,"111",Lost
25686,316,1,6,1,1,1,"111",Lost
16003,302,1,5,1,1,1,"111",Lost
16039,346,1,5,1,1,1,"111",Lost
18423,311,1,5,1,1,1,"111",Lost
23910,298,1,6,1,1,1,"111",Lost
15420,334,1,5,1,1,1,"111",Lost
21367,343,1,7,1,1,1,"111",Lost
22380,302,1,5,1,1,1,"111",Lost
28175,340,1,7,1,1,1,"111",Lost
23449,351,1,7,1,1,1,"111",Lost
18111,349,1,5,1,1,1,"111",Lost
26026,329,1,5,1,1,1,"111",Lost
28611,320,1,9,1,1,1,"111",Lost
17663,313,1,7,1,1,1,"111",Lost
15423,326,1,5,1,1,1,"111",Lost
18387,302,1,5,1,1,1,"111",Lost
17111,341,1,5,1,1,1,"111",Lost
26449,309,1,5,1,1,1,"111",Lost
28248,343,1,5,1,1,1,"111",Lost
14654,304,1,7,1,1,1,"111",Lost
22491,356,1,5,1,1,1,"111",Lost
24995,315,1,5,1,1,1,"111",Lost
24894,347,1,5,1,1,1,"111",Lost
24078,297,1,4,1,1,1,"111",Lost
28601,302,1,8,1,1,1,"111",Lost
28127,298,1,5,1,1,1,"111",Lost
14399,293,1,5,1,1,1,"111",Lost
27300,318,1,7,1,1,1,"111",Lost
19873,298,1,7,1,1,1,"111",Lost
29000,344,1,7,1,1,1,"111",Lost
16860,324,1,5,1,1,1,"111",Lost
24181,329,1,6,1,1,1,"111",Lost
14788,333,1,5,1,1,1,"111",Lost
27995,334,1,5,1,1,1,"111",Lost
22559,351,1,5,1,1,1,"111",Lost
29105,291,1,6,1,1,1,"111",Lost
27836,319,1,5,1,1,1,"111",Lost
27040,362,1,7,1,1,1,"111",Lost
14629,329,1,5,1,1,1,"111",Lost
23503,315,1,7,1,1,1,"111",Lost
28266,303,1,5,1,1,1,"111",Lost
22974,313,1,7,1,1,1,"111",Lost
24561,357,1,4,1,1,1,"111",Lost
15940,337,1,7,1,1,1,"111",Lost
17449,324,1,5,1,1,1,"111",Lost
23442,332,1,5,1,1,1,"111",Lost
28005,309,1,7,1,1,1,"111",Lost
27957,305,1,6,1,1,1,"111",Lost
28607,366,1,8,1,1,1,"111",Lost
24064,346,1,5,1,1,1,"111",Lost
24120,311,1,4,1,1,1,"111",Lost
12514,350,1,9,1,1,1,"111",Lost
24109,292,1,5,1,1,1,"111",Lost
16978,324,1,5,1,1,1,"111",Lost
22917,333,1,5,1,1,1,"111",Lost
17649,350,1,4,1,1,1,"111",Lost
15368,299,1,7,1,1,1,"111",Lost
16001,328,1,7,1,1,1,"111",Lost
15161,341,1,7,1,1,1,"111",Lost
15198,357,1,7,1,1,1,"111",Lost
17630,357,1,5,1,1,1,"111",Lost
18053,353,1,7,1,1,1,"111",Lost
15319,366,1,7,1,1,1,"111",Lost
18657,295,1,5,1,1,1,"111",Lost
29290,352,1,5,1,1,1,"111",Lost
27308,298,1,6,1,1,1,"111",Lost
22866,311,1,6,1,1,1,"111",Lost
20942,311,1,4,1,1,1,"111",Lost
27806,345,1,4,1,1,1,"111",Lost
27100,300,1,7,1,1,1,"111",Lost
30078,367,1,1,1,1,1,"111",Lost
20148,320,1,6,1,1,1,"111",Lost
29089,298,1,6,1,1,1,"111",Lost
16992,305,1,5,1,1,1,"111",Lost
22278,320,1,7,1,1,1,"111",Lost
25923,362,1,6,1,1,1,"111",Lost
18123,333,1,5,1,1,1,"111",Lost
25224,303,1,7,1,1,1,"111",Lost
27331,362,1,4,1,1,1,"111",Lost
22019,337,1,7,1,1,1,"111",Lost
24489,292,1,5,1,1,1,"111",Lost
24703,301,1,5,1,1,1,"111",Lost
25783,337,1,5,1,1,1,"111",Lost
17685,363,1,5,1,1,1,"111",Lost
25804,331,1,5,1,1,1,"111",Lost
20178,315,1,4,1,1,1,"111",Lost
15414,355,1,5,1,1,1,"111",Lost
23976,306,1,5,1,1,1,"111",Lost
29130,358,1,7,1,1,1,"111",Lost
17275,326,1,5,1,1,1,"111",Lost
18569,358,1,5,1,1,1,"111",Lost
14644,354,1,7,1,1,1,"111",Lost
19214,328,1,5,1,1,1,"111",Lost
25314,310,1,7,1,1,1,"111",Lost
15406,318,1,7,1,1,1,"111",Lost
24713,337,1,7,1,1,1,"111",Lost
20419,298,1,5,1,1,1,"111",Lost
24763,292,1,5,1,1,1,"111",Lost
16381,336,1,5,1,1,1,"111",Lost
27926,319,1,5,1,1,1,"111",Lost
27375,316,1,6,1,1,1,"111",Lost
25299,299,1,5,1,1,1,"111",Lost
24525,325,1,7,1,1,1,"111",Lost
14909,340,1,5,1,1,1,"111",Lost
28004,290,1,7,1,1,1,"111",Lost
27223,310,1,6,1,1,1,"111",Lost
28604,359,1,8,1,1,1,"111",Lost
28606,325,1,8,1,1,1,"111",Lost
28239,335,1,7,1,1,1,"111",Lost
19327,355,1,5,1,1,1,"111",Lost
24693,293,1,7,1,1,1,"111",Lost
15861,363,1,7,1,1,1,"111",Lost
26706,323,1,7,1,1,1,"111",Lost
28788,367,1,9,1,1,1,"111",Lost
27210,291,1,7,1,1,1,"111",Lost
26488,341,1,5,1,1,1,"111",Lost
24471,304,1,5,1,1,1,"111",Lost
26911,342,1,4,1,1,1,"111",Lost
15443,359,1,7,1,1,1,"111",Lost
18182,296,1,5,1,1,1,"111",Lost
16750,315,1,7,1,1,1,"111",Lost
16115,308,1,7,1,1,1,"111",Lost
24415,354,1,5,1,1,1,"111",Lost
14404,342,1,5,1,1,1,"111",Lost
21868,359,1,5,1,1,1,"111",Lost
18424,328,1,5,1,1,1,"111",Lost
26032,359,1,7,1,1,1,"111",Lost
24544,328,1,6,1,1,1,"111",Lost
17556,300,1,5,1,1,1,"111",Lost
28216,334,1,7,1,1,1,"111",Lost
17431,319,1,5,1,1,1,"111",Lost
12481,328,1,9,1,1,1,"111",Lost
25801,364,1,5,1,1,1,"111",Lost
17488,319,1,5,1,1,1,"111",Lost
28919,334,1,5,1,1,1,"111",Lost
27207,330,1,5,1,1,1,"111",Lost
15476,364,1,7,1,1,1,"111",Lost
15315,297,1,5,1,1,1,"111",Lost
25476,301,1,5,1,1,1,"111",Lost
24567,316,1,6,1,1,1,"111",Lost
12507,294,1,9,1,1,1,"111",Lost
20130,364,1,5,1,1,1,"111",Lost
23600,323,1,6,1,1,1,"111",Lost
14468,353,1,7,1,1,1,"111",Lost
14921,344,1,7,1,1,1,"111",Lost
16384,364,1,7,1,1,1,"111",Lost
25628,302,1,6,1,1,1,"111",Lost
28300,294,1,2,1,1,1,"111",Lost
17014,353,1,5,1,1,1,"111",Lost
20142,364,1,4,1,1,1,"111",Lost
17683,328,1,5,1,1,1,"111",Lost
17339,295,1,5,1,1,1,"111",Lost
